Car ID,Brand,Year,Engine Size,Fuel Type,Transmission,Mileage,Condition,Price,Model
1,LEXUS,2010,3.5,Hybrid,Automatic,115578,Jeep,13328,RX 450
2,CHEVROLET,2011,3.0,Petrol,Tiptronic,119303,Jeep,16621,Equinox
3,HONDA,2006,1.3,Petrol,Variator,124274,Hatchback,8467,FIT
4,FORD,2011,2.5,Hybrid,Automatic,104991,Jeep,3607,Escape
5,HONDA,2014,1.3,Petrol,Automatic,57105,Hatchback,11726,FIT
6,HYUNDAI,2016,2.0,Diesel,Automatic,99998,Jeep,39493,Santa FE
7,TOYOTA,2010,1.8,Hybrid,Automatic,160879,Hatchback,1803,Prius
8,LEXUS,2007,3.5,Petrol,Automatic,79846,Jeep,26657,RX 350
9,OPEL,1997,1.6,CNG,Manual,217480,Goods wagon,3000,Vectra
10,LEXUS,2013,3.5,Hybrid,Automatic,85773,Jeep,1019,RX 450
11,HYUNDAI,2016,2.0,Diesel,Automatic,47224,Jeep,59464,Santa FE
12,HYUNDAI,2016,1.8,Petrol,Automatic,75708,Sedan,7683,Elantra
13,HYUNDAI,2016,1.8,Petrol,Automatic,33751,Sedan,28382,Elantra
14,HYUNDAI,2012,1.6,Petrol,Automatic,69994,Sedan,18826,Elantra
15,TOYOTA,2012,1.8,Plug-in Hybrid,Automatic,116196,Sedan,20698,Prius
16,TOYOTA,2017,2.5,Petrol,Automatic,24674,Sedan,17562,Camry
17,FORD,2001,2.0,Diesel,Manual,142915,Microbus,7840,Transit
18,MERCEDES-BENZ,2006,2.2,Diesel,Tiptronic,130488,Sedan,20385,E 220
19,HYUNDAI,2011,1.6,Petrol,Automatic,98666,Sedan,14454,Elantra
20,MERCEDES-BENZ,2007,2.0,Diesel,Manual,111847,Goods wagon,15681,Vito
21,PORSCHE,2014,3.0,Diesel,Automatic,108775,Jeep,19444,Cayenne
22,BMW,2000,4.4,CNG,Automatic,124274,Jeep,6899,X5
23,JEEP,2007,3.0,Diesel,Tiptronic,155343,Jeep,24462,Grand Cherokee
24,HYUNDAI,2011,2.0,Diesel,Automatic,100662,Jeep,23235,Santa FE
25,TOYOTA,2019,2.0,Petrol,Tiptronic,6338,Jeep,51746,CHR Limited
26,HONDA,2010,1.3,Hybrid,Automatic,98177,Hatchback,7527,FIT
27,HYUNDAI,2012,1.6,Petrol,Automatic,64306,Sedan,19121,Elantra
28,TOYOTA,2013,2.4,Petrol,Automatic,126263,Sedan,24462,Camry
29,HYUNDAI,2016,2.5,Diesel,Automatic,37939,Universal,45734,H1
30,VOLKSWAGEN,2016,1.4,Petrol,Tiptronic,6959,Sedan,20165,Jetta
31,HYUNDAI,2014,2.4,Hybrid,Tiptronic,87613,Sedan,21326,Sonata
32,TOYOTA,2012,1.5,Hybrid,Variator,79535,Hatchback,15681,Prius C
33,HYUNDAI,2017,2.0,Diesel,Automatic,62593,Jeep,55390,Santa FE
34,TOYOTA,2012,1.5,Hybrid,Automatic,87924,Hatchback,12544,Aqua
35,FORD,2008,2.3,Hybrid,Variator,91342,Jeep,17249,Escape Hybrid
36,HONDA,2016,2.0,Petrol,Automatic,54536,Sedan,34889,Civic
37,RENAULT,2008,1.5,Diesel,Manual,82358,Sedan,14583,Megane 1.5CDI
38,AUDI,2014,2.0,Petrol,Tiptronic,54059,Jeep,38500,Q5
39,MERCEDES-BENZ,2001,2.0,Petrol,Manual,161556,Coupe,8781,C 180
40,NISSAN,2015,1.6,Petrol,Automatic,54129,Jeep,1411,Juke
41,CHEVROLET,2018,1.4,Petrol,Automatic,13670,Sedan,23521,Cruze LT
42,FORD,2013,1.6,Petrol,Tiptronic,51574,Sedan,16935,Fusion
43,TOYOTA,2007,2.4,Petrol,Automatic,105633,Minivan,10349,VOXY
44,NISSAN,2013,1.6,Petrol,Automatic,193941,Jeep,7213,Juke
45,MERCEDES-BENZ,2004,1.6,Petrol,Tiptronic,80778,Sedan,5331,A 160
46,HYUNDAI,2013,2.0,Diesel,Automatic,124448,Jeep,20526,Tucson
47,HYUNDAI,2014,2.5,Diesel,Automatic,96109,Minivan,34657,H1
48,HYUNDAI,2016,2.5,Diesel,Automatic,68953,Minivan,36564,H1
49,TOYOTA,2001,1.5,Petrol,Manual,130488,Hatchback,5488,Vitz
50,HYUNDAI,2015,2.5,Diesel,Automatic,92028,Universal,30063,H1
51,CHEVROLET,2011,2.2,Diesel,Automatic,158733,Jeep,15800,Captiva
52,HYUNDAI,2017,2.5,Diesel,Automatic,69372,Universal,43952,H1
53,HYUNDAI,2016,2.0,Diesel,Automatic,52510,Jeep,53154,Santa FE
54,TOYOTA,2011,1.8,Hybrid,Automatic,178955,Hatchback,14740,Prius
55,FORD,2016,2.3,Petrol,Tiptronic,46603,Cabriolet,42337,Mustang
56,MERCEDES-BENZ,2014,3.5,Petrol,Automatic,58634,Jeep,3763,ML 350
57,TOYOTA,2012,1.8,Petrol,Automatic,108740,Sedan,18189,Prius
58,TOYOTA,2010,3.3,Hybrid,Automatic,164587,Jeep,5645,Highlander
59,TOYOTA,2019,1.5,Petrol,Automatic,17185,Sedan,7527,Yaris
60,HONDA,2014,1.4,Hybrid,Automatic,9942,Sedan,21953,Civic
61,TOYOTA,2012,2.5,Petrol,Automatic,121200,Sedan,21953,Camry
62,HYUNDAI,2012,1.6,Petrol,Automatic,75411,Sedan,19121,Elantra
63,HYUNDAI,2014,2.0,Diesel,Automatic,42993,Jeep,36065,Santa FE
64,HONDA,2012,1.3,Hybrid,Tiptronic,51574,Hatchback,8781,FIT
65,CHEVROLET,2010,1.8,Petrol,Automatic,25335,Sedan,6247,Cruze
66,CHEVROLET,2012,2.0,Diesel,Automatic,106876,Jeep,16289,Orlando
67,DAEWOO,2008,2.0,Petrol,Automatic,64154,Sedan,6981,Lacetti
68,HYUNDAI,2016,2.0,Petrol,Tiptronic,65489,Sedan,27284,Elantra
69,BMW,2013,2.0,Petrol,Automatic,99419,Coupe,32929,428 Sport Line
70,MERCEDES-BENZ,2004,3.2,Petrol,Tiptronic,132973,Sedan,15053,E 320
71,HYUNDAI,2009,2.0,Petrol,Automatic,76644,Coupe,15458,Genesis
72,CHEVROLET,2014,1.4,Petrol,Automatic,50224,Sedan,2901,Cruze
73,LEXUS,2010,4.6,Petrol,Automatic,171026,Jeep,15681,GX 460
74,MERCEDES-BENZ,2004,2.2,Diesel,Manual,186411,Microbus,26657,Sprinter
75,TOYOTA,2007,1.5,Petrol,Automatic,197845,Hatchback,10663,Prius
76,FORD,2015,2.0,Petrol,Automatic,56669,Sedan,12858,Focus SE
77,BMW,2013,3.0,Diesel,Automatic,85626,Jeep,1019,X5
78,KIA,2016,1.2,Petrol,Manual,66487,Hatchback,12858,Picanto
79,BMW,2008,3.0,CNG,Tiptronic,130741,Sedan,15000,328
80,HYUNDAI,2016,2.5,Diesel,Automatic,53438,Universal,44752,H1
81,HYUNDAI,2010,1.6,Petrol,Automatic,76267,Sedan,17158,Elantra
82,MITSUBISHI,2005,2.4,LPG,Tiptronic,89477,Jeep,12231,Airtrek
83,MITSUBISHI,1997,1.3,Petrol,Manual,62137,Sedan,1254,Lancer
84,SSANGYONG,2013,2.0,Diesel,Automatic,53254,Jeep,25591,Korando
85,HYUNDAI,2010,2.0,Diesel,Automatic,36637,Jeep,14897,Santa FE
86,TOYOTA,2013,2.5,Hybrid,Tiptronic,55923,Sedan,23521,Camry
87,TOYOTA,2009,3.3,Hybrid,Automatic,197818,Sedan,1019,Highlander
88,FORD,2015,2.0,Petrol,Automatic,44399,Sedan,16935,Fusion
89,HYUNDAI,2014,2.0,LPG,Automatic,215286,Sedan,11604,Sonata
90,HYUNDAI,2016,2.0,Diesel,Automatic,36981,Jeep,51965,Santa FE
91,MERCEDES-BENZ,1999,2.2,Diesel,Manual,69041,Sedan,9408,C 220
92,HYUNDAI,2008,2.5,Diesel,Automatic,46257,Minivan,13328,H1
93,NISSAN,2012,2.0,Petrol,Tiptronic,88856,Minivan,17876,Serena
94,TOYOTA,2008,2.4,Petrol,Automatic,83885,Jeep,20071,RAV 4
95,HYUNDAI,2011,2.5,Diesel,Automatic,77326,Minivan,22894,H1
96,HONDA,2012,1.5,Hybrid,Automatic,90971,Sedan,2901,Civic
97,MITSUBISHI,1997,2.4,Petrol,Automatic,88235,Jeep,15681,Pajero
98,LEXUS,2010,4.6,Petrol,Automatic,96823,Jeep,39829,GX 460
99,HYUNDAI,2013,2.4,Petrol,Tiptronic,80778,Sedan,18660,Sonata
100,MERCEDES-BENZ,2017,2.0,Petrol,Automatic,31646,Sedan,22580,E 300
101,HYUNDAI,2014,2.0,LPG,Automatic,164584,Sedan,11604,Sonata
102,GMC,2013,2.4,Petrol,Automatic,86344,Jeep,5488,TERRAIN
103,TOYOTA,2018,2.5,Hybrid,Automatic,21784,Sedan,18817,Camry
104,HONDA,2015,1.8,Petrol,Automatic,20710,Jeep,21169,Hr-v EX
105,FIAT,2011,1.2,Petrol,Automatic,87613,Coupe,9095,500
106,VOLKSWAGEN,2014,2.0,Diesel,Automatic,51196,Sedan,1568,Jetta
107,SUBARU,2005,2.0,Petrol,Tiptronic,111847,Goods wagon,3136,Legacy
108,HYUNDAI,2013,1.8,Petrol,Tiptronic,73272,Sedan,17876,Elantra sport limited
109,HYUNDAI,2016,2.0,LPG,Automatic,173852,Sedan,11290,Sonata
110,TOYOTA,2010,3.5,Petrol,Tiptronic,141175,Minivan,36065,Sienna
111,HYUNDAI,2012,2.5,Diesel,Automatic,103237,Universal,21395,H1
112,HYUNDAI,2016,2.0,LPG,Automatic,160752,Sedan,15681,Sonata
113,TOYOTA,2016,1.5,Petrol,Automatic,16036,Hatchback,40070,Aqua
114,MERCEDES-BENZ,2008,1.7,Petrol,Automatic,111847,Hatchback,11917,A 170
115,SSANGYONG,2013,2.0,Diesel,Automatic,85294,Jeep,35927,REXTON
116,TOYOTA,2014,1.8,Hybrid,Automatic,99419,Sedan,21012,Prius
117,TOYOTA,2018,3.5,Petrol,Automatic,16999,Sedan,21012,Tacoma
118,KIA,2009,2.9,Diesel,Automatic,52305,Minivan,13172,Carnival grand
119,HYUNDAI,2011,2.0,Petrol,Automatic,66490,Coupe,15624,Genesis
120,OPEL,1997,1.6,Petrol,Manual,9321,Sedan,4547,Vectra
121,INFINITI,2015,3.5,Petrol,Automatic,77146,Jeep,5488,QX60
122,HYUNDAI,2012,1.6,Petrol,Automatic,65242,Sedan,20005,Elantra
123,VOLKSWAGEN,2017,1.8,Petrol,Tiptronic,17229,Sedan,36110,Passat
124,HYUNDAI,2016,2.0,Diesel,Automatic,70650,Jeep,43880,Santa FE
125,MERCEDES-BENZ,2014,1.8,Petrol,Tiptronic,42875,Sedan,29479,C 250
126,TOYOTA,2011,2.5,Hybrid,Variator,94448,Sedan,17249,Camry
127,TOYOTA,2003,1.5,Petrol,Automatic,113044,Universal,9408,Vitz funkargo
128,HYUNDAI,2016,2.0,Diesel,Automatic,31227,Jeep,44213,Santa FE
129,BMW,2001,2.5,Petrol,Manual,157083,Sedan,8467,325
130,FORD,2011,2.4,Diesel,Manual,77671,Goods wagon,21950,Transit
131,CHEVROLET,2014,1.4,Petrol,Automatic,97550,Sedan,3136,Cruze
132,MITSUBISHI,1998,3.5,Petrol,Tiptronic,6835,Jeep,9408,Pajero
133,NISSAN,2010,4.0,LPG,Tiptronic,56048,Jeep,31500,Pathfinder
134,MITSUBISHI,2005,3.0,Petrol,Automatic,114332,Minivan,20385,Delica
135,MERCEDES-BENZ,2004,1.9,LPG,Tiptronic,105633,Universal,7840,Vaneo
136,TOYOTA,2018,2.5,Petrol,Tiptronic,15534,Sedan,56450,Camry Se
137,VOLKSWAGEN,2014,2.0,Diesel,Automatic,70348,Universal,1490,Jetta
138,HONDA,2002,2.4,Petrol,Automatic,161556,Jeep,13172,Cr-v
139,AUDI,2013,3.0,Petrol,Automatic,187472,Hatchback,4704,A7
140,MERCEDES-BENZ,2013,3.5,Diesel,Automatic,66984,Sedan,5802,E 350
141,TOYOTA,2014,2.5,Petrol,Automatic,71582,Sedan,25716,Camry
142,CHEVROLET,2012,2.0,LPG,Automatic,82043,Jeep,14426,Orlando
143,TOYOTA,2001,2.0,Petrol,Automatic,56545,Jeep,10820,RAV 4
144,FORD,2011,3.5,Petrol,Automatic,80267,Jeep,45436,Explorer
145,HYUNDAI,2008,1.6,Diesel,Manual,124896,Hatchback,11917,I30
146,HYUNDAI,2015,2.0,Diesel,Automatic,115458,Jeep,41281,Santa FE
147,NISSAN,1998,2.4,Petrol,Manual,222699,Sedan,4391,Altima
148,PORSCHE,2018,3.6,Petrol,Automatic,18000,Sedan,3058,Cayenne
149,ALFA ROMEO,2001,1.8,Petrol,Manual,149129,Coupe,3700,147
150,SUZUKI,2008,1.6,Petrol,Automatic,60894,Jeep,15681,Grand Vitara
151,LEXUS,2011,1.8,Hybrid,Automatic,75995,Hatchback,6586,CT 200h
152,TOYOTA,2007,1.5,Hybrid,Automatic,86992,Hatchback,12544,Prius
153,HYUNDAI,2014,2.0,Diesel,Automatic,74565,Jeep,30063,Tucson
154,HYUNDAI,2015,1.6,Petrol,Tiptronic,10688,Hatchback,21639,Veloster
155,TOYOTA,2013,2.5,Petrol,Tiptronic,74565,Jeep,36692,RAV 4 XLE Sport
156,TOYOTA,2014,1.5,Hybrid,Variator,41010,Hatchback,12231,Aqua
157,TOYOTA,2004,1.5,Petrol,Variator,186411,Sedan,3136,Sienta
158,TOYOTA,2009,1.8,Hybrid,Variator,142915,Sedan,10663,Prius
159,HONDA,2013,1.3,Petrol,Automatic,68641,Hatchback,5620,FIT
160,HONDA,2012,1.3,Hybrid,Variator,39768,Hatchback,9408,FIT
161,VOLKSWAGEN,2013,2.0,Diesel,Tiptronic,111350,Sedan,15367,Passat
162,HYUNDAI,2014,2.5,Diesel,Automatic,111796,Minivan,26594,H1
163,TOYOTA,2013,2.5,Hybrid,Tiptronic,57290,Sedan,36065,Avalon LIMITED
164,KIA,2016,1.6,Diesel,Tiptronic,18020,Sedan,26343,Cerato K3
165,LEXUS,2010,4.6,Petrol,Automatic,221982,Jeep,40142,GX 470
166,HYUNDAI,2013,1.8,Petrol,Tiptronic,31069,Sedan,14000,Elantra
167,CHEVROLET,2014,1.4,Petrol,Automatic,79437,Sedan,17923,Cruze
168,HYUNDAI,2017,1.6,Petrol,Automatic,24975,Jeep,54518,Tucson
169,OPEL,2003,1.6,Petrol,Manual,111847,Hatchback,10349,Astra G
170,TOYOTA,2002,1.3,Petrol,Automatic,71458,Hatchback,8154,Ist
171,VOLKSWAGEN,2013,2.0,Diesel,Automatic,82214,Sedan,7527,Passat
172,TOYOTA,2017,2.5,Petrol,Automatic,37756,Sedan,3450,Camry
173,HYUNDAI,2010,2.0,Diesel,Automatic,88399,Jeep,22063,Tucson
174,HONDA,2012,1.5,Hybrid,Automatic,90971,Sedan,2901,Civic
175,TOYOTA,2013,1.8,Petrol,Automatic,141282,Sedan,4704,Corolla
176,VOLKSWAGEN,2002,2.8,Petrol,Manual,108740,Sedan,5331,Passat
177,HONDA,2013,1.5,Petrol,Automatic,43496,Hatchback,16900,FIT
178,NISSAN,2010,2.5,Petrol,Automatic,75807,Jeep,18189,Rogue
179,MAZDA,2000,2.5,Petrol,Automatic,78914,Minivan,5331,MPV
180,MERCEDES-BENZ,2017,2.0,Petrol,Automatic,27959,Jeep,42651,GLA 250
181,TOYOTA,2012,1.8,Hybrid,Automatic,76009,Hatchback,15524,Prius
182,BMW,2007,3.0,Petrol,Tiptronic,69041,Sedan,17249,530
183,HYUNDAI,2017,1.6,Diesel,Automatic,60894,Sedan,28909,Elantra
184,HYUNDAI,2014,2.0,LPG,Automatic,105027,Sedan,14426,Sonata
185,VOLKSWAGEN,2011,1.4,Petrol,Automatic,78293,Minivan,9000,Sharan
186,MERCEDES-BENZ,2014,3.5,Diesel,Automatic,124385,Sedan,30734,E 350
187,TOYOTA,2013,2.5,Petrol,Automatic,97348,Sedan,22580,Camry
188,HONDA,2014,1.3,Hybrid,Automatic,71427,Hatchback,7464,FIT
189,FORD,2016,2.5,Petrol,Automatic,96219,Sedan,1333,Fusion
190,HYUNDAI,2019,1.6,Diesel,Automatic,8078,Jeep,59865,Tucson
191,TOYOTA,2017,2.7,Petrol,Automatic,58572,Jeep,49237,Tacoma
192,NISSAN,2006,1.8,CNG,Variator,124274,Sedan,7683,Tiida
193,FORD,2013,1.6,Petrol,Automatic,53127,Sedan,22266,Fusion
194,MERCEDES-BENZ,2008,3.0,Diesel,Automatic,109121,Sedan,2430,E 350
195,SSANGYONG,2017,1.6,Diesel,Automatic,45360,Jeep,39161,Actyon
196,FORD,2008,2.2,Diesel,Manual,111847,Microbus,16308,Transit
197,TOYOTA,2009,2.4,Hybrid,Tiptronic,57166,Sedan,17719,Camry
198,LEXUS,2011,4.6,Petrol,Automatic,99505,Jeep,43278,GX 460
199,CHEVROLET,2017,1.4,Petrol,Tiptronic,26098,Sedan,20385,Cruze
200,HYUNDAI,2019,2.0,Diesel,Automatic,29826,Jeep,49858,Tucson
201,NISSAN,1998,3.2,Diesel,Automatic,142915,Minivan,8781,Elgrand
202,HYUNDAI,2017,2.0,Diesel,Automatic,25352,Jeep,51075,Tucson
203,HYUNDAI,2011,2.0,Petrol,Automatic,73006,Coupe,15241,Genesis
204,FORD,2015,2.0,Hybrid,Automatic,55175,Sedan,2587,Fusion
205,HYUNDAI,2008,2.5,Diesel,Automatic,35275,Minivan,15524,H1
206,MERCEDES-BENZ,2014,1.8,Petrol,Tiptronic,43496,Sedan,27911,C 250
207,TOYOTA,2013,2.5,Hybrid,Automatic,85041,Sedan,4861,Camry
208,MERCEDES-BENZ,2005,3.5,Petrol,Automatic,163421,Sedan,29793,S 350
209,HYUNDAI,2012,1.6,Petrol,Automatic,59443,Sedan,18208,Elantra
210,TOYOTA,2013,2.5,Petrol,Tiptronic,40607,Jeep,34497,RAV 4 Le
211,OPEL,2000,1.8,Petrol,Manual,80778,Goods wagon,6272,Zafira
212,CHEVROLET,2007,2.0,Diesel,Automatic,114284,Jeep,4924,Captiva
213,OPEL,2000,2.0,Diesel,Manual,6904,Hatchback,4704,Vectra b
214,HYUNDAI,2016,2.5,Diesel,Automatic,60353,Universal,43576,H1
215,MERCEDES-BENZ,2001,2.0,CNG,Manual,86992,Sedan,7840,C 200
216,TOYOTA,2018,2.0,Petrol,Automatic,14913,Jeep,28225,CHR
217,MAZDA,1998,1.5,Petrol,Manual,186411,Hatchback,2352,323
218,CHEVROLET,2017,1.4,Petrol,Automatic,18078,Hatchback,18817,Cruze
219,FORD,2015,2.0,Hybrid,Automatic,92403,Sedan,4861,Fusion
220,LEXUS,2010,3.5,Hybrid,Automatic,115578,Jeep,13172,RX 450
221,MERCEDES-BENZ,2013,3.5,Petrol,Tiptronic,97431,Sedan,37320,E 350 ამგ
222,TOYOTA,2015,2.5,Hybrid,Automatic,21748,Sedan,39201,Camry
223,HYUNDAI,2018,1.6,LPG,Automatic,22148,Sedan,36426,Elantra
224,HONDA,2006,1.8,Petrol,Manual,155343,Hatchback,8467,Civic
225,MERCEDES-BENZ,2000,3.2,Petrol,Tiptronic,158450,Coupe,7840,CLK 320
226,HONDA,2015,2.4,Petrol,Automatic,72799,Jeep,12701,Cr-v
227,SUBARU,2012,2.5,Petrol,Automatic,175015,Jeep,8154,Forester
228,TOYOTA,2015,2.5,Hybrid,Tiptronic,39547,Sedan,46414,Avalon
229,MERCEDES-BENZ,2015,2.1,Diesel,Automatic,122620,Jeep,45160,ML 250
230,MITSUBISHI,2014,2.0,Petrol,Automatic,84900,Hatchback,1176,Colt Lancer
231,HYUNDAI,2013,1.8,Petrol,Manual,47846,Coupe,12231,Elantra
232,TOYOTA,2007,1.5,Hybrid,Variator,86992,Hatchback,5802,Prius
233,HYUNDAI,2018,2.4,Petrol,Automatic,28269,Sedan,2901,Sonata
234,TOYOTA,2017,1.8,Hybrid,Automatic,29622,Sedan,1882,Prius
235,NISSAN,2010,4.0,Petrol,Automatic,67792,Sedan,22894,Pathfinder
236,HONDA,2013,1.3,Hybrid,Automatic,90099,Sedan,11290,FIT
237,BMW,1997,1.8,LPG,Manual,167770,Sedan,6586,318
238,TOYOTA,2006,2.4,Hybrid,Variator,117315,Sedan,14426,Camry
239,MITSUBISHI,2016,2.4,Petrol,Variator,24233,Jeep,36065,Outlander
240,TOYOTA,2014,2.5,Petrol,Tiptronic,32311,Sedan,27284,Camry SE
241,SUBARU,2016,2.5,Petrol,Variator,21127,Jeep,21639,Forester
242,HYUNDAI,2009,1.6,Petrol,Automatic,86992,Hatchback,7840,I30
243,MERCEDES-BENZ,1998,2.0,CNG,Manual,111849,Sedan,7840,E 200
244,MERCEDES-BENZ,2016,3.0,Petrol,Automatic,36722,Jeep,1646,GLE 350
245,HYUNDAI,2013,2.0,Diesel,Automatic,77050,Jeep,24198,Tucson
246,HONDA,2013,1.5,Petrol,Automatic,21550,Hatchback,25365,FIT
247,CHEVROLET,2014,2.5,Petrol,Automatic,192663,Sedan,1725,Malibu
248,TOYOTA,2012,1.8,Hybrid,Automatic,13919,Sedan,17249,Prius
249,HYUNDAI,2014,2.0,Petrol,Tiptronic,38525,Sedan,31361,Sonata
250,HYUNDAI,2007,1.6,Diesel,Automatic,33727,Sedan,4704,Elantra
251,CHEVROLET,2011,1.8,Petrol,Automatic,84357,Sedan,12720,Cruze
252,HYUNDAI,2013,2.0,Diesel,Automatic,74896,Jeep,26372,Tucson
253,BMW,2003,3.0,LPG,Tiptronic,117439,Jeep,13485,X5
254,HYUNDAI,2014,1.6,Petrol,Automatic,86992,Sedan,25591,Elantra
255,MERCEDES-BENZ,2010,3.0,Petrol,Automatic,67429,Sedan,6429,C 300
256,LEXUS,2010,4.6,Petrol,Automatic,96823,Jeep,39829,GX 460
257,DAEWOO,2009,1.6,Petrol,Automatic,80778,Sedan,8097,Lacetti
258,HYUNDAI,2012,2.0,Hybrid,Automatic,174282,Sedan,18503,Sonata
259,HONDA,2010,1.3,Hybrid,Variator,93206,Sedan,12231,Insight
260,HYUNDAI,2011,2.5,Diesel,Automatic,147795,Universal,17054,H1
261,HONDA,2001,2.0,Petrol,Automatic,68972,Universal,5300,Stream
262,HYUNDAI,2015,2.0,LPG,Automatic,26098,Sedan,9565,Sonata
263,CHEVROLET,2015,2.0,Diesel,Automatic,37666,Sedan,24302,Malibu
264,TOYOTA,2009,2.4,Petrol,Automatic,143164,Sedan,18817,Camry
265,NISSAN,2014,2.5,Petrol,Automatic,79485,Sedan,1960,Altima
266,HYUNDAI,2016,2.4,Petrol,Tiptronic,47846,Sedan,17249,Sonata
267,HYUNDAI,2016,2.0,LPG,Automatic,173994,Sedan,15530,Sonata
268,HYUNDAI,2016,2.0,LPG,Automatic,168313,Sedan,11290,Sonata
269,TOYOTA,2013,1.8,Hybrid,Automatic,73322,Hatchback,24148,Prius
270,HYUNDAI,2014,2.0,LPG,Automatic,225476,Sedan,10036,Sonata
271,HYUNDAI,2015,1.8,Petrol,Tiptronic,52817,Sedan,18817,Elantra
272,LEXUS,2014,1.8,Hybrid,Automatic,82371,Hatchback,10349,CT 200h
273,HYUNDAI,2018,1.7,Diesel,Automatic,23971,Jeep,55823,Tucson
274,TOYOTA,2013,2.5,Petrol,Tiptronic,82518,Sedan,25089,Camry
275,HYUNDAI,2011,2.5,Diesel,Automatic,32738,Minivan,18669,H1
276,FORD,2001,2.4,Diesel,Manual,157335,Microbus,15053,Transit
277,HONDA,2014,1.5,Hybrid,Automatic,47550,Hatchback,10660,FIT
278,HYUNDAI,2016,2.0,Diesel,Automatic,49710,Jeep,37000,Tucson
279,SSANGYONG,2011,2.0,Diesel,Automatic,115831,Jeep,18826,REXTON
280,MERCEDES-BENZ,2011,3.5,Diesel,Automatic,143348,Sedan,14583,E 350
281,MERCEDES-BENZ,2007,2.2,Diesel,Manual,177091,Minivan,21012,Vito
282,MITSUBISHI,2011,0.7,Petrol,Automatic,57166,Hatchback,5645,I
283,SSANGYONG,2010,2.0,Diesel,Automatic,74565,Jeep,18826,Actyon
284,HYUNDAI,2011,2.0,Diesel,Automatic,88235,Jeep,22649,Tucson
285,HYUNDAI,2011,2.5,Diesel,Automatic,26355,Minivan,16590,H1
286,TOYOTA,2014,2.5,Hybrid,Automatic,31690,Sedan,31988,Camry
287,DAEWOO,2009,2.0,Petrol,Automatic,12427,Sedan,8624,Lacetti
288,TOYOTA,2015,2.5,Hybrid,Variator,55302,Sedan,21012,Camry
289,HONDA,2014,1.5,Hybrid,Automatic,70836,Hatchback,10663,FIT
290,VOLKSWAGEN,2006,2.0,Petrol,Manual,100041,Hatchback,13485,GTI
291,MITSUBISHI,2003,1.3,Petrol,Variator,150116,Hatchback,5331,Colt
292,OPEL,2000,1.8,Petrol,Manual,161556,Minivan,7370,Zafira
293,FORD,2003,2.0,Diesel,Manual,121167,Microbus,11900,Transit
294,VOLKSWAGEN,2015,1.8,Petrol,Tiptronic,34175,Sedan,17249,Jetta
295,MITSUBISHI,2006,0.7,Petrol,Manual,195110,Jeep,4391,Pajero Mini
296,FORD,2013,2.0,Hybrid,Tiptronic,74565,Hatchback,17876,C-MAX
297,HONDA,2010,1.3,Hybrid,Tiptronic,97555,Hatchback,11604,FIT
298,TOYOTA,2017,2.5,Petrol,Tiptronic,47224,Jeep,40769,RAV 4 s p o r t
299,LEXUS,2008,3.5,Hybrid,Automatic,152069,Jeep,7997,RX 400
300,VOLKSWAGEN,2011,2.5,Petrol,Automatic,97431,Sedan,14113,Jetta
301,HONDA,2011,1.3,Hybrid,Automatic,116818,Hatchback,11917,FIT
302,HYUNDAI,2013,2.0,Petrol,Automatic,101009,Sedan,12777,Sonata
303,TOYOTA,2013,1.5,Hybrid,Automatic,80778,Hatchback,18817,Prius C
304,TOYOTA,2012,2.5,Hybrid,Variator,51574,Sedan,23521,Camry
305,AUDI,2010,3.2,Petrol,Tiptronic,93454,Jeep,22580,Q5
306,TOYOTA,2011,1.8,Hybrid,Automatic,176891,Hatchback,12544,Prius
307,CHEVROLET,2014,1.4,Petrol,Tiptronic,75186,Sedan,9722,Cruze
308,HYUNDAI,2011,2.4,Hybrid,Automatic,139404,Sedan,3450,Sonata
309,TOYOTA,2014,1.8,Hybrid,Automatic,163664,Hatchback,1882,Prius
310,FORD,2007,2.2,Diesel,Manual,173984,Microbus,15991,Transit
311,TOYOTA,2014,2.5,Hybrid,Automatic,111462,Sedan,11133,Camry
312,MERCEDES-BENZ,2012,3.5,Petrol,Automatic,82642,Sedan,34184,E 350
313,CHEVROLET,2018,1.4,Petrol,Automatic,15723,Sedan,21169,Cruze
314,CHEVROLET,2008,2.0,Diesel,Automatic,44419,Jeep,7495,Captiva
315,LEXUS,2011,1.8,Hybrid,Automatic,59397,Hatchback,4861,CT 200h
316,HYUNDAI,2015,2.0,LPG,Automatic,44968,Sedan,13485,Sonata
317,HYUNDAI,2012,1.6,Petrol,Automatic,91788,Sedan,20005,Elantra
318,SUBARU,2003,2.5,Petrol,Tiptronic,621,Goods wagon,3000,Outback
319,TOYOTA,2007,2.4,Hybrid,Variator,124274,Sedan,11917,Camry
320,MERCEDES-BENZ,1998,2.0,CNG,Manual,111849,Sedan,7840,E 200
321,CHEVROLET,2010,1.8,Petrol,Automatic,94630,Sedan,12570,Lacetti
322,TOYOTA,2015,1.5,Petrol,Automatic,85345,Hatchback,14009,Aqua
323,MERCEDES-BENZ,2016,2.0,Petrol,Automatic,68074,Jeep,8311,GLA 250
324,TOYOTA,2014,1.8,Petrol,Automatic,24855,Sedan,23521,Corolla
325,FORD,2016,2.0,Petrol,Tiptronic,40389,Sedan,25716,Fusion Titanium
326,HYUNDAI,2017,1.6,LPG,Automatic,20201,Sedan,21730,Elantra
327,HYUNDAI,2011,2.0,Petrol,Automatic,95474,Coupe,19369,Genesis
328,SUZUKI,2000,1.3,Petrol,Manual,77671,Jeep,12544,Jimny
329,HYUNDAI,2012,2.0,Diesel,Automatic,99419,Jeep,25299,Tucson
330,CHEVROLET,2018,1.6,Diesel,Automatic,17718,Sedan,7213,Cruze
331,CHEVROLET,2012,1.6,Petrol,Automatic,58982,Hatchback,6899,Aveo
332,BMW,2011,4.4,Petrol,Automatic,91762,Jeep,8154,X6
333,TOYOTA,2011,1.8,Hybrid,Tiptronic,99419,Sedan,18817,Prius
334,HYUNDAI,2019,2.0,Diesel,Automatic,756,Jeep,61499,Tucson
335,TOYOTA,2010,1.8,Hybrid,Automatic,159071,Sedan,17249,Prius
336,TOYOTA,2013,1.5,Hybrid,Automatic,85128,Hatchback,9879,Aqua S
337,TOYOTA,2011,1.8,Hybrid,Automatic,87613,Hatchback,17249,Prius
338,HYUNDAI,2017,2.0,Petrol,Automatic,36297,Sedan,51225,Sonata
339,HYUNDAI,2015,2.0,Diesel,Automatic,58132,Jeep,49798,Santa FE
340,HYUNDAI,2013,1.8,Petrol,Tiptronic,40265,Sedan,17249,Elantra
341,FORD,2014,2.0,Petrol,Tiptronic,78914,Jeep,29166,Escape
342,OPEL,2006,1.3,Diesel,Manual,16777,Goods wagon,11604,Astra
343,HONDA,2014,1.3,Hybrid,Automatic,93187,Hatchback,2274,Insight
344,VOLKSWAGEN,2015,1.8,Petrol,Automatic,63628,Sedan,19444,Jetta
345,MERCEDES-BENZ,2017,3.5,Petrol,Automatic,24739,Jeep,43592,GLE 350
346,TOYOTA,2009,1.8,Hybrid,Variator,108119,Hatchback,15367,Prius
347,TOYOTA,2013,3.5,Petrol,Automatic,78047,Jeep,4861,Highlander
348,HONDA,2013,1.3,Hybrid,Automatic,93206,Universal,14113,Shuttle
349,CHEVROLET,2012,2.0,Diesel,Automatic,142027,Jeep,13564,Orlando
350,FORD,2012,2.0,Hybrid,Automatic,79663,Hatchback,17876,C-MAX
351,MERCEDES-BENZ,2002,2.4,Petrol,Tiptronic,1243,Sedan,10349,C 240
352,SUBARU,2008,3.0,Petrol,Tiptronic,85749,Sedan,15000,Legacy
353,MERCEDES-BENZ,2004,3.2,Petrol,Tiptronic,127692,Sedan,12544,E 320
354,BMW,1996,1.8,Petrol,Manual,621,Sedan,5600,318
355,BMW,2012,3.0,Diesel,Automatic,142894,Jeep,14583,X5
356,HYUNDAI,2017,2.5,Diesel,Automatic,85128,Universal,36827,H1
357,TOYOTA,2011,3.5,Hybrid,Automatic,228704,Sedan,21639,Highlander
358,NISSAN,2003,3.5,LPG,Tiptronic,96313,Minivan,14113,Elgrand
359,SSANGYONG,2016,1.6,Diesel,Automatic,36830,Jeep,40340,Actyon
360,HONDA,2012,1.5,Petrol,Tiptronic,134216,Hatchback,10976,FIT
361,MERCEDES-BENZ,2012,3.0,Petrol,Tiptronic,53438,Sedan,25089,C 300
362,HYUNDAI,2011,2.0,Diesel,Automatic,88959,Jeep,18688,Santa FE
363,HYUNDAI,2015,1.6,Petrol,Automatic,42404,Sedan,28830,Elantra
364,FORD,2012,2.2,Diesel,Manual,87613,Microbus,23834,Transit
365,MERCEDES-BENZ,2011,3.5,Diesel,Automatic,74179,Sedan,16621,E 350
366,FORD,2014,2.0,Hybrid,Automatic,169013,Hatchback,16000,C-MAX
367,HYUNDAI,2013,1.6,Petrol,Automatic,19692,Sedan,11917,Elantra
368,BMW,2011,3.0,Petrol,Tiptronic,74565,Sedan,13485,328 Xdrive
369,FORD,2014,3.7,LPG,Automatic,180198,Sedan,15367,Taurus
370,HYUNDAI,2011,1.6,Petrol,Manual,45733,Hatchback,15994,Veloster
371,CHEVROLET,2012,2.0,Diesel,Automatic,49554,Jeep,11917,Orlando
372,TOYOTA,2018,2.5,Hybrid,Automatic,21784,Sedan,18817,Camry
373,CHEVROLET,2014,2.4,Petrol,Automatic,156284,Jeep,1568,Equinox
374,HYUNDAI,2013,2.4,Hybrid,Tiptronic,12427,Sedan,21953,Sonata
375,HYUNDAI,2016,2.0,LPG,Automatic,23740,Sedan,13808,Sonata
376,TOYOTA,2012,1.8,Hybrid,Automatic,68966,Hatchback,16151,Prius
377,RENAULT,2001,1.2,Petrol,Manual,483,Hatchback,3300,Twingo
378,HYUNDAI,2010,2.0,Diesel,Automatic,106468,Jeep,22947,Tucson
379,BMW,2012,3.0,Petrol,Tiptronic,36319,Sedan,40769,535 M PAKET
380,LEXUS,2013,1.8,Hybrid,Automatic,41004,Hatchback,7840,CT 200h
381,TOYOTA,2014,2.5,Petrol,Tiptronic,77671,Sedan,25089,Camry
382,TOYOTA,2014,2.5,Hybrid,Automatic,68225,Sedan,5488,Camry
383,TOYOTA,2012,1.3,Petrol,Automatic,80778,Hatchback,9722,Vitz
384,HYUNDAI,2010,3.8,Petrol,Automatic,94434,Coupe,16621,Genesis
385,LEXUS,2015,3.5,Hybrid,Automatic,89241,Jeep,13956,RX 450
386,SSANGYONG,2012,2.0,Diesel,Automatic,84190,Jeep,24415,Korando
387,BMW,2000,2.5,Petrol,Tiptronic,198839,Sedan,10036,525
388,HYUNDAI,2014,1.8,Petrol,Automatic,66583,Sedan,1725,Elantra
389,OPEL,1997,2.0,Petrol,Manual,124274,Universal,5645,Vectra
390,TOYOTA,2014,1.5,Hybrid,Variator,62137,Sedan,10976,Corolla
391,MERCEDES-BENZ,2008,3.0,Diesel,Automatic,132972,Jeep,4547,ML 350
392,TOYOTA,2013,1.5,Petrol,Automatic,32622,Hatchback,21285,Aqua
393,MERCEDES-BENZ,2014,3.5,Diesel,Automatic,136099,Sedan,29793,E 350
394,AUDI,2010,2.0,Petrol,Automatic,104390,Sedan,19130,A4 premium
395,FORD,2001,2.2,Petrol,Automatic,6904,Minivan,1900,Galaxy
396,HYUNDAI,2017,1.7,Diesel,Automatic,60820,Jeep,35570,Tucson
397,TOYOTA,2012,1.5,Hybrid,Automatic,108740,Hatchback,8781,Prius C
398,SUZUKI,2010,2.4,Petrol,Tiptronic,163518,Sedan,12544,Kizashi
399,HYUNDAI,2014,2.4,Petrol,Tiptronic,79535,Jeep,24148,Tucson
400,TOYOTA,2014,1.8,Hybrid,Automatic,99419,Sedan,22580,Prius
401,TOYOTA,2013,2.5,Hybrid,Automatic,85041,Sedan,4861,Camry
402,TOYOTA,2008,1.5,Hybrid,Variator,130769,Sedan,12858,Prius
403,HONDA,2011,1.3,Petrol,Automatic,114954,Sedan,8154,FIT
404,VOLKSWAGEN,1998,1.8,Petrol,Automatic,18641,Hatchback,1800,Golf 4
405,FORD,2014,2.0,Hybrid,Automatic,85332,Sedan,4861,Fusion
406,BMW,2011,3.0,Petrol,Tiptronic,80530,Jeep,36065,X5
407,TOYOTA,2019,2.0,Petrol,Automatic,12408,Jeep,17876,CHR
408,BMW,2014,2.0,Diesel,Automatic,155648,Sedan,18189,328
409,FORD,2013,1.6,Petrol,Tiptronic,28583,Sedan,24775,Fusion
410,HYUNDAI,2011,2.0,Petrol,Automatic,101516,Sedan,15257,Sonata
411,HONDA,2009,2.4,Petrol,Automatic,74565,Universal,16900,Element
412,CITROEN,2011,1.0,Petrol,Manual,145214,Hatchback,14740,C1
413,NISSAN,2004,2.0,Petrol,Automatic,75718,Jeep,10976,X-Trail
414,CHEVROLET,2012,2.0,Diesel,Automatic,85397,Jeep,22825,Orlando
415,KIA,2013,1.6,Petrol,Automatic,85128,Sedan,12544,RIO
416,LEXUS,2015,1.8,Hybrid,Automatic,58999,Hatchback,16935,CT 200h
417,FORD,2013,3.7,Petrol,Manual,69041,Coupe,20385,Mustang
418,SSANGYONG,2016,1.6,Diesel,Automatic,30391,Jeep,44134,Actyon
419,MERCEDES-BENZ,2001,2.0,Petrol,Tiptronic,113711,Coupe,7213,C 200 2.0
420,HONDA,2017,1.5,Petrol,Automatic,36215,Sedan,9565,Civic
421,VOLKSWAGEN,2010,2.5,Petrol,Tiptronic,68351,Sedan,12544,Jetta
422,OPEL,2004,1.6,Petrol,Manual,106254,Universal,6272,Astra
423,BMW,2005,3.0,Petrol,Tiptronic,105633,Sedan,18817,530
424,HONDA,2011,1.3,Hybrid,Variator,78914,Sedan,10663,FIT
425,HYUNDAI,2015,2.0,Diesel,Automatic,95665,Jeep,44247,Santa FE
426,BMW,2004,2.5,Petrol,Tiptronic,215044,Coupe,9408,325
427,VOLKSWAGEN,2016,1.4,Petrol,Tiptronic,22369,Sedan,19444,Jetta
428,TOYOTA,2008,1.8,Hybrid,Automatic,124274,Sedan,11917,Prius
429,HONDA,2015,2.4,Petrol,Automatic,48471,Sedan,54157,Civic
430,HYUNDAI,2016,1.7,Diesel,Automatic,44656,Jeep,49889,Tucson
431,TOYOTA,2007,1.5,Hybrid,Automatic,70215,Hatchback,9408,Prius
432,TOYOTA,2016,1.8,Petrol,Automatic,63691,Hatchback,23834,Corolla IM
433,TOYOTA,2013,2.5,Petrol,Tiptronic,62758,Sedan,22894,Camry
434,MERCEDES-BENZ,2004,2.4,Petrol,Tiptronic,55302,Coupe,10976,CLK 240
435,DAEWOO,2009,1.9,Petrol,Automatic,27664,Sedan,5604,Lacetti
436,FORD,2013,1.6,Petrol,Tiptronic,99419,Sedan,17876,Fiesta
437,HYUNDAI,2012,1.8,Petrol,Tiptronic,84506,Sedan,18189,Elantra
438,HONDA,2014,1.5,Hybrid,Variator,75186,Hatchback,10976,FIT
439,MINI,2013,1.6,Petrol,Manual,34797,Coupe,27911,Cooper
440,OPEL,2003,1.7,Diesel,Manual,106465,Goods wagon,6429,Combo
441,TOYOTA,2016,2.5,Petrol,Tiptronic,61640,Jeep,40769,RAV 4
442,BMW,2003,2.5,CNG,Tiptronic,161556,Sedan,7840,520
443,DODGE,2012,3.6,Petrol,Tiptronic,69594,Coupe,25089,Challenger
444,BMW,2010,3.0,Petrol,Tiptronic,97555,Coupe,22894,328
445,MERCEDES-BENZ,2000,2.0,Petrol,Tiptronic,84506,Sedan,7840,C 180
446,HYUNDAI,2015,2.0,LPG,Automatic,216539,Sedan,12231,Sonata
447,LEXUS,2002,3.0,Petrol,Automatic,124896,Jeep,11917,RX 300
448,TOYOTA,2017,2.5,Petrol,Automatic,21409,Jeep,51746,RAV 4
449,HYUNDAI,2011,2.0,Petrol,Automatic,124813,Sedan,17035,Sonata
450,AUDI,2002,3.0,Petrol,Automatic,6904,Sedan,3100,A4
451,HYUNDAI,2015,1.6,Petrol,Automatic,54391,Sedan,27654,Elantra
452,KIA,2013,2.0,Petrol,Automatic,56545,Sedan,17719,Optima
453,HYUNDAI,2010,2.5,Diesel,Automatic,77578,Minivan,14081,H1
454,HYUNDAI,2015,2.4,Petrol,Automatic,145785,Sedan,2666,Sonata
455,CHEVROLET,2016,1.6,Diesel,Automatic,78152,Jeep,23994,Orlando
456,BMW,2003,2.2,Petrol,Tiptronic,118060,Sedan,13172,320
457,TOYOTA,2011,1.8,Hybrid,Variator,100041,Hatchback,14740,Prius
458,TOYOTA,2017,2.5,Petrol,Automatic,19884,Jeep,59586,RAV 4
459,TOYOTA,2016,1.8,Hybrid,Tiptronic,49710,Sedan,18817,Prius
460,HYUNDAI,2010,1.6,Petrol,Automatic,81284,Sedan,11563,Elantra
461,HYUNDAI,2016,2.0,Diesel,Automatic,68007,Jeep,45376,Santa FE
462,TOYOTA,2002,2.0,Petrol,Manual,86992,Jeep,15681,RAV 4
463,HYUNDAI,2017,1.7,Diesel,Automatic,89194,Jeep,33707,Tucson
464,BMW,2000,2.5,CNG,Manual,97555,Sedan,6800,525
465,HYUNDAI,2013,1.6,Petrol,Tiptronic,52692,Sedan,17876,Elantra
466,MERCEDES-BENZ,2006,3.5,Petrol,Tiptronic,136702,Sedan,18189,E 350
467,LEXUS,2008,3.3,Hybrid,Automatic,73943,Jeep,28225,RX 400 HYBRID
468,TOYOTA,2007,2.2,Diesel,Manual,69594,Minivan,2509,Corolla verso
469,HYUNDAI,2016,2.5,Diesel,Automatic,32206,Universal,44247,H1
470,MITSUBISHI,1998,1.8,Petrol,Automatic,124274,Jeep,7213,Pajero IO
471,LEXUS,2012,4.6,Petrol,Automatic,93770,Jeep,4077,GX 460
472,MERCEDES-BENZ,1999,2.0,Petrol,Manual,197848,Sedan,6586,E 200
473,BMW,2008,3.0,Petrol,Tiptronic,118060,Sedan,15681,528 i
474,TOYOTA,2017,3.5,Petrol,Automatic,108632,Sedan,3763,Tacoma
475,AUDI,2014,2.0,Petrol,Automatic,76826,Sedan,6586,A4
476,AUDI,2017,2.0,Petrol,Automatic,46718,Jeep,47042,Q5
477,DAEWOO,2009,2.0,Diesel,Automatic,24253,Sedan,5865,Lacetti
478,SSANGYONG,2011,2.0,Diesel,Automatic,63380,Jeep,20883,Actyon
479,HONDA,2008,2.4,LPG,Variator,12427,Minivan,10976,Odyssey
480,MITSUBISHI,2010,2.4,Diesel,Manual,108740,Pickup,23521,L 200
481,SSANGYONG,2014,2.0,Diesel,Automatic,42167,Jeep,25402,REXTON
482,HONDA,2011,1.3,Hybrid,Automatic,9066,Hatchback,9095,FIT
483,HYUNDAI,2013,1.8,Petrol,Automatic,55900,Coupe,2666,Elantra
484,TOYOTA,2013,2.5,Hybrid,Automatic,118402,Sedan,5018,Camry
485,HYUNDAI,2008,2.0,Petrol,Manual,167770,Jeep,12231,Tucson
486,HONDA,2011,1.3,Hybrid,Variator,93206,Hatchback,11604,Insight EX
487,HYUNDAI,2012,1.6,Petrol,Automatic,22518,Sedan,20005,Elantra
488,TOYOTA,2013,2.5,Hybrid,Automatic,118402,Sedan,5018,Camry
489,FORD,2014,1.6,Petrol,Automatic,83512,Hatchback,13799,Fiesta 1.6
490,SSANGYONG,2010,2.0,Diesel,Automatic,79225,Jeep,13068,Actyon
491,FORD,2012,2.0,Petrol,Tiptronic,1250,Hatchback,14113,Focus
492,HYUNDAI,2015,2.4,Petrol,Automatic,152642,Jeep,1019,Santa FE
493,NISSAN,2004,2.3,Petrol,Automatic,99419,Sedan,7300,Teana
494,DAEWOO,2009,1.6,Petrol,Automatic,31410,Sedan,6899,Lacetti
495,CHEVROLET,2007,0.8,Petrol,Automatic,83800,Sedan,3293,Matiz
496,HYUNDAI,2011,2.0,LPG,Tiptronic,44739,Sedan,17249,Sonata
497,DAEWOO,2010,1.8,Petrol,Automatic,28911,Sedan,10192,Lacetti
498,TOYOTA,2014,3.5,Hybrid,Automatic,103496,Sedan,39201,Highlander
499,HONDA,2013,1.8,Petrol,Automatic,54059,Sedan,36235,Civic
500,SSANGYONG,2012,2.0,Diesel,Automatic,78247,Jeep,22843,Korando
501,CHEVROLET,2012,2.0,Petrol,Automatic,40393,Sedan,21699,Malibu
502,HYUNDAI,2011,2.0,Diesel,Automatic,83458,Jeep,25299,Tucson
503,MAZDA,2006,1.6,Petrol,Automatic,6904,Hatchback,2300,Mazda 3
504,OPEL,1996,1.4,Petrol,Manual,173984,Coupe,2500,Corsa
505,BMW,2014,2.0,Petrol,Tiptronic,45981,Sedan,40142,328
506,HONDA,2013,1.5,Hybrid,Automatic,58720,Hatchback,19124,FIT
507,RENAULT,2007,1.5,Diesel,Manual,149129,Minivan,11604,Scenic
508,BMW,1998,2.5,Petrol,Manual,62137,Sedan,7213,525
509,CHEVROLET,2010,2.0,Diesel,Automatic,38048,Jeep,11917,Captiva
510,BMW,2005,2.0,Diesel,Manual,176469,Sedan,17249,320
511,FORD,2013,2.0,Hybrid,Variator,124849,Hatchback,23521,C-MAX
512,CHEVROLET,2016,1.0,Petrol,Automatic,19865,Sedan,11604,Spark
513,HYUNDAI,2013,1.8,Petrol,Tiptronic,72700,Sedan,18503,Elantra
514,TOYOTA,2012,1.5,Hybrid,Automatic,69041,Hatchback,14113,Aqua
515,NISSAN,2004,1.4,Petrol,Automatic,109983,Hatchback,5959,March
516,MERCEDES-BENZ,2015,2.0,Petrol,Automatic,23479,Jeep,1019,GLA 250
517,SSANGYONG,2013,2.0,Diesel,Automatic,94975,Jeep,32035,REXTON
518,HYUNDAI,2011,2.2,Diesel,Automatic,48656,Jeep,14376,Santa FE
519,LEXUS,2010,2.4,Hybrid,Automatic,39768,Sedan,25089,HS 250h Hybrid
520,HONDA,2003,1.3,Petrol,Automatic,96313,Sedan,6899,FIT
521,HYUNDAI,2019,2.0,Petrol,Automatic,18328,Sedan,5488,Elantra
522,TOYOTA,2012,1.8,Hybrid,Variator,621,Hatchback,18817,Prius
523,HYUNDAI,2011,2.4,Hybrid,Automatic,139404,Sedan,3450,Sonata
524,VOLKSWAGEN,2003,2.0,Petrol,Manual,85128,Sedan,7997,Jetta
525,TOYOTA,2017,2.5,Petrol,Automatic,31069,Jeep,38888,RAV 4
526,DODGE,2010,3.5,Petrol,Automatic,151290,Jeep,1882,Journey
527,HYUNDAI,2015,2.4,Petrol,Tiptronic,42154,Sedan,23207,Sonata SPORT
528,HYUNDAI,2016,2.0,Petrol,Automatic,44668,Sedan,17092,Elantra SE
529,HONDA,2012,1.3,Petrol,Automatic,80157,Hatchback,7150,FIT
530,NISSAN,2017,2.0,Petrol,Automatic,14913,Jeep,34497,Rogue Sport
531,NISSAN,2010,1.2,Petrol,Automatic,60599,Sedan,9408,March
532,TOYOTA,2016,1.8,Petrol,Automatic,6338,Hatchback,24148,Auris
533,MERCEDES-BENZ,2012,3.0,Diesel,Automatic,81400,Jeep,59272,ML 350
534,FORD,2014,2.0,Hybrid,Automatic,38525,Universal,20385,C-MAX
535,HYUNDAI,2011,1.8,Petrol,Tiptronic,121292,Sedan,14426,Elantra
536,CHEVROLET,2007,2.0,Diesel,Automatic,42300,Jeep,6144,Captiva
537,TOYOTA,2008,4.0,Petrol,Automatic,115326,Jeep,45473,FJ Cruiser
538,MERCEDES-BENZ,2011,3.5,Diesel,Automatic,105900,Coupe,15994,E 350
539,KIA,2014,2.4,Hybrid,Automatic,54681,Sedan,11133,Optima
540,TOYOTA,2006,2.2,Diesel,Manual,123031,Jeep,18189,RAV 4
541,FORD,2018,2.0,Petrol,Automatic,66899,Sedan,1333,Focus
542,LEXUS,2013,2.5,Hybrid,Automatic,54651,Sedan,1960,ES 350
543,CHEVROLET,2017,1.5,Hybrid,Automatic,32350,Hatchback,26030,Volt
544,BMW,2010,4.0,Petrol,Manual,99419,Coupe,48000,M3
545,TOYOTA,2002,1.5,Petrol,Automatic,72700,Hatchback,8781,Ist
546,CHEVROLET,2012,2.0,Diesel,Automatic,38928,Sedan,8624,Cruze
547,HYUNDAI,2016,1.8,Petrol,Tiptronic,48218,Sedan,21953,Elantra
548,FORD,2015,2.0,Petrol,Tiptronic,55923,Sedan,15681,Focus
549,TOYOTA,2019,2.5,Petrol,Tiptronic,311,Sedan,53000,Camry SE
550,HYUNDAI,2010,2.0,Diesel,Automatic,104469,Jeep,21181,Tucson
551,LEXUS,2010,4.6,Petrol,Automatic,171026,Jeep,15681,GX 460
552,CHEVROLET,2014,1.4,Plug-in Hybrid,Automatic,40389,Hatchback,27284,Volt
553,SSANGYONG,2016,1.6,Diesel,Automatic,43657,Jeep,39458,Actyon
554,KIA,2013,1.6,Petrol,Tiptronic,81524,Sedan,18189,SOUL
555,HYUNDAI,2014,2.5,Diesel,Automatic,60207,Minivan,31581,H1
556,MERCEDES-BENZ,1997,3.2,CNG,Automatic,69041,Sedan,7840,E 320
557,TOYOTA,2013,1.8,Hybrid,Variator,83711,Hatchback,20385,Prius
558,HYUNDAI,2007,1.6,Petrol,Automatic,24283,Sedan,12287,Elantra
559,SSANGYONG,2010,2.7,Diesel,Automatic,134838,Jeep,20266,REXTON
560,TOYOTA,2019,1.8,Petrol,Automatic,24391,Sedan,2822,Corolla
561,HYUNDAI,2016,2.0,LPG,Automatic,34315,Sedan,16283,Sonata
562,HYUNDAI,2010,2.0,Diesel,Automatic,52291,Jeep,27654,Tucson
563,HYUNDAI,2013,1.8,Petrol,Automatic,173476,Hatchback,2509,Elantra
564,FIAT,2013,1.4,Petrol,Automatic,43496,Cabriolet,13172,500C Lounge
565,HYUNDAI,2010,2.0,Petrol,Automatic,76545,Coupe,16123,Genesis
566,MITSUBISHI,2000,3.0,LPG,Automatic,132973,Jeep,9408,Montero
567,HYUNDAI,2012,1.6,Diesel,Automatic,48968,Hatchback,11917,I30
568,AUDI,2014,3.0,Petrol,Automatic,118914,Hatchback,9565,A7
569,MITSUBISHI,1998,3.5,Petrol,Automatic,131731,Jeep,9408,Pajero
570,FORD,2014,2.0,Plug-in Hybrid,Tiptronic,101283,Sedan,17876,C-MAX
571,MERCEDES-BENZ,2009,3.5,Diesel,Automatic,165323,Sedan,1411,E 350
572,CHEVROLET,2013,1.4,Petrol,Automatic,76429,Sedan,13485,Cruze ltz
573,MERCEDES-BENZ,2014,3.5,Petrol,Automatic,58634,Jeep,3763,ML 350
574,HYUNDAI,2015,1.6,Diesel,Automatic,32506,Sedan,19864,Elantra
575,BMW,2005,3.0,Petrol,Tiptronic,155343,Jeep,15053,X5 x5
576,VOLKSWAGEN,2009,2.0,Diesel,Manual,186411,Sedan,15000,Jetta
577,TOYOTA,2002,2.4,CNG,Automatic,111847,Minivan,7527,Ipsum
578,NISSAN,2005,1.5,Petrol,Variator,13049,Sedan,7683,Tiida
579,MINI,2011,1.6,Petrol,Tiptronic,135459,Sedan,19444,Countryman
580,TOYOTA,2013,1.8,Petrol,Automatic,82518,Sedan,15681,Corolla 04
581,HYUNDAI,2009,2.5,Diesel,Automatic,46995,Minivan,13642,H1
582,HYUNDAI,2015,1.8,Petrol,Automatic,52376,Sedan,17249,Elantra
583,FORD,2012,2.0,Petrol,Automatic,42253,Sedan,11604,Focus
584,HYUNDAI,2009,2.5,Diesel,Automatic,52966,Minivan,10663,H1
585,MERCEDES-BENZ,1998,2.3,Petrol,Automatic,80778,Cabriolet,13172,SLK 230
586,CHEVROLET,2013,2.0,Petrol,Automatic,97348,Sedan,20278,Malibu
587,NISSAN,2010,2.5,Petrol,Variator,93206,Jeep,15367,Rogue SL
588,HYUNDAI,2016,1.6,Diesel,Automatic,82767,Sedan,25083,Elantra
589,NISSAN,2004,1.2,Petrol,Automatic,124274,Hatchback,5500,March
590,MERCEDES-BENZ,2008,3.0,Diesel,Automatic,109121,Sedan,2430,E 350
591,MERCEDES-BENZ,2011,2.2,Diesel,Tiptronic,90099,Minivan,38574,Vito
592,HYUNDAI,2013,2.0,Diesel,Automatic,32500,Jeep,15524,Tucson
593,HYUNDAI,2014,2.5,Diesel,Automatic,16777,Minivan,34607,H1
594,HYUNDAI,2011,1.6,Hybrid,Variator,37282,Sedan,18817,Elantra
595,TOYOTA,2010,1.8,Hybrid,Automatic,105012,Hatchback,14113,Prius
596,TOYOTA,2014,1.5,Hybrid,Automatic,54059,Sedan,10506,Aqua
597,BMW,2012,2.0,Petrol,Automatic,88329,Sedan,18189,328
598,AUDI,2016,2.0,Petrol,Automatic,1067,Jeep,16308,Q3
599,HYUNDAI,2016,2.0,Diesel,Automatic,74774,Jeep,44558,Santa FE
600,HYUNDAI,2016,1.6,Petrol,Tiptronic,49710,Sedan,21326,Accent
601,HYUNDAI,2016,1.6,Petrol,Automatic,44535,Sedan,30596,Elantra
602,NISSAN,2017,4.0,Petrol,Automatic,50801,Sedan,7213,Frontier
603,HYUNDAI,2013,1.6,Petrol,Automatic,31078,Sedan,28241,Elantra
604,LEXUS,2013,3.5,Hybrid,Automatic,85773,Jeep,1019,RX 450
605,HYUNDAI,2014,3.0,LPG,Automatic,56828,Sedan,14426,Grandeur
606,SUBARU,2012,0.7,Petrol,Automatic,8699,Hatchback,6899,Stella
607,HONDA,2010,2.4,Petrol,Automatic,66059,Jeep,8311,Cr-v
608,BMW,2001,3.0,Petrol,Tiptronic,149129,Jeep,13485,X5
609,HYUNDAI,2016,2.0,Diesel,Automatic,58756,Jeep,38445,Tucson
610,NISSAN,2005,1.5,Petrol,Automatic,60273,Hatchback,9722,Tiida
611,TOYOTA,2012,1.5,Hybrid,Automatic,66487,Hatchback,9722,Aqua
612,TOYOTA,2016,2.5,Petrol,Tiptronic,41632,Jeep,43905,RAV 4
613,HYUNDAI,2014,1.6,Diesel,Automatic,55923,Sedan,27356,Elantra
614,CHEVROLET,2011,1.8,Petrol,Automatic,67668,Sedan,15173,Cruze
615,TOYOTA,2014,2.5,Hybrid,Automatic,126263,Sedan,25089,Camry
616,NISSAN,2013,1.6,Petrol,Automatic,68681,Jeep,14426,Juke
617,FORD,2012,2.0,Petrol,Tiptronic,119303,Hatchback,15681,Focus
618,BMW,2003,2.0,Petrol,Tiptronic,85097,Sedan,11917,320
619,TOYOTA,2013,1.5,Petrol,Automatic,65244,Hatchback,25669,Aqua
620,HONDA,2017,1.8,Petrol,Automatic,58620,Jeep,9565,Hr-v
621,CHEVROLET,2013,1.4,Petrol,Tiptronic,48467,Sedan,14740,Cruze
622,DODGE,2013,1.4,Petrol,Manual,111847,Sedan,16308,Dart Limited
623,HYUNDAI,2015,2.0,Diesel,Automatic,59155,Jeep,37580,Santa FE
624,MERCEDES-BENZ,2007,3.5,Petrol,Automatic,102526,Sedan,31361,S 350
625,HYUNDAI,2015,2.0,Petrol,Automatic,37471,Sedan,42369,Sonata
626,HYUNDAI,2016,2.0,LPG,Automatic,121436,Sedan,15681,Sonata
627,VOLKSWAGEN,2013,2.0,Petrol,Tiptronic,58657,Sedan,16308,Jetta
628,MAZDA,2016,2.5,Petrol,Automatic,96227,Sedan,3293,CX-9
629,NISSAN,2018,2.5,Petrol,Automatic,11678,Pickup,30000,X-Trail
630,VOLKSWAGEN,2000,1.6,Petrol,Manual,122694,Sedan,5331,Golf
631,CHRYSLER,2015,3.6,Petrol,Automatic,82333,Sedan,3293,200
632,HYUNDAI,2013,2.0,Diesel,Automatic,50181,Jeep,31913,Santa FE
633,HONDA,2019,1.5,Petrol,Automatic,10356,Coupe,2587,Accord
634,TOYOTA,2011,1.8,Petrol,Automatic,167025,Sedan,19757,Prius
635,VOLKSWAGEN,2012,2.5,Petrol,Tiptronic,95691,Sedan,15681,Passat
636,LEXUS,2012,4.6,Petrol,Automatic,158702,Jeep,12858,GX 460
637,TOYOTA,2010,3.3,Hybrid,Automatic,164587,Sedan,4861,Highlander
638,TOYOTA,2018,1.5,Petrol,Automatic,3107,Hatchback,57030,Aqua
639,TOYOTA,2012,1.5,Hybrid,Automatic,74919,Hatchback,14009,Aqua
640,CHEVROLET,2014,2.0,Diesel,Tiptronic,102402,Sedan,14113,Cruze
641,HYUNDAI,2016,1.7,Diesel,Automatic,86992,Jeep,35269,Tucson
642,JAGUAR,2013,2.2,Diesel,Automatic,46254,Sedan,50297,XF
643,HYUNDAI,2012,2.5,Diesel,Automatic,127645,Universal,19369,H1
644,TOYOTA,2018,2.0,Petrol,Automatic,14177,Jeep,2195,CHR
645,CHEVROLET,2014,1.4,Petrol,Automatic,55231,Sedan,12544,Cruze
646,CHEVROLET,2013,1.4,Petrol,Automatic,49710,Sedan,14740,Cruze
647,HYUNDAI,2017,2.0,Petrol,Automatic,40173,Sedan,48575,Sonata
648,HYUNDAI,2011,2.0,Diesel,Automatic,45563,Jeep,15367,Tucson
649,TOYOTA,2011,1.8,Hybrid,Variator,158450,Hatchback,7056,Prius
650,TOYOTA,2008,1.5,Hybrid,Variator,151117,Hatchback,17249,Prius
651,AUDI,2004,1.8,Petrol,Tiptronic,161059,Sedan,9300,A4
652,MERCEDES-BENZ,2006,3.5,LPG,Tiptronic,149129,Jeep,21953,ML 350
653,HYUNDAI,2016,2.0,Petrol,Automatic,29852,Sedan,52696,Sonata
654,TOYOTA,2011,1.8,Petrol,Automatic,149071,Sedan,2901,Corolla
655,FORD,2013,2.0,Hybrid,Automatic,199183,Sedan,3763,Fusion
656,BMW,2005,2.5,Petrol,Tiptronic,100662,Sedan,12544,325
657,BMW,2011,3.0,Petrol,Tiptronic,43496,Sedan,18817,330
658,MERCEDES-BENZ,2011,3.0,Diesel,Tiptronic,49710,Sedan,47042,E 350
659,TOYOTA,2010,1.8,Hybrid,Automatic,91342,Sedan,15367,Prius
660,FORD,2013,2.0,Petrol,Tiptronic,83885,Sedan,20665,Fusion TITANIUM
661,CHEVROLET,2018,1.4,Petrol,Automatic,9527,Sedan,16935,Cruze
662,DAEWOO,2009,1.6,Petrol,Automatic,99192,Sedan,4180,Lacetti
663,FORD,1999,2.5,Diesel,Manual,76429,Microbus,14426,Transit
664,TOYOTA,2010,1.5,Hybrid,Automatic,164663,Sedan,10349,Prius
665,HYUNDAI,2016,1.8,Petrol,Tiptronic,70588,Sedan,19757,Elantra
666,TOYOTA,2007,1.5,Hybrid,Automatic,109361,Hatchback,12858,Prius
667,NISSAN,2012,1.8,Petrol,Automatic,37282,Sedan,11290,Tiida
668,HYUNDAI,2016,2.0,Diesel,Automatic,91026,Jeep,44711,Santa FE
669,MERCEDES-BENZ,2014,2.1,Petrol,Tiptronic,58409,Sedan,50178,E 250
670,TOYOTA,2003,1.3,Petrol,Automatic,97555,Sedan,10349,Ist
671,FORD,2015,2.0,Hybrid,Automatic,62601,Sedan,2666,Fusion
672,CHEVROLET,2017,1.0,Petrol,Automatic,20579,Sedan,13172,Spark
673,LEXUS,2010,3.5,Hybrid,Automatic,115578,Jeep,13328,RX 450
674,HONDA,2015,2.4,Petrol,Automatic,49889,Jeep,5331,Cr-v
675,HYUNDAI,2010,2.0,Petrol,Automatic,64636,Coupe,19610,Genesis
676,JEEP,2011,2.4,Petrol,Automatic,24890,Jeep,35234,Compass
677,MITSUBISHI,2007,2.5,Diesel,Manual,83885,Jeep,32929,L 200
678,LEXUS,2012,1.8,Hybrid,Automatic,60894,Hatchback,21326,CT 200h
679,FORD,2016,2.5,Petrol,Tiptronic,25476,Sedan,14740,Fusion
680,HYUNDAI,2016,2.5,Diesel,Automatic,68468,Minivan,41387,H1
681,FORD,2004,1.8,Diesel,Manual,146022,Goods wagon,7840,Transit Connect
682,SUBARU,2015,2.0,Petrol,Automatic,155346,Jeep,19444,XV
683,SUBARU,2011,2.5,Petrol,Tiptronic,73632,Jeep,14113,Forester
684,BMW,2011,3.0,Diesel,Automatic,129055,Jeep,10036,X5
685,FORD,2010,2.2,Diesel,Manual,177091,Goods wagon,15210,Transit
686,TOYOTA,2011,1.8,Hybrid,Automatic,176966,Sedan,16621,Prius
687,TOYOTA,2008,1.5,Hybrid,Automatic,132020,Hatchback,10663,Prius
688,TOYOTA,2013,1.5,Hybrid,Variator,80778,Hatchback,13172,Aqua g soft leather sele
689,HONDA,2000,2.0,Petrol,Automatic,132352,Jeep,7840,Cr-v
690,OPEL,2006,1.3,Diesel,Manual,111847,Hatchback,9408,Meriva
691,TOYOTA,2016,2.5,Petrol,Automatic,117315,Jeep,54882,RAV 4
692,NISSAN,1999,3.5,Petrol,Tiptronic,93206,Minivan,12544,Elgrand
693,NISSAN,2007,1.5,Petrol,Variator,65244,Hatchback,8467,Tiida
694,HYUNDAI,2018,1.7,Diesel,Automatic,18460,Jeep,58507,Tucson
695,TOYOTA,2015,1.5,Petrol,Automatic,17398,Hatchback,53317,Aqua
696,MERCEDES-BENZ,2012,3.5,Diesel,Automatic,149742,Sedan,1646,E 350
697,TOYOTA,2013,1.5,Hybrid,Automatic,95216,Hatchback,3293,Prius
698,HYUNDAI,2015,2.0,Petrol,Automatic,32857,Sedan,42987,Sonata
699,TOYOTA,2012,1.8,Hybrid,Automatic,8784,Hatchback,17876,Prius V
700,CHEVROLET,2016,1.5,Petrol,Tiptronic,45640,Sedan,24462,Malibu
701,HONDA,2006,1.5,Petrol,Manual,114954,Hatchback,9722,FIT
702,HYUNDAI,2012,1.6,Petrol,Automatic,99516,Sedan,20266,Elantra
703,KIA,2003,2.4,Petrol,Manual,103769,Jeep,7840,Sorento
704,MITSUBISHI,2000,2.0,Petrol,Automatic,98177,Jeep,8781,Pajero IO
705,FORD,2003,1.8,Diesel,Manual,142915,Goods wagon,8467,Transit Connect
706,BMW,2018,2.0,Petrol,Automatic,23787,Sedan,10192,114
707,TOYOTA,2013,2.5,Hybrid,Automatic,81648,Sedan,7213,Camry
708,HYUNDAI,2016,1.7,Diesel,Automatic,68351,Jeep,33243,Tucson
709,SUBARU,2002,2.0,LPG,Automatic,62137,Hatchback,8781,Forester
710,LEXUS,2008,3.3,Hybrid,Automatic,108740,Jeep,31831,RX 400
711,SSANGYONG,2016,2.2,Diesel,Automatic,91328,Jeep,40340,REXTON
712,HONDA,2018,2.0,Petrol,Automatic,11024,Sedan,56509,Civic
713,CHEVROLET,2012,2.0,Petrol,Automatic,77417,Sedan,17923,Malibu
714,FORD,2012,2.0,Hybrid,Automatic,89477,Hatchback,8938,C-MAX
715,BMW,2010,3.0,Petrol,Tiptronic,111570,Sedan,29793,535
716,TOYOTA,2019,2.5,Hybrid,Automatic,5981,Sedan,3450,Camry
717,TOYOTA,2008,1.0,Petrol,Automatic,69594,Hatchback,6586,Passo
718,MERCEDES-BENZ,2000,3.2,Petrol,Manual,62137,Microbus,10349,Sprinter
719,BMW,2001,2.0,Diesel,Manual,88235,Coupe,10663,320
720,TOYOTA,2014,1.5,Hybrid,Variator,86371,Hatchback,15210,Aqua
721,LEXUS,2014,2.5,Hybrid,Automatic,47846,Sedan,46101,ES 300
722,FORD,2000,2.5,Diesel,Manual,118060,Goods wagon,14113,Transit
723,FORD,2014,2.0,Petrol,Automatic,65244,Sedan,9722,Focus
724,KIA,2012,2.0,Diesel,Tiptronic,40389,Jeep,14426,Sportage
725,BMW,2002,2.0,Diesel,Manual,173984,Sedan,10036,320 DIESEL
726,TOYOTA,2005,1.5,Petrol,Manual,75186,Hatchback,10976,Vitz
727,HONDA,2005,2.4,Petrol,Automatic,73322,Jeep,17249,Cr-v
728,BMW,2002,1.8,Petrol,Manual,59030,Coupe,8467,318 სასწრაფოდ
729,ISUZU,2000,3.2,Petrol,Automatic,205674,Jeep,7840,Rodeo
730,HYUNDAI,2012,2.0,Diesel,Automatic,122263,Jeep,25810,Santa FE
731,TOYOTA,2014,1.8,Petrol,Automatic,121795,Sedan,5175,Corolla
732,TOYOTA,2012,2.5,Hybrid,Automatic,99033,Sedan,3136,Camry
733,HONDA,2009,1.3,LPG,Tiptronic,107561,Sedan,15053,Insight
734,KIA,2020,2.4,Petrol,Automatic,1703,Sedan,12074,Sportage
735,AUDI,2009,3.2,Petrol,Tiptronic,62137,Coupe,24462,A5
736,VOLKSWAGEN,1999,2.0,Petrol,Manual,156602,Sedan,4500,Jetta
737,HYUNDAI,2016,2.0,Diesel,Automatic,88235,Jeep,40471,Santa FE
738,HYUNDAI,2015,2.0,LPG,Automatic,26641,Sedan,9418,Sonata
739,BMW,2011,3.5,Petrol,Tiptronic,129245,Jeep,36065,X6
740,BMW,2011,3.0,Diesel,Automatic,119541,Jeep,31361,X5
741,HYUNDAI,2015,2.0,LPG,Automatic,234406,Sedan,9252,Sonata
742,NISSAN,2014,1.6,Petrol,Automatic,44868,Hatchback,3136,Versa
743,HONDA,2009,1.5,Petrol,Automatic,123031,Hatchback,14269,FIT Sport
744,AUDI,2014,2.0,Petrol,Automatic,50839,Sedan,5018,A4
745,TOYOTA,2014,2.5,Petrol,Automatic,56836,Sedan,19601,Camry SE
746,FORD,2017,1.5,Petrol,Automatic,46356,Sedan,4704,Fusion
747,HONDA,2011,2.4,Petrol,Tiptronic,74565,Jeep,17876,Cr-v
748,CHEVROLET,2014,1.8,Petrol,Automatic,48651,Sedan,16766,Cruze
749,TOYOTA,2013,2.5,Hybrid,Automatic,40389,Sedan,30734,Camry
750,DAEWOO,2009,1.6,Petrol,Automatic,32324,Sedan,7056,Lacetti
751,MERCEDES-BENZ,2009,3.5,Diesel,Automatic,67816,Sedan,5018,E 350
752,HYUNDAI,2016,2.0,Diesel,Automatic,65645,Jeep,54458,Santa FE
753,TOYOTA,2013,1.8,Hybrid,Variator,131731,Minivan,23521,Prius V
754,TOYOTA,2020,2.5,Petrol,Automatic,2566,Sedan,39829,Camry
755,KIA,2011,2.2,Diesel,Automatic,62660,Minivan,12513,Carnival
756,HONDA,2004,2.0,Petrol,Automatic,205052,Minivan,9408,Step Wagon Pada
757,CHEVROLET,2014,1.4,Petrol,Manual,105633,Sedan,17249,Cruze
758,TOYOTA,2013,1.5,Hybrid,Automatic,115575,Hatchback,15053,Aqua
759,LEXUS,2011,1.8,Hybrid,Automatic,75995,Hatchback,5959,CT 200h
760,TOYOTA,2014,2.5,Hybrid,Automatic,68225,Sedan,5488,Camry
761,HYUNDAI,2010,1.6,Petrol,Automatic,123296,Sedan,11274,Elantra
762,VOLKSWAGEN,2015,1.8,Petrol,Tiptronic,41632,Sedan,21000,Jetta
763,HYUNDAI,2016,1.6,Petrol,Automatic,58658,Sedan,28532,Elantra
764,DODGE,2015,2.4,Petrol,Automatic,29826,Sedan,18189,Dart GT 2.4
765,TOYOTA,2008,1.5,Hybrid,Automatic,150300,Sedan,10976,Prius
766,OPEL,1996,1.8,Petrol,Manual,161556,Hatchback,4704,Vectra B
767,TOYOTA,2012,1.5,Petrol,Automatic,97655,Hatchback,12607,Aqua
768,HONDA,2002,2.0,CNG,Manual,116196,Jeep,9095,Cr-v
769,DODGE,2013,3.6,Petrol,Automatic,144688,Coupe,3058,Challenger
770,FORD,2014,2.2,Diesel,Manual,88394,Microbus,36065,Transit
771,HYUNDAI,2014,2.0,LPG,Automatic,202461,Sedan,10036,Sonata
772,HYUNDAI,2007,1.6,Petrol,Automatic,80207,Sedan,10986,Elantra
773,OPEL,1998,2.0,Diesel,Manual,186411,Goods wagon,6272,Astra
774,LEXUS,2010,4.6,Petrol,Automatic,96823,Jeep,39829,GX 460
775,CHEVROLET,2014,2.4,Petrol,Automatic,111844,Jeep,3920,Equinox
776,ACURA,2015,2.4,Petrol,Automatic,51635,Sedan,3450,TLX
777,TOYOTA,2011,1.8,Petrol,Automatic,61516,Hatchback,15681,Ist
778,HYUNDAI,2014,2.5,Diesel,Automatic,94448,Minivan,29087,H1
779,FORD,2011,2.5,Hybrid,Automatic,104991,Jeep,3607,Escape
780,SSANGYONG,2011,2.0,Diesel,Automatic,79320,Jeep,22357,Actyon
781,LEXUS,2016,4.6,Petrol,Automatic,96919,Jeep,31988,GX 460
782,NISSAN,2013,1.2,Petrol,Automatic,28583,Hatchback,15470,March
783,HYUNDAI,2012,1.6,Petrol,Automatic,89948,Sedan,19974,Elantra
784,HYUNDAI,2012,1.8,Petrol,Automatic,69037,Sedan,15681,Elantra
785,MERCEDES-BENZ,1997,2.2,Petrol,Manual,69041,Sedan,3000,E 230
786,CHEVROLET,2012,1.4,Petrol,Automatic,97431,Sedan,14113,Cruze
787,HYUNDAI,2015,1.6,Diesel,Automatic,32246,Sedan,18776,Elantra
788,FORD,2014,2.0,Hybrid,Automatic,77356,Sedan,4861,Fusion
789,LEXUS,2013,4.6,Petrol,Automatic,125921,Jeep,6272,GX 470
790,HYUNDAI,2011,1.6,Petrol,Automatic,82482,Sedan,19121,Elantra
791,SSANGYONG,2016,1.6,Diesel,Automatic,20667,Jeep,43576,Actyon
792,AUDI,2015,1.8,Petrol,Tiptronic,23612,Sedan,33243,A3 PREMIUM
793,TOYOTA,2016,1.5,Hybrid,Automatic,183990,Sedan,12544,Prius
794,HONDA,2011,1.3,Hybrid,Tiptronic,89477,Sedan,13799,Insight
795,SSANGYONG,2012,2.0,Diesel,Automatic,111740,Jeep,19874,Korando
796,TOYOTA,2015,1.8,Hybrid,Variator,35418,Hatchback,21953,Prius
797,TOYOTA,2012,1.8,Hybrid,Automatic,109361,Sedan,18503,Prius
798,MITSUBISHI,2003,2.4,CNG,Automatic,97284,Jeep,6586,Outlander
799,HYUNDAI,2011,2.4,Hybrid,Automatic,88695,Sedan,1333,Sonata
800,HYUNDAI,2018,2.0,Petrol,Tiptronic,808,Jeep,45473,kona
801,LEXUS,2012,2.5,Petrol,Automatic,26719,Sedan,13000,IS 250
802,TOYOTA,2018,2.0,Petrol,Automatic,24055,Jeep,9722,CHR
803,CHEVROLET,2011,2.0,Diesel,Tiptronic,78293,Sedan,17249,Cruze LTZ
804,HYUNDAI,2013,1.8,Petrol,Tiptronic,48482,Sedan,13015,Elantra
805,HYUNDAI,2011,2.0,LPG,Automatic,55302,Sedan,18503,Sonata
806,TOYOTA,2012,2.5,Hybrid,Automatic,97256,Sedan,3607,Camry
807,HYUNDAI,2011,1.6,Petrol,Automatic,55503,Sedan,18531,Elantra
808,MERCEDES-BENZ,2008,2.3,Diesel,Manual,7456,Microbus,45473,Sprinter
809,HYUNDAI,2016,1.6,LPG,Automatic,19266,Sedan,18503,Elantra
810,TOYOTA,2019,2.5,Petrol,Tiptronic,10750,Sedan,45473,Camry
811,HYUNDAI,2013,2.4,Petrol,Automatic,79135,Sedan,26657,Sonata
812,HYUNDAI,2017,2.0,Petrol,Automatic,72063,Sedan,4547,Elantra
813,HYUNDAI,2016,2.0,LPG,Automatic,225968,Sedan,11290,Sonata
814,VOLKSWAGEN,2012,2.5,Petrol,Tiptronic,115326,Sedan,10349,Passat
815,TOYOTA,2012,1.5,Hybrid,Variator,128002,Hatchback,14113,Prius C
816,MERCEDES-BENZ,2004,3.2,Petrol,Tiptronic,140430,Coupe,14740,CLK 320 AMG
817,HYUNDAI,2014,1.8,Petrol,Automatic,109361,Sedan,14113,Elantra
818,NISSAN,2005,1.5,Petrol,Automatic,102526,Hatchback,9722,Tiida
819,CHEVROLET,2016,1.6,Diesel,Automatic,20497,Sedan,12541,Cruze
820,BMW,2014,2.0,Petrol,Tiptronic,14479,Sedan,29166,328
821,BMW,2002,3.0,Diesel,Automatic,186411,Sedan,11604,730 3.0
822,KIA,2013,2.0,Petrol,Automatic,88645,Sedan,2901,Optima
823,TOYOTA,2016,2.5,Petrol,Tiptronic,23861,Sedan,36379,Camry
824,MERCEDES-BENZ,2000,1.8,Petrol,Manual,40927,Sedan,14113,C 180
825,HYUNDAI,2010,2.5,Diesel,Automatic,28446,Minivan,26196,H1
826,HONDA,2014,1.3,Hybrid,Automatic,47846,Hatchback,18503,Insight
827,CHEVROLET,2010,1.0,Petrol,Automatic,80834,Sedan,5802,Matiz
828,MITSUBISHI,2003,1.5,Petrol,Variator,108740,Sedan,5370,Colt
829,BMW,2016,2.0,Petrol,Automatic,19884,Sedan,36065,328
830,TOYOTA,2014,2.5,Hybrid,Automatic,68225,Sedan,5488,Camry
831,HYUNDAI,2018,2.0,Petrol,Automatic,24931,Sedan,11133,Elantra
832,SSANGYONG,2010,2.0,Diesel,Automatic,95031,Sedan,14821,Actyon
833,CHEVROLET,2009,1.8,Petrol,Automatic,41814,Sedan,7066,Cruze
834,HYUNDAI,2010,2.2,Diesel,Automatic,56789,Jeep,10976,Santa FE
835,OPEL,1999,1.6,CNG,Manual,13049,Universal,8154,Astra
836,HYUNDAI,2014,2.0,LPG,Automatic,232480,Sedan,10036,Sonata
837,HYUNDAI,2011,1.6,Petrol,Tiptronic,44739,Hatchback,15681,Veloster
838,JEEP,2012,2.4,Petrol,Automatic,40843,Jeep,25264,Compass
839,MERCEDES-BENZ,1998,2.3,CNG,Automatic,124274,Sedan,8154,E 230
840,TOYOTA,2010,1.8,Hybrid,Automatic,122410,Hatchback,19444,Prius
841,TOYOTA,2012,1.5,Hybrid,Automatic,100041,Hatchback,15053,Aqua
842,TOYOTA,2008,1.5,Hybrid,Automatic,113090,Hatchback,11000,Prius
843,NISSAN,2005,4.0,Petrol,Automatic,73631,Jeep,16621,X-Terra
844,HYUNDAI,2010,2.5,Diesel,Automatic,52611,Minivan,24932,H1
845,HYUNDAI,2015,2.0,Diesel,Automatic,96808,Jeep,48697,Santa FE
846,MERCEDES-BENZ,2002,2.2,Diesel,Manual,173984,Goods wagon,19726,Sprinter 411
847,TOYOTA,2013,2.5,Petrol,Automatic,36661,Jeep,28225,RAV 4
848,OPEL,1998,2.2,Petrol,Manual,18641,Minivan,3000,Sintra
849,TOYOTA,2015,1.5,Hybrid,Automatic,54681,Sedan,17562,Prius C
850,HYUNDAI,2016,2.5,Diesel,Automatic,68953,Universal,42764,H1
851,CHEVROLET,2015,2.0,LPG,Automatic,20712,Jeep,16778,Orlando
852,HYUNDAI,2010,2.0,Diesel,Automatic,94194,Jeep,24709,Tucson
853,BMW,2005,4.4,Petrol,Tiptronic,621,Jeep,5645,X5 M
854,LEXUS,2010,4.6,Petrol,Automatic,96823,Jeep,39829,GX 460
855,TOYOTA,2012,1.5,Petrol,Automatic,91963,Hatchback,17405,Aqua
856,MERCEDES-BENZ,2006,2.2,Diesel,Manual,62137,Microbus,21953,Sprinter
857,MERCEDES-BENZ,2004,3.5,Petrol,Tiptronic,131288,Sedan,16621,CLS 350
858,FORD,2007,2.4,Diesel,Manual,180198,Microbus,45473,Transit 350T
859,MERCEDES-BENZ,2010,3.0,Diesel,Tiptronic,77050,Jeep,31047,ML 350
860,MERCEDES-BENZ,2015,2.2,Diesel,Manual,205052,Minivan,49864,Vito
861,FORD,2014,2.0,Hybrid,Automatic,112344,Sedan,20385,Fusion
862,BMW,2015,3.0,Petrol,Automatic,45585,Coupe,6429,435
863,FORD,2016,1.6,Petrol,Automatic,46479,Sedan,15677,Fiesta
864,LEXUS,2015,3.5,Hybrid,Automatic,89241,Jeep,13956,RX 450
865,JEEP,2009,2.4,Petrol,Automatic,101822,Jeep,15693,Compass
866,FORD,2013,2.0,Petrol,Tiptronic,85128,Sedan,21012,Fusion
867,SUBARU,2013,2.0,Hybrid,Automatic,497,Jeep,23521,XV
868,TOYOTA,2017,1.5,Hybrid,Automatic,5609,Universal,54048,Aqua
869,TOYOTA,2008,1.5,Hybrid,Variator,88235,Hatchback,15053,Prius
870,MITSUBISHI,2004,2.0,CNG,Tiptronic,138642,Jeep,2500,Outlander 2.0
871,NISSAN,2012,1.6,Petrol,Automatic,62137,Jeep,19444,Juke
872,VOLKSWAGEN,2011,1.2,Petrol,Tiptronic,50331,Hatchback,8500,Polo
873,OPEL,2001,1.8,Petrol,Automatic,142915,Hatchback,4547,Astra G
874,HONDA,2017,1.5,Hybrid,Automatic,2159,Universal,38822,FIT
875,HYUNDAI,2012,1.6,Diesel,Automatic,37581,Hatchback,9408,Accent
876,MITSUBISHI,1996,2.4,Petrol,Automatic,68972,Minivan,3763,Delica
877,VOLKSWAGEN,2014,1.8,Petrol,Tiptronic,67108,Sedan,20385,Passat
878,PORSCHE,2013,3.4,Petrol,Automatic,58415,Coupe,6429,911
879,VOLKSWAGEN,2013,2.5,Petrol,Tiptronic,55923,Sedan,17249,Passat
880,VOLKSWAGEN,2013,1.8,Petrol,Tiptronic,49710,Sedan,17876,Passat
881,SSANGYONG,2011,2.0,Diesel,Automatic,70444,Jeep,24709,REXTON
882,HYUNDAI,2016,1.6,Petrol,Tiptronic,16777,Jeep,49237,Tucson
883,TOYOTA,2010,1.8,Hybrid,Automatic,93206,Hatchback,16621,Prius
884,MERCEDES-BENZ,2017,3.5,Petrol,Automatic,59366,Jeep,39201,GLE 350
885,CHEVROLET,2012,2.0,Petrol,Automatic,81451,Sedan,21410,Malibu
886,SSANGYONG,2010,2.7,Diesel,Automatic,94417,Jeep,24029,REXTON
887,NISSAN,2012,4.0,Petrol,Automatic,105633,Jeep,26657,Pathfinder
888,HONDA,2017,1.5,Hybrid,Automatic,18156,Universal,41867,FIT
889,HYUNDAI,2016,2.0,Petrol,Automatic,39573,Sedan,44608,Sonata
890,HYUNDAI,2018,1.6,Petrol,Automatic,12669,Sedan,37066,Elantra
891,HYUNDAI,2012,2.0,LPG,Automatic,56803,Sedan,7683,Sonata
892,TOYOTA,2012,1.8,Hybrid,Tiptronic,42253,Hatchback,21953,Prius
893,TOYOTA,2013,1.5,Hybrid,Automatic,122941,Hatchback,1803,Prius
894,NISSAN,2015,1.6,Petrol,Automatic,54976,Jeep,3763,Juke
895,VOLKSWAGEN,2015,1.8,Petrol,Automatic,28338,Sedan,14113,Jetta
896,SSANGYONG,2010,2.7,Diesel,Automatic,60996,Jeep,19416,REXTON
897,TOYOTA,2012,2.5,Petrol,Tiptronic,103396,Sedan,26657,Camry
898,HONDA,2009,1.3,Petrol,Variator,86174,Hatchback,11917,Insight
899,MERCEDES-BENZ,2015,2.0,Petrol,Tiptronic,26719,Coupe,34184,CLA 250
900,OPEL,2010,1.7,Diesel,Manual,109361,Minivan,13799,Zafira
901,NISSAN,1998,1.0,Petrol,Automatic,97555,Hatchback,2195,March
902,HONDA,2013,1.3,Hybrid,Automatic,72440,Hatchback,5758,FIT
903,HONDA,2011,1.3,Hybrid,Automatic,93206,Hatchback,4547,Insight
904,TOYOTA,2002,1.5,Petrol,Automatic,69041,Hatchback,11149,Ist 1.5
905,KIA,2016,2.0,Petrol,Automatic,18089,Sedan,20228,Optima
906,TOYOTA,2017,3.5,Petrol,Automatic,68339,Sedan,11133,Sienna
907,MINI,2014,1.6,Petrol,Tiptronic,32125,Jeep,29793,Countryman
908,SSANGYONG,2015,2.0,Diesel,Automatic,38246,Jeep,43868,REXTON
909,VAZ,2006,1.5,Petrol,Manual,81400,Sedan,4704,2107
910,HYUNDAI,2015,2.0,LPG,Automatic,27038,Sedan,9418,Sonata
911,NISSAN,2005,1.5,Petrol,Automatic,10130,Sedan,8467,Note
912,NISSAN,2006,4.0,Petrol,Automatic,116942,Jeep,13485,Pathfinder
913,NISSAN,2002,2.5,CNG,Automatic,105633,Minivan,7683,Serena
914,TOYOTA,2013,1.8,Hybrid,Variator,39262,Hatchback,22894,Prius
915,OPEL,1998,1.6,Petrol,Manual,124274,Hatchback,7840,Astra
916,DAEWOO,2010,1.8,Petrol,Automatic,53675,Sedan,5739,Lacetti
917,HYUNDAI,2014,2.0,LPG,Automatic,37810,Sedan,10515,Sonata
918,MITSUBISHI,2001,2.4,LPG,Tiptronic,86992,Universal,8154,Airtrek
919,FORD,2010,2.5,Hybrid,Automatic,42378,Sedan,14113,Fusion
920,HYUNDAI,2014,2.5,Diesel,Automatic,105079,Minivan,35902,H1
921,HONDA,2010,1.3,Petrol,Automatic,91874,Hatchback,14115,FIT
922,TOYOTA,1998,3.0,Petrol,Automatic,136702,Jeep,5331,Harrier
923,JAGUAR,2013,2.2,Diesel,Automatic,44242,Sedan,38445,XF
924,FORD,2010,3.7,Petrol,Automatic,99419,Coupe,26657,Mustang
925,HYUNDAI,2008,2.5,Diesel,Automatic,40777,Minivan,15210,H1
926,KIA,2019,1.6,Petrol,Automatic,2485,Universal,51746,Ceed
927,BMW,2009,3.0,Petrol,Tiptronic,105633,Sedan,43592,X6 M
928,SSANGYONG,2016,1.6,Diesel,Automatic,21995,Jeep,44134,Actyon
929,TOYOTA,2013,2.5,Petrol,Tiptronic,71534,Sedan,21953,Camry se
930,SSANGYONG,2007,2.7,Diesel,Automatic,46568,Jeep,4391,Kyron
931,MITSUBISHI,2018,2.0,Hybrid,Automatic,37080,Jeep,21953,Outlander
932,HYUNDAI,2019,2.0,Petrol,Automatic,20936,Sedan,29793,Elantra
933,SKODA,2009,1.6,Petrol,Manual,97555,Sedan,10820,Octavia
934,TOYOTA,2015,1.8,Hybrid,Automatic,147202,Hatchback,2352,Prius
935,HYUNDAI,2012,2.0,LPG,Automatic,53109,Sedan,6899,Sonata
936,SUBARU,2015,2.0,Petrol,Automatic,155346,Jeep,19444,XV
937,TOYOTA,2012,2.5,Hybrid,Automatic,74565,Sedan,20385,Camry
938,TOYOTA,2017,1.8,Petrol,Automatic,14285,Sedan,4861,Corolla
939,CHEVROLET,2009,1.6,Petrol,Automatic,33202,Sedan,5927,Cruze
940,MITSUBISHI,2000,3.5,CNG,Automatic,178796,Jeep,7840,Pajero
941,VOLKSWAGEN,2006,2.0,Petrol,Tiptronic,124274,Sedan,10663,Passat
942,TOYOTA,2019,2.0,Petrol,Automatic,48730,Jeep,5488,CHR
943,MAZDA,2015,2.0,Petrol,Automatic,42144,Hatchback,13485,Mazda 3 SPORT
944,NISSAN,2012,1.6,Petrol,Automatic,59030,Jeep,21326,Juke
945,TOYOTA,2010,1.8,Hybrid,Variator,77403,Hatchback,12544,Prius
946,TOYOTA,2004,2.4,Petrol,Automatic,121167,Minivan,9408,Ipsum
947,TOYOTA,2013,1.8,Hybrid,Variator,174978,Hatchback,10820,Prius
948,HYUNDAI,2018,1.6,Petrol,Automatic,22661,Sedan,34406,Elantra
949,HYUNDAI,2016,2.0,Diesel,Automatic,77814,Jeep,35140,Tucson
950,TOYOTA,2012,1.5,Petrol,Automatic,17398,Hatchback,22502,Aqua
951,HYUNDAI,2013,2.0,Petrol,Automatic,144768,Sedan,4234,Sonata
952,TOYOTA,2015,2.5,Petrol,Tiptronic,37779,Jeep,40769,RAV 4
953,TOYOTA,2016,2.5,Hybrid,Variator,18891,Jeep,47042,RAV 4
954,JEEP,2005,3.7,Petrol,Tiptronic,114954,Jeep,10976,Grand Cherokee
955,FORD,2011,3.5,Petrol,Automatic,62598,Jeep,50767,Explorer
956,HYUNDAI,2010,2.5,Diesel,Automatic,28118,Minivan,15649,H1
957,FORD,2014,2.5,Petrol,Automatic,113688,Sedan,2901,Fusion
958,HYUNDAI,2011,2.0,Petrol,Automatic,32311,Jeep,30107,IX35
959,SSANGYONG,2010,2.7,Diesel,Automatic,90236,Jeep,18240,REXTON
960,HONDA,2002,2.0,Petrol,Manual,104390,Jeep,9722,Cr-v
961,NISSAN,2008,1.5,Petrol,Automatic,103769,Sedan,10036,Tiida 2008
962,HYUNDAI,2012,1.8,Petrol,Automatic,67108,Sedan,16935,Elantra
963,NISSAN,2003,3.3,CNG,Manual,186411,Jeep,10976,X-Terra
964,KIA,2016,2.0,Diesel,Tiptronic,16777,Jeep,53314,Sportage
965,VOLKSWAGEN,2012,2.0,Petrol,Tiptronic,41071,Sedan,7997,Jetta
966,FORD,2015,1.6,Petrol,Automatic,34920,Sedan,16621,Fiesta
967,HYUNDAI,2011,2.0,Petrol,Automatic,99419,Coupe,18124,Genesis
968,KIA,2010,1.0,Petrol,Automatic,7456,Sedan,6269,Picanto
969,TOYOTA,2018,2.5,Petrol,Automatic,10563,Sedan,51746,Camry
970,TOYOTA,2013,2.5,Hybrid,Automatic,77617,Sedan,3763,Camry
971,HYUNDAI,2015,2.0,LPG,Automatic,31400,Sedan,14740,Sonata
972,HYUNDAI,2015,1.6,Petrol,Automatic,84120,Sedan,16621,Elantra
973,CHEVROLET,2016,1.6,Diesel,Automatic,92026,Jeep,20846,Orlando
974,HYUNDAI,2012,2.0,LPG,Automatic,158947,Sedan,12143,Sonata
975,MITSUBISHI,1996,0.7,Petrol,Manual,37655,Pickup,8781,Minica
976,TOYOTA,2013,1.5,Hybrid,Variator,62137,Hatchback,14113,Aqua
977,TOYOTA,2010,1.8,Hybrid,Automatic,102526,Sedan,17249,Prius
978,HYUNDAI,2017,1.6,Petrol,Automatic,54929,Sedan,30740,Elantra
979,HYUNDAI,2010,2.0,Petrol,Automatic,111416,Sedan,15132,Sonata
980,TOYOTA,2012,3.5,Petrol,Automatic,177206,Jeep,9565,Highlander
981,NISSAN,2012,1.6,Petrol,Automatic,107855,Jeep,3763,Juke
982,BMW,2016,2.0,Petrol,Automatic,32268,Sedan,3136,328
983,NISSAN,2013,1.8,Petrol,Automatic,83512,Sedan,17876,Sentra
984,CHEVROLET,2011,1.8,Petrol,Automatic,106175,Sedan,9832,Cruze
985,HYUNDAI,2017,1.6,Petrol,Automatic,27865,Jeep,52696,Tucson
986,MERCEDES-BENZ,2014,1.8,Petrol,Automatic,52817,Sedan,29479,C 250
987,MERCEDES-BENZ,2014,3.5,Diesel,Automatic,90966,Sedan,1882,E 350
988,MITSUBISHI,2004,2.0,CNG,Automatic,93206,Universal,10663,Airtrek
989,TOYOTA,2016,1.8,Hybrid,Automatic,98177,Sedan,36065,Prius
990,TOYOTA,2012,2.5,Petrol,Automatic,56545,Sedan,23521,Camry
991,TOYOTA,2013,2.5,Hybrid,Automatic,77617,Sedan,3763,Camry
992,OPEL,2003,1.7,Diesel,Manual,69041,Goods wagon,5331,Combo
993,TOYOTA,2010,1.8,Hybrid,Automatic,179508,Hatchback,2274,Prius
994,MERCEDES-BENZ,2011,3.5,Diesel,Automatic,115912,Jeep,2038,ML 350
995,NISSAN,2017,2.5,Petrol,Automatic,21064,Sedan,4234,Frontier
996,LEXUS,2010,3.5,Hybrid,Automatic,115578,Jeep,13328,RX 450
997,MITSUBISHI,2011,2.4,Petrol,Tiptronic,87613,Jeep,19444,Outlander
998,CHEVROLET,2018,1.4,Petrol,Automatic,20846,Sedan,16151,Cruze LT
999,HYUNDAI,2017,1.7,Diesel,Automatic,10210,Jeep,45210,Tucson
1000,CHEVROLET,2012,2.0,Diesel,Automatic,160361,Jeep,14294,Orlando
1001,HYUNDAI,2012,1.6,Petrol,Automatic,106076,Sedan,14166,Elantra
1002,FORD,2009,1.6,Diesel,Manual,142915,Goods wagon,9408,Focus
1003,NISSAN,2004,2.3,Petrol,Automatic,142915,Sedan,7840,Teana
1004,HYUNDAI,2016,2.0,Petrol,Automatic,20850,Sedan,48873,Sonata
1005,HONDA,2006,3.5,LPG,Automatic,173984,Minivan,10976,Odyssey
1006,TOYOTA,2010,1.8,Hybrid,Automatic,61372,Hatchback,9252,Prius
1007,HYUNDAI,2015,1.6,Petrol,Automatic,89477,Sedan,17249,Accent
1008,TOYOTA,2013,2.5,Petrol,Tiptronic,13919,Sedan,20385,Camry
1009,HONDA,2012,1.3,Hybrid,Automatic,91342,Hatchback,12231,FIT
1010,MERCEDES-BENZ,2012,1.8,Petrol,Automatic,65244,Sedan,24462,C 250
1011,TOYOTA,2012,1.5,Hybrid,Automatic,51698,Sedan,19757,Prius C
1012,NISSAN,2013,3.5,Petrol,Automatic,81323,Sedan,1490,Altima
1013,SSANGYONG,2017,1.6,Petrol,Automatic,49974,Jeep,33823,Actyon
1014,HYUNDAI,2010,2.0,Petrol,Automatic,51427,Sedan,13589,Sonata
1015,HYUNDAI,2014,2.4,Hybrid,Tiptronic,64623,Sedan,24462,Sonata
1016,MERCEDES-BENZ,2016,2.0,Petrol,Tiptronic,54116,Jeep,53941,GLA 250
1017,HYUNDAI,2016,2.0,Diesel,Automatic,67594,Jeep,34905,Tucson
1018,BMW,2004,2.5,Petrol,Tiptronic,108119,Cabriolet,11917,325 CI
1019,NISSAN,2011,1.6,Petrol,Variator,98177,Jeep,17249,Juke
1020,HYUNDAI,2011,1.6,Diesel,Automatic,32224,Hatchback,11290,I30
1021,BMW,2006,3.0,Petrol,Tiptronic,28991,Coupe,15681,335
1022,DAEWOO,2009,1.6,Petrol,Automatic,99192,Sedan,5018,Lacetti
1023,HYUNDAI,2014,2.5,Diesel,Automatic,90854,Minivan,30750,H1
1024,KIA,2015,2.4,Petrol,Tiptronic,42253,Sedan,15681,Optima
1025,HYUNDAI,2007,1.6,Petrol,Automatic,109901,Sedan,12140,Elantra
1026,MERCEDES-BENZ,2005,1.5,Petrol,Automatic,62137,Hatchback,3700,Smart
1027,TOYOTA,2017,2.0,Petrol,Tiptronic,34797,Jeep,44533,CHR
1028,MERCEDES-BENZ,2005,1.9,Petrol,Tiptronic,75807,Sedan,6272,A 190
1029,MERCEDES-BENZ,2013,3.5,Petrol,Automatic,41321,Coupe,20698,E 350
1030,TOYOTA,2014,2.5,Petrol,Automatic,33125,Sedan,8154,Camry
1031,HYUNDAI,2010,2.4,Petrol,Tiptronic,105633,Sedan,24462,Santa FE
1032,NISSAN,2006,2.5,Petrol,Automatic,99419,Sedan,8467,Altima
1033,VOLKSWAGEN,2015,1.8,Petrol,Tiptronic,47721,Sedan,18189,Jetta სპორტ
1034,MERCEDES-BENZ,1996,2.2,Diesel,Manual,236121,Sedan,7527,E 220
1035,TOYOTA,2015,1.8,Petrol,Automatic,42391,Sedan,19444,Corolla LE
1036,HYUNDAI,2011,1.6,Petrol,Automatic,72038,Sedan,20005,Elantra
1037,CHEVROLET,2009,1.6,Petrol,Automatic,82021,Sedan,10381,Lacetti
1038,HYUNDAI,2016,2.0,LPG,Automatic,146184,Sedan,15681,Sonata
1039,HYUNDAI,2012,1.6,Petrol,Automatic,81187,Sedan,11917,Elantra
1040,BMW,2011,3.5,Petrol,Tiptronic,109411,Jeep,20071,X5
1041,SSANGYONG,2013,2.0,Diesel,Automatic,95792,Jeep,19416,Korando
1042,TOYOTA,2014,1.8,Hybrid,Automatic,30447,Hatchback,20385,Prius
1043,HYUNDAI,2016,1.6,LPG,Automatic,17073,Sedan,20071,Elantra
1044,HYUNDAI,2011,2.0,Diesel,Automatic,149284,Jeep,13962,Santa FE
1045,HONDA,2017,1.5,Petrol,Automatic,25487,Hatchback,61471,Civic
1046,TOYOTA,2012,1.5,Petrol,Automatic,69594,Hatchback,17844,Aqua
1047,HONDA,2011,1.3,Hybrid,Variator,75952,Sedan,7527,FIT
1048,MERCEDES-BENZ,2012,3.0,Diesel,Automatic,111549,Jeep,43905,ML 350
1049,SSANGYONG,2014,2.0,Diesel,Automatic,26223,Jeep,20244,Korando
1050,FORD,2014,2.5,Petrol,Tiptronic,124876,Goods wagon,9408,Transit Connect ბენზინი
1051,CHEVROLET,2012,1.8,Petrol,Automatic,97418,Sedan,10958,Cruze
1052,HYUNDAI,2011,2.0,Diesel,Automatic,70836,Jeep,21181,Tucson
1053,LEXUS,2010,4.6,Petrol,Automatic,96823,Jeep,39829,GX 460
1054,HONDA,2005,2.4,Petrol,Manual,77671,Jeep,15994,Cr-v
1055,TOYOTA,2012,1.8,Hybrid,Automatic,145129,Hatchback,14269,Prius
1056,FORD,2013,2.0,Hybrid,Automatic,199183,Sedan,3763,Fusion
1057,VOLKSWAGEN,1999,1.4,Petrol,Manual,134838,Hatchback,3000,Golf
1058,HYUNDAI,2014,2.5,Diesel,Automatic,60207,Minivan,31581,H1
1059,TOYOTA,2013,1.8,Hybrid,Automatic,44739,Hatchback,23207,Prius
1060,MERCEDES-BENZ,1996,1.8,Petrol,Manual,142915,Sedan,6500,C 180
1061,BMW,2017,3.0,Petrol,Automatic,50740,Jeep,16935,X5
1062,CHEVROLET,2014,1.4,Hybrid,Automatic,69670,Hatchback,3136,Volt
1063,LEXUS,2010,4.6,Petrol,Automatic,171026,Jeep,15681,GX 460
1064,HYUNDAI,2013,2.0,Diesel,Automatic,39929,Jeep,20636,Tucson
1065,KIA,2013,2.4,Petrol,Automatic,129293,Jeep,25402,Sorento
1066,HYUNDAI,2016,2.0,Petrol,Tiptronic,10936,Sedan,21953,Elantra limited
1067,TOYOTA,2007,1.3,Petrol,Automatic,51574,Sedan,10976,Vitz
1068,MERCEDES-BENZ,2011,3.5,Diesel,Automatic,74179,Sedan,16621,E 350
1069,HYUNDAI,2012,1.8,Petrol,Automatic,54059,Sedan,14740,Elantra
1070,TOYOTA,2007,2.4,LPG,Automatic,104031,Sedan,17876,Camry S
1071,NISSAN,2002,2.0,Petrol,Automatic,83885,Jeep,11604,X-Trail
1072,OPEL,2001,1.6,Petrol,Manual,91342,Hatchback,10036,Astra
1073,HONDA,2010,1.5,Petrol,Automatic,102402,Hatchback,10506,FIT SPORT
1074,TOYOTA,2010,1.8,Hybrid,Automatic,140430,Hatchback,9346,Prius
1075,TOYOTA,2011,3.5,Petrol,Automatic,130822,Sedan,7213,Sienna
1076,SSANGYONG,2016,1.6,Diesel,Automatic,51361,Jeep,40092,Actyon
1077,CHEVROLET,2014,3.0,Petrol,Automatic,64001,Jeep,25089,Captiva
1078,BMW,2010,3.0,Petrol,Tiptronic,110604,Coupe,5645,330
1079,CHEVROLET,2016,1.4,Petrol,Tiptronic,49088,Sedan,14113,Cruze LT
1080,HYUNDAI,2017,2.0,Diesel,Automatic,74556,Jeep,51526,Santa FE
1081,TOYOTA,2012,1.8,Hybrid,Variator,36661,Hatchback,22266,Prius
1082,CHEVROLET,2012,1.4,Plug-in Hybrid,Automatic,66592,Sedan,9095,Volt
1083,CHEVROLET,2007,2.0,Diesel,Automatic,31325,Jeep,5331,Captiva
1084,HONDA,2015,1.5,Hybrid,Automatic,94575,Hatchback,9656,FIT
1085,MERCEDES-BENZ,2016,3.5,Diesel,Automatic,47973,Sedan,1568,E 350
1086,RENAULT,1996,1.6,Petrol,Manual,6214,Universal,1700,Laguna
1087,NISSAN,2013,1.2,Petrol,Automatic,53529,Hatchback,5209,March
1088,TOYOTA,2010,1.8,Hybrid,Automatic,172120,Sedan,14113,Prius
1089,HYUNDAI,2014,2.4,Petrol,Tiptronic,55302,Sedan,12544,Sonata
1090,TOYOTA,2011,2.5,Hybrid,Tiptronic,76643,Sedan,12231,Camry
1091,TOYOTA,2004,2.4,LPG,Automatic,109983,Minivan,14113,Ipsum S
1092,HYUNDAI,2010,2.0,Diesel,Automatic,129326,Jeep,20789,Santa FE
1093,ACURA,2015,3.5,Petrol,Automatic,43845,Sedan,10349,TLX
1094,MINI,2010,1.6,Petrol,Manual,62758,Coupe,14113,Cooper S Cabrio R56
1095,HONDA,1996,2.0,CNG,Automatic,149129,Jeep,5175,Cr-v
1096,HYUNDAI,2013,1.8,Petrol,Automatic,58191,Hatchback,1254,Elantra
1097,TOYOTA,2013,2.5,Hybrid,Variator,136702,Sedan,18503,Camry
1098,MERCEDES-BENZ,2012,3.0,Diesel,Automatic,168827,Jeep,26657,ML 350
1099,TOYOTA,2013,2.5,Petrol,Tiptronic,94448,Sedan,20500,Camry
1100,LEXUS,2012,4.6,Petrol,Automatic,142501,Jeep,52059,GX 460
1101,JEEP,2010,2.4,Petrol,Automatic,86992,Jeep,19281,Compass
1102,TOYOTA,2012,1.8,Hybrid,Variator,99419,Hatchback,18503,Prius
1103,MAZDA,2015,2.0,Petrol,Automatic,51359,Sedan,3136,Mx-5
1104,HYUNDAI,2014,2.5,Diesel,Automatic,81994,Minivan,32412,H1
1105,HYUNDAI,2015,1.6,Petrol,Automatic,84120,Sedan,16621,Elantra
1106,VOLKSWAGEN,2007,2.5,Diesel,Manual,141673,Goods wagon,22577,Crafter
1107,SSANGYONG,2016,1.6,Petrol,Automatic,22369,Jeep,42692,Actyon
1108,TOYOTA,2012,1.8,Plug-in Hybrid,Automatic,46603,Hatchback,25716,Prius plugin
1109,TOYOTA,2010,2.5,Petrol,Automatic,67391,Jeep,7213,RAV 4
1110,HYUNDAI,2014,2.0,LPG,Automatic,194296,Sedan,11604,Sonata
1111,HYUNDAI,2018,2.0,Petrol,Automatic,39268,Sedan,2979,Elantra
1112,KIA,2015,3.0,Petrol,Automatic,33412,Sedan,15681,Cadenza
1113,FORD,2013,1.7,Petrol,Automatic,44739,Hatchback,12544,Fiesta
1114,HYUNDAI,2016,2.0,Diesel,Automatic,55584,Jeep,52853,Santa FE
1115,TOYOTA,2013,2.5,Petrol,Tiptronic,55923,Sedan,18189,Camry
1116,MERCEDES-BENZ,1998,3.2,CNG,Automatic,142915,Sedan,9408,E 320
1117,HYUNDAI,2012,2.0,Petrol,Tiptronic,126263,Sedan,20385,Sonata 2.0t
1118,HONDA,2019,2.0,Petrol,Automatic,1819,Sedan,34635,Civic
1119,CHEVROLET,2013,2.0,Diesel,Automatic,89318,Jeep,17942,Orlando
1120,HYUNDAI,2013,1.8,Petrol,Automatic,50144,Sedan,12074,Elantra
1121,TOYOTA,2010,1.8,Hybrid,Automatic,129245,Hatchback,14269,Prius
1122,VOLKSWAGEN,2012,2.5,Petrol,Tiptronic,75062,Sedan,19757,Jetta
1123,JEEP,2010,3.8,Petrol,Manual,64001,Jeep,52687,Wrangler
1124,HONDA,2005,1.5,Petrol,Variator,105633,Hatchback,8781,FIT
1125,FORD,2017,2.0,Hybrid,Automatic,70129,Sedan,7056,Fusion
1126,SSANGYONG,2016,1.6,Diesel,Automatic,57718,Jeep,41578,Actyon
1127,HYUNDAI,2010,2.5,Diesel,Automatic,37604,Minivan,10036,H1
1128,HYUNDAI,2015,2.0,LPG,Automatic,207416,Sedan,10663,Sonata
1129,CHEVROLET,2010,1.8,Petrol,Automatic,109785,Sedan,12256,Lacetti
1130,MITSUBISHI,2006,1.5,Petrol,Automatic,105614,Hatchback,8000,Colt
1131,FORD,2013,2.0,Petrol,Tiptronic,621,Sedan,11604,Focus
1132,HYUNDAI,2016,2.0,Diesel,Automatic,93464,Jeep,40076,Santa FE
1133,TOYOTA,2008,1.5,Petrol,Variator,111847,Hatchback,7840,Prius C
1134,CHEVROLET,2014,1.4,Petrol,Automatic,91788,Sedan,17249,Cruze
1135,MERCEDES-BENZ,2008,2.8,Diesel,Tiptronic,176780,Sedan,21639,E 280
1136,HYUNDAI,2016,1.8,Petrol,Automatic,75708,Sedan,7683,Elantra
1137,HYUNDAI,2010,1.6,Petrol,Automatic,53848,Sedan,13178,Elantra
1138,TOYOTA,2014,2.5,Hybrid,Automatic,111462,Sedan,11133,Camry
1139,TOYOTA,2017,1.8,Hybrid,Automatic,29622,Sedan,1882,Prius
1140,MERCEDES-BENZ,2009,1.8,Petrol,Manual,133284,Sedan,10976,C 180
1141,HONDA,2015,1.8,Petrol,Automatic,41750,Sedan,34572,Civic
1142,BMW,2014,2.0,Petrol,Tiptronic,36661,Sedan,23521,320
1143,HYUNDAI,2014,2.4,Petrol,Tiptronic,69041,Sedan,17249,Sonata
1144,MERCEDES-BENZ,2001,2.0,Petrol,Manual,191165,Sedan,4200,C 180
1145,TOYOTA,2015,2.5,Petrol,Automatic,45939,Jeep,28225,RAV 4
1146,TOYOTA,2012,2.5,Hybrid,Automatic,97256,Sedan,3607,Camry
1147,HYUNDAI,2013,1.8,Petrol,Automatic,55053,Sedan,18033,Sonata S
1148,CHEVROLET,2013,2.0,Diesel,Automatic,44327,Jeep,10672,Orlando
1149,MERCEDES-BENZ,2009,4.4,Petrol,Automatic,99419,Jeep,43905,GL 450
1150,MERCEDES-BENZ,2007,1.7,Petrol,Tiptronic,88235,Sedan,9408,B 170
1151,KIA,2016,1.6,Diesel,Automatic,18281,Sedan,18660,Cerato
1152,MINI,2011,1.6,Petrol,Automatic,77040,Hatchback,18817,Countryman
1153,SUBARU,2004,2.0,Petrol,Tiptronic,62758,Sedan,6899,Legacy
1154,FORD,2011,3.5,Petrol,Automatic,119933,Jeep,1960,Edge
1155,SSANGYONG,2011,2.0,Diesel,Automatic,124424,Jeep,20005,REXTON
1156,TOYOTA,2007,1.5,Hybrid,Automatic,184920,Hatchback,11290,Prius
1157,HYUNDAI,2014,2.0,LPG,Automatic,115141,Sedan,13799,Sonata
1158,HYUNDAI,2013,1.6,Petrol,Automatic,115308,Sedan,2979,Veloster
1159,MERCEDES-BENZ,2012,3.5,Diesel,Automatic,79661,Sedan,4861,E 350
1160,HONDA,2017,1.5,Petrol,Automatic,16259,Hatchback,58172,Civic
1161,CHRYSLER,2003,2.0,LPG,Tiptronic,68351,Sedan,7840,PT Cruiser
1162,HYUNDAI,2016,2.0,Diesel,Automatic,50168,Jeep,53154,Santa FE
1163,OPEL,1999,1.6,Petrol,Manual,62137,Sedan,6272,Astra 1600
1164,HYUNDAI,2014,3.0,Diesel,Automatic,70925,Minivan,31581,H1
1165,FORD,2016,2.2,Diesel,Manual,34797,Microbus,42337,Transit
1166,HONDA,2012,1.3,Hybrid,Variator,37282,Hatchback,8467,FIT
1167,MERCEDES-BENZ,2010,3.5,Diesel,Automatic,117768,Sedan,12388,E 350
1168,HYUNDAI,2016,2.5,Diesel,Automatic,37939,Universal,45734,H1
1169,HYUNDAI,2011,2.4,Hybrid,Tiptronic,111350,Sedan,19757,Sonata blue edition
1170,HYUNDAI,2014,2.0,LPG,Automatic,33893,Sedan,11299,Sonata
1171,MERCEDES-BENZ,2016,3.0,Petrol,Automatic,31049,Sedan,1725,CLS 55 AMG
1172,MERCEDES-BENZ,2003,2.2,Diesel,Tiptronic,173984,Sedan,10976,E 220
1173,CHEVROLET,2011,2.4,Petrol,Automatic,49710,Jeep,1568,Equinox
1174,TOYOTA,2013,1.5,Petrol,Automatic,83066,Hatchback,11177,Aqua
1175,HYUNDAI,2010,2.0,Diesel,Automatic,116869,Jeep,23138,Santa FE
1176,TOYOTA,2005,1.5,Hybrid,Variator,160935,Hatchback,10976,Prius
1177,VOLKSWAGEN,2012,2.5,Petrol,Tiptronic,74962,Sedan,19757,Jetta
1178,TOYOTA,2014,1.8,Hybrid,Automatic,211086,Jeep,14113,Prius
1179,OPEL,2003,1.7,Diesel,Manual,146022,Goods wagon,5959,Combo
1180,TOYOTA,2012,2.5,Petrol,Automatic,51884,Jeep,25089,RAV 4
1181,HYUNDAI,2013,1.8,Petrol,Tiptronic,31407,Sedan,16308,Elantra
1182,CHEVROLET,2007,2.0,Diesel,Automatic,47347,Jeep,6429,Captiva
1183,FORD,2014,2.0,Petrol,Automatic,50331,Sedan,12544,Focus
1184,BMW,2001,1.9,Petrol,Tiptronic,113711,Universal,7840,320 M
1185,HYUNDAI,2012,1.6,Petrol,Automatic,78032,Sedan,16599,Elantra
1186,FIAT,2015,1.4,Petrol,Manual,11806,Coupe,15367,500
1187,MERCEDES-BENZ,2003,2.2,Diesel,Tiptronic,185790,Sedan,11604,C 200
1188,TOYOTA,2010,2.0,Petrol,Variator,103955,Jeep,23207,RAV 4
1189,MERCEDES-BENZ,2007,2.2,Diesel,Manual,124274,Minivan,42651,Sprinter VAN
1190,TOYOTA,2002,1.5,Petrol,Automatic,72700,Hatchback,8781,Ist
1191,HYUNDAI,2018,1.6,Petrol,Automatic,3223,Sedan,64463,Sonata
1192,TOYOTA,2010,1.8,Petrol,Automatic,100662,Sedan,18503,Prius
1193,HYUNDAI,2014,2.5,Diesel,Automatic,68651,Minivan,35736,H1
1194,TOYOTA,2014,1.5,Petrol,Automatic,21748,Hatchback,25638,Aqua
1195,MERCEDES-BENZ,1999,4.3,Petrol,Tiptronic,71458,Coupe,7213,CLK 430
1196,HYUNDAI,2012,2.4,Petrol,Automatic,70727,Sedan,11917,Grandeur
1197,LEXUS,2011,3.5,Petrol,Automatic,160976,Sedan,8154,IS 350
1198,OPEL,2004,2.2,Diesel,Automatic,96934,Goods wagon,7527,Vectra
1199,HYUNDAI,2014,1.6,Diesel,Automatic,69116,Sedan,18826,Elantra
1200,LEXUS,2011,1.8,Hybrid,Automatic,139353,Hatchback,3293,CT 200h
1201,CHEVROLET,2017,1.4,Petrol,Automatic,43745,Sedan,24462,Cruze
1202,NISSAN,2003,2.3,Petrol,Automatic,90099,Sedan,7840,Teana
1203,TOYOTA,2011,1.8,Hybrid,Automatic,9258,Hatchback,15053,Prius
1204,HONDA,2015,1.8,Petrol,Automatic,36158,Coupe,17562,Civic EX
1205,HONDA,2015,1.8,Petrol,Automatic,18020,Sedan,40889,Civic
1206,HYUNDAI,2018,2.4,Petrol,Automatic,34890,Sedan,11133,Santa FE
1207,NISSAN,2014,1.8,Petrol,Automatic,29826,Sedan,17000,Fuga
1208,HYUNDAI,2016,1.6,LPG,Automatic,18557,Sedan,18503,Elantra
1209,CHEVROLET,2008,2.0,Diesel,Automatic,41777,Jeep,7683,Captiva
1210,FORD,2011,2.5,Hybrid,Automatic,95691,Sedan,15053,Fusion
1211,MERCEDES-BENZ,2006,2.2,Diesel,Manual,19884,Minivan,51746,Vito
1212,LINCOLN,2013,2.0,Hybrid,Variator,51460,Sedan,37633,MKZ
1213,BMW,2011,3.0,Petrol,Tiptronic,66487,Sedan,18817,528
1214,HYUNDAI,2015,2.0,Diesel,Automatic,55565,Jeep,39559,Tucson
1215,HYUNDAI,2014,2.0,Diesel,Automatic,73232,Jeep,35046,Tucson
1216,HYUNDAI,2011,2.0,Diesel,Automatic,44966,Jeep,13172,Santa FE
1217,HONDA,2013,1.5,Petrol,Variator,74565,Hatchback,11290,FIT
1218,HYUNDAI,2010,2.0,Diesel,Automatic,108119,Jeep,21953,Santa FE
1219,CHEVROLET,2014,2.0,Petrol,Automatic,75683,Sedan,26613,Malibu
1220,HONDA,2018,1.5,Petrol,Automatic,10020,Coupe,34889,Civic
1221,LEXUS,2010,4.6,Petrol,Automatic,221982,Jeep,40142,GX 470
1222,HYUNDAI,2011,1.8,Petrol,Automatic,191694,Jeep,2195,Elantra
1223,CHEVROLET,2014,1.4,Petrol,Automatic,50952,Sedan,14113,Cruze strocna
1224,CHEVROLET,2014,1.8,Petrol,Automatic,28384,Jeep,5331,Cruze
1225,MINI,2014,1.6,Petrol,Tiptronic,33206,Hatchback,43278,Countryman S
1226,TOYOTA,2002,2.4,Petrol,Automatic,124274,Minivan,9408,Ipsum
1227,HYUNDAI,2011,1.6,Petrol,Tiptronic,71582,Hatchback,15681,Veloster
1228,CHEVROLET,2009,1.6,Diesel,Automatic,23770,Sedan,8947,Lacetti
1229,NISSAN,2006,1.5,Petrol,Variator,86371,Hatchback,8467,Tiida AXIS
1230,TOYOTA,2010,1.8,Petrol,Automatic,108119,Sedan,16621,Prius
1231,HYUNDAI,2015,1.8,Petrol,Tiptronic,34797,Sedan,18817,Elantra
1232,SUBARU,2000,2.0,CNG,Automatic,124274,Sedan,3450,Legacy
1233,TOYOTA,2011,1.8,Hybrid,Variator,72079,Hatchback,12858,Prius
1234,MERCEDES-BENZ,2017,2.0,Petrol,Automatic,27637,Jeep,2509,GLA 250
1235,HYUNDAI,2010,1.6,Petrol,Automatic,62735,Sedan,10406,Elantra
1236,CHEVROLET,2014,1.4,Petrol,Automatic,32311,Sedan,9095,Cruze
1237,MERCEDES-BENZ,2001,2.0,Petrol,Tiptronic,160935,Coupe,7840,CLK 200
1238,HONDA,2013,1.3,Hybrid,Automatic,69845,Universal,9593,FIT
1239,MERCEDES-BENZ,2010,3.5,Diesel,Automatic,117768,Sedan,12388,E 350
1240,TOYOTA,2012,1.5,Petrol,Automatic,119303,Hatchback,17562,Prius C
1241,TOYOTA,2012,1.5,Hybrid,Automatic,77671,Hatchback,9722,Aqua
1242,SUZUKI,2006,1.5,Petrol,Automatic,11806,Hatchback,7840,Swift
1243,TOYOTA,2007,1.5,Hybrid,Automatic,105633,Hatchback,12600,Prius
1244,FORD,2014,2.0,Hybrid,Automatic,77356,Sedan,4861,Fusion
1245,TOYOTA,2017,1.5,Petrol,Automatic,10717,Hatchback,42601,Aqua
1246,BMW,2016,2.0,Petrol,Tiptronic,19884,Sedan,49864,528
1247,HYUNDAI,2013,1.6,Petrol,Automatic,122067,Sedan,17942,Elantra
1248,HYUNDAI,2011,2.0,Diesel,Automatic,109756,Jeep,23408,Santa FE
1249,HYUNDAI,2016,2.0,LPG,Automatic,178420,Sedan,18817,Sonata
1250,MERCEDES-BENZ,2005,2.2,Diesel,Manual,152236,Microbus,20385,Sprinter
1251,HYUNDAI,2010,2.5,Diesel,Automatic,32757,Minivan,15063,H1
1252,CHEVROLET,2014,1.4,Plug-in Hybrid,Variator,55923,Hatchback,24462,Volt premier
1253,HYUNDAI,2012,1.6,Diesel,Automatic,132433,Sedan,13877,Accent
1254,LEXUS,2008,3.5,CNG,Automatic,45360,Jeep,29793,RX 350
1255,MAZDA,2015,2.5,Petrol,Automatic,88732,Sedan,1176,1000
1256,SSANGYONG,2016,2.2,Diesel,Automatic,27264,Jeep,59464,REXTON
1257,MERCEDES-BENZ,2017,2.0,Petrol,Automatic,31667,Sedan,56136,E 300
1258,LEXUS,2010,4.6,Petrol,Automatic,162036,Jeep,46728,GX 460
1259,MERCEDES-BENZ,2007,2.2,Diesel,Manual,90586,Minivan,37633,Viano
1260,LEXUS,2010,2.4,Hybrid,Automatic,105012,Sedan,27284,HS 250h
1261,LEXUS,2014,1.8,Hybrid,Variator,119303,Hatchback,21953,CT 200h F-sport
1262,HYUNDAI,2013,2.0,Petrol,Automatic,92764,Sedan,16741,Sonata
1263,CHEVROLET,2014,1.8,Petrol,Tiptronic,54059,Sedan,13485,Cruze
1264,HYUNDAI,2010,2.0,Diesel,Automatic,114677,Jeep,22248,Santa FE
1265,BMW,1996,1.6,Petrol,Manual,186411,Sedan,5645,316 i
1266,BUICK,2010,3.6,Petrol,Automatic,98588,Sedan,5645,Century
1267,HONDA,2010,1.3,Hybrid,Automatic,130959,Hatchback,2509,Insight
1268,MITSUBISHI,2008,2.5,Diesel,Manual,199200,Pickup,23521,L 200
1269,HYUNDAI,2009,2.5,Diesel,Automatic,31860,Minivan,21492,H1
1270,CHEVROLET,2013,1.4,Petrol,Tiptronic,86992,Hatchback,16308,Cruze
1271,FORD,2015,2.0,Petrol,Tiptronic,53429,Hatchback,11917,Focus SE
1272,MAZDA,2009,2.0,Petrol,Tiptronic,113024,Sedan,11604,Mazda 3
1273,FORD,2013,2.0,Hybrid,Automatic,43496,Sedan,24148,Fusion
1274,TOYOTA,2010,1.8,Petrol,Automatic,100662,Sedan,18503,Prius
1275,HONDA,2004,1.5,Petrol,Automatic,106876,Hatchback,8781,FIT
1276,HYUNDAI,2015,2.0,LPG,Automatic,33145,Sedan,10349,Sonata
1277,SUBARU,2012,2.5,Petrol,Automatic,68351,Jeep,12231,Outback
1278,SSANGYONG,2018,1.6,Petrol,Automatic,32528,Jeep,41281,Actyon
1279,HYUNDAI,2014,2.0,LPG,Automatic,37810,Sedan,10515,Sonata
1280,BMW,2014,3.0,Diesel,Automatic,61123,Sedan,13485,535
1281,HONDA,2013,1.5,Hybrid,Automatic,79535,Sedan,16308,FIT
1282,HYUNDAI,2016,1.6,Petrol,Automatic,33865,Sedan,29094,Elantra
1283,HYUNDAI,2017,2.0,Petrol,Automatic,15534,Jeep,28225,Tucson
1284,HONDA,2016,1.5,Petrol,Automatic,41135,Sedan,30734,Civic
1285,HONDA,2003,1.7,Petrol,Variator,150372,Sedan,5331,Civic
1286,TOYOTA,2014,1.8,Hybrid,Automatic,94401,Hatchback,4391,Prius
1287,HONDA,2017,1.3,Petrol,Automatic,42253,Hatchback,30906,FIT
1288,SSANGYONG,2011,2.0,Diesel,Automatic,112468,Jeep,18826,Actyon
1289,HYUNDAI,2014,2.5,Diesel,Automatic,94312,Minivan,28357,H1
1290,HYUNDAI,2010,1.6,Petrol,Automatic,61254,Sedan,15100,Elantra
1291,SUBARU,2002,2.0,CNG,Tiptronic,105012,Universal,6899,Legacy B4 twin turbo
1292,OPEL,2000,1.2,CNG,Manual,186411,Sedan,3607,Corsa
1293,TOYOTA,2006,1.5,Hybrid,Automatic,11047,Hatchback,10349,Prius
1294,HYUNDAI,2013,1.6,Petrol,Automatic,81655,Sedan,16894,Elantra
1295,HYUNDAI,2018,2.0,Diesel,Automatic,63960,Jeep,53031,Santa FE
1296,TOYOTA,2012,1.8,Hybrid,Variator,85128,Sedan,16621,Prius
1297,HYUNDAI,2014,2.5,Diesel,Automatic,73270,Minivan,35902,H1
1298,OPEL,2002,1.7,Diesel,Manual,103769,Goods wagon,5645,Combo
1299,TOYOTA,2013,1.8,Hybrid,Automatic,105385,Hatchback,23521,Prius
1300,HYUNDAI,2014,2.0,Petrol,Automatic,77190,Hatchback,11917,Elantra
1301,CHEVROLET,2013,1.2,Petrol,Automatic,57788,Hatchback,12544,Spark
1302,DODGE,2019,3.6,Petrol,Automatic,20165,Sedan,12074,Avenger
1303,BMW,1996,4.0,CNG,Tiptronic,8699,Sedan,8467,740
1304,LEXUS,2010,3.5,Hybrid,Automatic,115578,Jeep,13328,RX 450
1305,MERCEDES-BENZ,2016,2.2,Diesel,Automatic,131731,Minivan,59586,Vito
1306,HYUNDAI,2010,2.4,Petrol,Tiptronic,63010,Sedan,17249,Sonata
1307,AUDI,2006,4.2,Petrol,Tiptronic,127381,Sedan,9000,A8
1308,NISSAN,2014,1.2,Petrol,Automatic,63092,Hatchback,5849,March
1309,MAZDA,2012,2.2,Diesel,Tiptronic,61516,Sedan,12858,Atenza
1310,TOYOTA,2010,3.3,Hybrid,Automatic,164587,Jeep,5645,Highlander
1311,TOYOTA,2010,1.8,Hybrid,Automatic,98261,Hatchback,4234,Prius
1312,TOYOTA,2010,1.8,Hybrid,Variator,124274,Hatchback,9408,Prius
1313,VOLKSWAGEN,2011,2.0,Petrol,Manual,167025,Jeep,15681,Tiguan
1314,MERCEDES-BENZ,2011,3.5,Diesel,Automatic,74179,Sedan,16621,E 350
1315,HYUNDAI,2014,1.6,Diesel,Automatic,128216,Sedan,18240,Elantra
1316,HYUNDAI,2012,2.4,Petrol,Automatic,62137,Sedan,15681,Sonata
1317,HYUNDAI,2013,2.4,Petrol,Automatic,64651,Sedan,2117,Sonata
1318,TOYOTA,2012,1.5,Hybrid,Variator,83264,Sedan,10506,Aqua
1319,TOYOTA,2013,2.5,Petrol,Tiptronic,77050,Sedan,19757,Camry Se
1320,NISSAN,2005,1.5,Petrol,Automatic,80778,Hatchback,7527,Tiida
1321,HONDA,2016,2.0,Petrol,Automatic,12427,Sedan,32615,Civic
1322,HYUNDAI,2014,2.0,Diesel,Automatic,44180,Jeep,20698,Tucson
1323,OPEL,2001,2.2,Petrol,Manual,78914,Coupe,7840,Astra BERTONE
1324,SUBARU,2015,2.0,Petrol,Variator,32311,Jeep,31358,XV
1325,MERCEDES-BENZ,2018,3.5,Petrol,Automatic,6068,Jeep,29793,GLE 350
1326,TOYOTA,2015,1.8,Hybrid,Variator,79535,Hatchback,23364,Prius
1327,HYUNDAI,2016,2.0,Diesel,Automatic,90303,Jeep,50049,Santa FE
1328,LEXUS,2013,3.5,Hybrid,Automatic,85773,Jeep,1019,RX 450
1329,MERCEDES-BENZ,2009,2.2,Diesel,Manual,195732,Minivan,37633,Vito
1330,TOYOTA,2013,1.5,Hybrid,Automatic,29204,Hatchback,10349,Aqua
1331,TOYOTA,2014,1.8,Hybrid,Automatic,46989,Hatchback,20700,Prius
1332,BMW,2004,3.0,Diesel,Tiptronic,186411,Jeep,21639,X5
1333,CHEVROLET,2014,1.4,Petrol,Automatic,79421,Sedan,12544,Cruze
1334,MERCEDES-BENZ,2016,2.0,Petrol,Automatic,32140,Sedan,2666,C 300
1335,CHEVROLET,2010,2.0,Diesel,Automatic,100432,Sedan,10669,Lacetti
1336,DAEWOO,2009,2.0,Petrol,Automatic,46248,Sedan,5893,Lacetti
1337,NISSAN,2011,1.5,Petrol,Automatic,60894,Hatchback,7778,Tiida
1338,FORD,2013,2.0,Petrol,Automatic,124274,Hatchback,11604,Focus
1339,HONDA,2012,1.3,Hybrid,Automatic,59652,Hatchback,11760,FIT Hbrid
1340,TOYOTA,2017,4.6,Petrol,Automatic,118604,Sedan,6429,Tundra
1341,JEEP,2017,2.4,Petrol,Automatic,68026,Jeep,51454,Cherokee
1342,SSANGYONG,2016,1.6,Diesel,Automatic,52900,Jeep,43868,Actyon
1343,TOYOTA,2017,3.5,Petrol,Automatic,108632,Sedan,3763,Tacoma
1344,SSANGYONG,2011,2.0,Diesel,Automatic,43705,Jeep,27889,REXTON
1345,TOYOTA,2011,2.0,Diesel,Manual,24855,Minivan,17249,Verso
1346,NISSAN,2014,1.6,Petrol,Tiptronic,40762,Jeep,19757,Juke
1347,FORD,2014,1.6,Petrol,Automatic,41562,Sedan,7840,Fiesta
1348,TOYOTA,2018,2.0,Petrol,Automatic,11653,Jeep,6272,CHR
1349,FORD,2007,2.2,Diesel,Manual,99419,Microbus,22580,Transit
1350,VOLKSWAGEN,2012,2.0,Diesel,Manual,154100,Hatchback,19444,Golf 6
1351,VOLKSWAGEN,2010,2.0,Petrol,Tiptronic,70836,Sedan,13485,Passat
1352,MERCEDES-BENZ,2004,2.2,Diesel,Manual,130488,Microbus,15367,Sprinter
1353,HYUNDAI,2011,2.0,Petrol,Automatic,69834,Coupe,17355,Genesis
1354,VOLKSWAGEN,2012,2.5,Petrol,Tiptronic,69594,Sedan,17876,Passat
1355,HONDA,2010,1.3,Hybrid,Automatic,130959,Hatchback,2509,Insight
1356,HYUNDAI,2010,2.0,Diesel,Automatic,45027,Jeep,26149,Tucson
1357,LEXUS,2016,3.5,Hybrid,Automatic,37194,Jeep,62722,RX 450
1358,HYUNDAI,2015,2.0,Petrol,Tiptronic,29204,Sedan,25716,Sonata
1359,TOYOTA,2016,2.5,Hybrid,Automatic,20816,Jeep,64290,RAV 4
1360,HYUNDAI,2014,2.0,LPG,Automatic,46818,Sedan,10641,Sonata
1361,HYUNDAI,2013,1.8,Petrol,Automatic,75204,Sedan,3293,Elantra
1362,FORD,2003,2.4,Diesel,Manual,112468,Microbus,19444,Transit
1363,HYUNDAI,2015,2.0,Petrol,Automatic,8928,Sedan,20162,Sonata
1364,HYUNDAI,2015,2.0,LPG,Automatic,176404,Sedan,15367,Sonata
1365,SUBARU,2014,2.0,Hybrid,Automatic,168063,Sedan,15681,XV
1366,NISSAN,2002,2.0,Petrol,Tiptronic,6214,Sedan,4234,Bluebird
1367,MERCEDES-BENZ,2002,2.2,Diesel,Manual,167770,Minivan,10036,Vito
1368,TOYOTA,2011,1.8,Petrol,Variator,102402,Sedan,18817,Prius
1369,HYUNDAI,2016,2.2,Diesel,Automatic,14426,Jeep,40769,Santa FE
1370,HYUNDAI,2013,2.4,Petrol,Automatic,33378,Jeep,3763,Tucson
1371,LEXUS,2012,4.6,Petrol,Automatic,142501,Jeep,52059,GX 460
1372,BMW,1997,1.8,Petrol,Automatic,131109,Sedan,4704,318
1373,LEXUS,2013,1.8,Hybrid,Automatic,95443,Hatchback,26030,CT 200h
1374,MITSUBISHI,2002,1.3,Petrol,Automatic,129867,Sedan,5959,Colt
1375,TOYOTA,2007,2.4,Hybrid,Automatic,137199,Sedan,17000,Camry
1376,OPEL,1997,1.4,Petrol,Manual,6904,Sedan,3500,Corsa
1377,CHEVROLET,2008,2.0,Diesel,Tiptronic,44739,Jeep,18189,Captiva
1378,HYUNDAI,2013,2.0,Diesel,Automatic,33386,Jeep,28222,Santa FE
1379,NISSAN,2016,1.6,Petrol,Automatic,113088,Jeep,2117,Juke
1380,HYUNDAI,2017,2.0,Diesel,Automatic,87052,Jeep,53759,Santa FE
1381,VOLKSWAGEN,2011,2.5,LPG,Tiptronic,105385,Sedan,16308,Jetta
1382,SSANGYONG,2015,2.0,Diesel,Automatic,68351,Jeep,42667,REXTON
1383,HYUNDAI,2012,2.0,LPG,Automatic,53109,Sedan,6899,Sonata
1384,BMW,2004,2.0,Petrol,Tiptronic,62137,Hatchback,9408,120
1385,MAZDA,2005,2.3,Petrol,Tiptronic,40389,Sedan,8467,Mazda 3
1386,HYUNDAI,2016,2.0,LPG,Automatic,180726,Sedan,15530,Sonata
1387,SUZUKI,2006,1.6,Petrol,Manual,80778,Hatchback,7840,Swift
1388,HYUNDAI,2016,2.0,Diesel,Automatic,31118,Jeep,29950,Santa FE
1389,MERCEDES-BENZ,2000,2.3,Petrol,Tiptronic,180198,Coupe,8154,CLK 230 .
1390,SUZUKI,2005,1.4,Diesel,Manual,100662,Universal,9408,Liana
1391,TOYOTA,2013,1.5,Hybrid,Variator,39768,Hatchback,10976,Aqua
1392,KIA,2016,1.0,Petrol,Automatic,25706,Sedan,18189,Picanto
1393,SUBARU,2011,2.5,LPG,Tiptronic,114954,Sedan,14426,Legacy
1394,BMW,2004,3.0,Petrol,Automatic,143537,Sedan,16308,530
1395,MERCEDES-BENZ,1997,2.8,Petrol,Automatic,62137,Sedan,5331,C 280
1396,TOYOTA,2012,1.5,Hybrid,Variator,77671,Hatchback,10663,Aqua
1397,MITSUBISHI,2009,2.4,Petrol,Manual,86153,Jeep,10349,Pajero
1398,TOYOTA,2005,2.4,LPG,Automatic,155964,Minivan,17249,Alphard
1399,TOYOTA,2014,2.5,Hybrid,Automatic,79995,Sedan,2274,Camry
1400,LEXUS,2014,1.8,Hybrid,Automatic,83345,Hatchback,28225,CT 200h
1401,TOYOTA,2012,2.5,Hybrid,Automatic,97256,Sedan,3607,Camry
1402,KIA,2016,2.4,Petrol,Tiptronic,21872,Sedan,28225,Optima
1403,CHEVROLET,2015,1.8,Petrol,Automatic,22991,Sedan,17249,Cruze
1404,VOLKSWAGEN,2003,1.8,Petrol,Manual,111847,Hatchback,6899,Passat
1405,HYUNDAI,2015,1.8,Petrol,Automatic,55196,Sedan,17249,Elantra
1406,MITSUBISHI,2006,1.5,Petrol,Automatic,108740,Hatchback,7700,ColtPlus
1407,TOYOTA,2008,3.3,Hybrid,Variator,117439,Jeep,22580,Highlander
1408,HYUNDAI,2017,1.7,Diesel,Automatic,125988,Jeep,37564,Tucson
1409,DAEWOO,2009,1.6,Petrol,Automatic,99192,Sedan,4180,Lacetti
1410,HYUNDAI,2011,2.0,Diesel,Automatic,36289,Jeep,15063,Tucson
1411,BMW,2013,4.4,Petrol,Automatic,135781,Jeep,3763,X6
1412,HYUNDAI,2015,2.0,Diesel,Automatic,72700,Jeep,46919,Santa FE
1413,LEXUS,2017,2.0,Petrol,Automatic,9204,Jeep,6586,NX 200
1414,MAZDA,2001,2.5,CNG,Automatic,119303,Minivan,5331,MPV
1415,FORD,2018,2.0,Petrol,Automatic,66899,Sedan,1333,Focus
1416,TOYOTA,2010,3.3,Hybrid,Automatic,214625,Sedan,5645,Highlander
1417,TOYOTA,2012,1.8,Hybrid,Variator,178955,Hatchback,18817,Prius
1418,TOYOTA,2014,1.5,Hybrid,Automatic,53686,Universal,20250,Aqua
1419,TOYOTA,2011,1.8,Hybrid,Variator,117315,Hatchback,17249,Prius
1420,TOYOTA,2013,2.5,Hybrid,Automatic,16726,Sedan,4234,Camry
1421,AUDI,2013,2.0,Petrol,Tiptronic,42875,Sedan,32615,A4 S line
1422,TOYOTA,2016,2.5,Hybrid,Variator,89097,Sedan,45473,Camry XLE
1423,HYUNDAI,2012,2.4,Hybrid,Tiptronic,97555,Sedan,14113,Sonata hybrid
1424,BUICK,2013,2.4,Petrol,Automatic,91063,Sedan,4704,Century
1425,TOYOTA,2010,2.5,Petrol,Manual,94448,Sedan,12544,Camry
1426,HYUNDAI,2013,1.6,Petrol,Tiptronic,84506,Hatchback,14113,Accent
1427,HYUNDAI,2014,2.5,Diesel,Automatic,66197,Minivan,36567,H1
1428,TOYOTA,2015,2.5,Petrol,Automatic,68807,Sedan,28225,Camry
1429,HYUNDAI,2014,2.5,Diesel,Automatic,60207,Minivan,31581,H1
1430,CHEVROLET,2014,1.0,Petrol,Automatic,26088,Sedan,9722,Spark
1431,JEEP,2012,3.7,Petrol,Automatic,77466,Jeep,18189,Liberty
1432,LEXUS,2014,2.5,Hybrid,Automatic,109494,Sedan,14426,ES 300
1433,MERCEDES-BENZ,2016,3.5,Diesel,Automatic,47973,Sedan,1568,E 350
1434,LEXUS,2010,3.5,Petrol,Automatic,116286,Sedan,1254,ES 350
1435,TOYOTA,2006,1.5,Hybrid,Variator,108119,Hatchback,11604,Prius
1436,TOYOTA,2013,1.8,Hybrid,Automatic,31690,Hatchback,18503,Prius
1437,CHEVROLET,2017,1.6,Diesel,Automatic,40466,Jeep,36197,Orlando
1438,KIA,2013,2.0,Petrol,Tiptronic,77050,Sedan,19757,Optima
1439,OPEL,2008,1.3,Diesel,Manual,105633,Sedan,10349,Corsa
1440,VOLKSWAGEN,2013,2.5,Petrol,Tiptronic,64001,Hatchback,15994,Golf
1441,HYUNDAI,2009,2.5,Diesel,Tiptronic,74565,Minivan,21953,H1
1442,KIA,2006,2.9,Diesel,Manual,106254,Minivan,11290,Carnival
1443,TOYOTA,2018,2.5,Petrol,Automatic,25518,Sedan,38260,Camry SE
1444,TOYOTA,2013,1.5,Hybrid,Automatic,88856,Hatchback,9722,Aqua
1445,LEXUS,2012,3.5,Petrol,Automatic,144380,Jeep,6272,RX 350
1446,TOYOTA,2011,3.5,Hybrid,Automatic,228704,Sedan,21639,Highlander
1447,BMW,2010,3.0,Diesel,Tiptronic,154100,Jeep,38574,X5
1448,HYUNDAI,2015,1.6,Petrol,Automatic,46603,Sedan,20526,Elantra
1449,VOLKSWAGEN,2017,1.4,Petrol,Tiptronic,31069,Sedan,26657,Jetta
1450,MERCEDES-BENZ,2013,2.2,Diesel,Tiptronic,155343,Minivan,53314,Viano
1451,HONDA,2003,1.5,Petrol,Automatic,87118,Hatchback,7000,Fit Aria
1452,MAZDA,2018,2.5,Petrol,Automatic,26250,Jeep,37633,1000
1453,TOYOTA,2006,2.0,Petrol,Variator,126760,Minivan,9095,ISIS
1454,HYUNDAI,2016,1.6,Petrol,Automatic,90030,Sedan,21395,Elantra
1455,HYUNDAI,2007,2.7,Petrol,Tiptronic,123653,Jeep,19757,Tucson
1456,NISSAN,2012,1.6,Petrol,Automatic,67729,Sedan,11290,Versa
1457,HYUNDAI,2016,2.0,LPG,Automatic,158817,Sedan,15681,Sonata
1458,TOYOTA,2013,1.8,Hybrid,Automatic,80778,Hatchback,15367,Prius
1459,BMW,2015,3.0,Diesel,Automatic,124930,Jeep,3607,X5
1460,CHEVROLET,2014,1.4,Petrol,Tiptronic,46119,Sedan,15053,Cruze
1461,FORD,2011,2.5,Hybrid,Automatic,30863,Sedan,12544,Fusion
1462,TOYOTA,2010,1.8,Hybrid,Tiptronic,73322,Hatchback,15994,Prius
1463,CHEVROLET,2017,1.4,Petrol,Automatic,39128,Hatchback,14583,Cruze LT
1464,FORD,2016,1.5,Petrol,Tiptronic,57788,Sedan,14740,Fusion
1465,HYUNDAI,2015,2.4,Petrol,Tiptronic,56669,Sedan,21953,Sonata
1466,OPEL,2002,1.7,Diesel,Manual,167770,Universal,6272,Astra G
1467,AUDI,2006,2.0,Petrol,Tiptronic,172849,Sedan,7527,A4
1468,FORD,2015,2.0,Petrol,Tiptronic,58782,Sedan,11447,Focus
1469,HYUNDAI,2011,2.0,Petrol,Automatic,100721,Sedan,14069,Sonata
1470,MITSUBISHI,2006,2.4,Petrol,Tiptronic,81400,Minivan,14113,Grandis
1471,MERCEDES-BENZ,2013,3.5,Diesel,Automatic,66984,Sedan,5802,E 350
1472,CHEVROLET,2010,2.0,Diesel,Automatic,29342,Sedan,6868,Cruze
1473,HYUNDAI,2014,2.4,Hybrid,Automatic,153997,Sedan,1882,Sonata
1474,TOYOTA,2010,3.3,Hybrid,Automatic,164587,Jeep,4861,Highlander
1475,HYUNDAI,2011,1.6,Petrol,Automatic,58974,Sedan,20266,Elantra
1476,TOYOTA,2010,1.8,Hybrid,Automatic,95691,Sedan,11604,Prius
1477,TOYOTA,2010,3.3,Hybrid,Automatic,214625,Sedan,5645,Highlander
1478,CHEVROLET,2011,1.4,Petrol,Automatic,110604,Sedan,12858,Cruze
1479,BMW,2012,3.0,Petrol,Tiptronic,93206,Sedan,21326,528
1480,HYUNDAI,2010,2.0,Petrol,Automatic,59347,Coupe,16327,Genesis
1481,MERCEDES-BENZ,1999,4.3,Petrol,Automatic,207123,Sedan,9408,E 430
1482,TOYOTA,2012,2.5,Petrol,Tiptronic,103993,Sedan,19444,Camry
1483,HYUNDAI,2014,2.0,Diesel,Automatic,82491,Jeep,38737,Santa FE
1484,HONDA,2010,1.3,Petrol,Automatic,85749,Hatchback,11760,FIT S
1485,HONDA,2003,3.0,Petrol,Tiptronic,92584,Sedan,8154,Inspire
1486,LINCOLN,2005,4.6,Petrol,Automatic,44739,Limousine,30420,Town Car
1487,NISSAN,2013,1.6,Petrol,Automatic,193941,Jeep,7213,Juke
1488,MERCEDES-BENZ,2009,3.5,Diesel,Automatic,165323,Sedan,1411,E 350
1489,HONDA,2014,1.5,Hybrid,Automatic,36040,Hatchback,13328,FIT
1490,CHEVROLET,2015,2.0,LPG,Automatic,19809,Jeep,18346,Orlando
1491,LEXUS,2010,3.5,Hybrid,Automatic,103907,Jeep,5018,RX 450
1492,HYUNDAI,2011,2.5,Diesel,Automatic,52957,Minivan,13454,H1
1493,MERCEDES-BENZ,2014,1.8,Petrol,Automatic,75620,Coupe,1646,C 250
1494,TOYOTA,2013,2.7,Petrol,Automatic,115792,Jeep,4547,Venza
1495,HYUNDAI,2011,1.6,Petrol,Automatic,77710,Sedan,20266,Elantra
1496,SSANGYONG,2013,2.0,Diesel,Automatic,68469,Jeep,35043,REXTON
1497,MITSUBISHI,2012,1.8,Petrol,Automatic,86371,Hatchback,13000,RVR
1498,KIA,2007,2.0,Diesel,Automatic,36348,Jeep,4701,Sportage
1499,MERCEDES-BENZ,2009,3.5,Diesel,Automatic,67816,Sedan,3450,E 350
1500,TOYOTA,2013,1.8,Hybrid,Variator,60513,Sedan,19444,Prius
1501,OPEL,1999,1.6,Petrol,Manual,165497,Sedan,8154,Vectra
1502,TOYOTA,2013,1.5,Hybrid,Variator,31069,Hatchback,17249,Aqua
1503,CHRYSLER,2008,3.3,Petrol,Tiptronic,169013,Minivan,14113,Town and Country
1504,SUBARU,2000,2.0,Plug-in Hybrid,Automatic,91963,Jeep,7840,Forester
1505,HYUNDAI,2011,2.5,Diesel,Automatic,34330,Minivan,18660,H1
1506,VOLKSWAGEN,2012,2.5,Petrol,Tiptronic,47224,Sedan,10976,Jetta
1507,MERCEDES-BENZ,2014,4.6,Petrol,Automatic,61184,Jeep,9565,GL 550
1508,LEXUS,2010,4.6,Petrol,Automatic,171026,Jeep,15681,GX 460
1509,HYUNDAI,2010,1.6,Petrol,Automatic,69146,Sedan,18531,Elantra
1510,MERCEDES-BENZ,2009,3.5,Diesel,Automatic,67816,Sedan,5018,E 350
1511,HYUNDAI,2014,2.0,LPG,Automatic,221923,Sedan,11604,Sonata
1512,CHEVROLET,2019,3.6,Petrol,Automatic,11457,Sedan,3450,Impala
1513,OPEL,1999,1.6,Petrol,Manual,160314,Goods wagon,5959,Astra
1514,BMW,2005,3.0,LPG,Tiptronic,1367,Sedan,10976,530
1515,TOYOTA,2013,2.5,Petrol,Automatic,55923,Jeep,33000,RAV 4
1516,MERCEDES-BENZ,2009,3.5,Diesel,Automatic,165323,Sedan,1411,E 350
1517,HYUNDAI,2002,2.7,LPG,Tiptronic,621,Jeep,10349,Santa FE
1518,SUBARU,2013,2.0,Petrol,Variator,48328,Jeep,8781,XV LIMITED
1519,OPEL,1998,1.6,Petrol,Automatic,132973,Sedan,4500,Vectra
1520,HYUNDAI,2014,2.0,LPG,Automatic,198746,Sedan,10036,Sonata
1521,HYUNDAI,2016,2.0,Diesel,Automatic,109937,Jeep,40057,Santa FE
1522,CHEVROLET,2007,2.0,Diesel,Automatic,35690,Jeep,4359,Captiva
1523,TOYOTA,2013,1.5,Hybrid,Automatic,70836,Hatchback,19444,Prius C
1524,MAZDA,2005,1.8,Petrol,Automatic,105633,Minivan,3136,Premacy
1525,SSANGYONG,2016,1.6,Diesel,Automatic,44739,Jeep,39750,Actyon
1526,TOYOTA,2012,2.5,Hybrid,Automatic,42253,Sedan,32929,Camry
1527,HYUNDAI,2011,2.0,Diesel,Automatic,88235,Jeep,26255,Santa FE
1528,TOYOTA,2008,1.5,Hybrid,Automatic,119925,Hatchback,14740,Prius
1529,HYUNDAI,2015,1.6,Petrol,Automatic,67729,Sedan,27654,Elantra
1530,MERCEDES-BENZ,2012,3.5,Petrol,Tiptronic,180943,Sedan,25089,E 350
1531,MINI,2004,1.6,Petrol,Tiptronic,7954,Coupe,8938,Cooper
1532,TOYOTA,2005,1.3,Petrol,Automatic,83885,Hatchback,10349,Ist
1533,TOYOTA,2012,2.0,Hybrid,Variator,112841,Hatchback,20698,Prius
1534,MERCEDES-BENZ,2011,3.0,Diesel,Automatic,108181,Jeep,7213,R 350
1535,CHEVROLET,2012,2.0,Diesel,Automatic,101283,Jeep,20005,Orlando
1536,HYUNDAI,2016,2.0,Petrol,Automatic,69694,Sedan,21326,Sonata
1537,BMW,2010,3.0,Petrol,Automatic,67621,Coupe,2901,135
1538,HYUNDAI,2018,1.6,Petrol,Automatic,34092,Sedan,32929,Elantra
1539,SSANGYONG,2011,2.0,Diesel,Automatic,76378,Jeep,17942,Actyon
1540,MITSUBISHI,2003,2.4,Petrol,Tiptronic,96934,Jeep,10663,Outlander
1541,DAEWOO,2009,1.6,Petrol,Automatic,32324,Sedan,7056,Lacetti
1542,TOYOTA,2018,2.5,Petrol,Automatic,34042,Sedan,5802,Camry
1543,FORD,2013,2.0,Hybrid,Automatic,199183,Sedan,4077,Fusion
1544,LEXUS,2013,3.5,Petrol,Tiptronic,45360,Jeep,62722,RX 350
1545,HYUNDAI,2016,2.0,Hybrid,Automatic,44253,Sedan,5018,Sonata
1546,VOLKSWAGEN,2012,2.5,Petrol,Automatic,42253,Sedan,18503,Passat
1547,DAEWOO,2010,1.6,Petrol,Automatic,50772,Sedan,7806,Lacetti
1548,MERCEDES-BENZ,2002,2.6,CNG,Tiptronic,117439,Sedan,12231,E 240
1549,LEXUS,2010,3.5,Hybrid,Automatic,115578,Jeep,14269,RX 450
1550,KIA,2011,2.7,Petrol,Automatic,68862,Sedan,18440,Cadenza
1551,TOYOTA,2012,2.5,Petrol,Automatic,90472,Sedan,23521,Camry
1552,OPEL,2006,1.9,Diesel,Automatic,117172,Minivan,10036,Zafira
1553,MERCEDES-BENZ,2011,3.5,Petrol,Automatic,115912,Jeep,2038,ML 350
1554,TOYOTA,2012,1.5,Hybrid,Automatic,108119,Sedan,11604,Aqua
1555,TOYOTA,2016,1.8,Petrol,Automatic,80025,Sedan,17249,Corolla S
1556,HYUNDAI,2008,2.0,Petrol,Manual,120724,Jeep,15681,Tucson
1557,CHEVROLET,2014,1.4,Plug-in Hybrid,Automatic,21748,Hatchback,28852,Volt
1558,TOYOTA,2013,4.0,Petrol,Automatic,35762,Sedan,19130,Tacoma
1559,LEXUS,2013,4.6,Petrol,Automatic,125921,Jeep,54568,GX 470
1560,BMW,2013,3.0,Diesel,Automatic,77547,Jeep,51746,X5
1561,CHEVROLET,2010,3.6,Petrol,Automatic,124274,Jeep,15681,Traverse
1562,HYUNDAI,2017,1.7,Diesel,Automatic,19399,Jeep,50184,Tucson
1563,MITSUBISHI,2014,2.0,Petrol,Tiptronic,84506,Jeep,18817,Outlander
1564,MAZDA,2005,1.3,Petrol,Manual,182646,Sedan,5645,Demio
1565,AUDI,2017,2.0,Petrol,Automatic,68382,Sedan,1019,A4
1566,VOLKSWAGEN,2012,2.0,Petrol,Manual,86715,Sedan,16500,Jetta GLI
1567,FORD,2014,1.8,Diesel,Manual,109361,Goods wagon,13485,Transit Connect
1568,CHEVROLET,2019,1.4,Petrol,Automatic,48946,Sedan,2979,Cruze
1569,HYUNDAI,2015,1.6,Diesel,Automatic,69817,Sedan,16289,Accent
1570,TOYOTA,2010,1.8,Hybrid,Automatic,161556,Hatchback,12544,Prius
1571,MERCEDES-BENZ,2012,3.5,Petrol,Tiptronic,89477,Jeep,50805,ML 350 4 MATIC
1572,NISSAN,2012,1.6,Petrol,Automatic,104021,Jeep,8781,Juke
1573,SSANGYONG,2012,2.0,Diesel,Automatic,96471,Jeep,23239,Korando
1574,FORD,2010,1.6,Petrol,Automatic,95443,Hatchback,12544,Fiesta
1575,HYUNDAI,2014,1.6,Petrol,Automatic,102308,Sedan,15624,Elantra
1576,VOLKSWAGEN,2014,2.0,Diesel,Automatic,51196,Sedan,1568,Jetta
1577,NISSAN,2005,1.5,Petrol,Variator,72700,Hatchback,7392,Note
1578,MAZDA,2013,2.5,Petrol,Tiptronic,56545,Jeep,15053,CX-5
1579,HYUNDAI,2013,2.0,LPG,Automatic,32844,Sedan,8947,Sonata
1580,AUDI,2013,2.0,Hybrid,Automatic,162277,Jeep,20698,Q5
1581,FORD,2017,2.0,Petrol,Automatic,27672,Sedan,58495,Taurus
1582,SUZUKI,2010,2.4,Petrol,Manual,57166,Sedan,15053,Kizashi
1583,MERCEDES-BENZ,2010,3.5,Petrol,Tiptronic,77050,Jeep,31988,ML 350
1584,SUBARU,2015,2.0,Petrol,Automatic,155346,Jeep,19444,XV
1585,MERCEDES-BENZ,2006,2.2,Diesel,Automatic,186411,Sedan,17562,C 220
1586,CHEVROLET,2013,2.0,Petrol,Automatic,65895,Sedan,24283,Malibu
1587,TOYOTA,2008,3.3,Hybrid,Tiptronic,133595,Jeep,28852,Highlander
1588,HYUNDAI,2011,2.0,Diesel,Automatic,34562,Microbus,21805,H1
1589,HYUNDAI,2016,2.0,LPG,Automatic,225968,Sedan,11290,Sonata
1590,HYUNDAI,2009,2.5,Diesel,Automatic,100868,Universal,16766,H1
1591,TOYOTA,2014,1.8,Hybrid,Automatic,77671,Sedan,19444,Prius
1592,FORD,2013,2.5,Petrol,Automatic,150147,Jeep,1176,Escape
1593,FORD,2007,2.4,Diesel,Manual,104390,Microbus,15681,Transit
1594,HYUNDAI,2013,1.6,Petrol,Automatic,19692,Sedan,11917,Elantra
1595,TOYOTA,2002,3.0,Diesel,Manual,16777,Jeep,26657,Land Cruiser Prado
1596,MERCEDES-BENZ,2004,1.4,Petrol,Automatic,103769,Hatchback,8154,A 140
1597,RENAULT,2002,2.9,Petrol,Tiptronic,15534,Hatchback,2195,Laguna
1598,LEXUS,2011,3.5,Petrol,Automatic,157315,Jeep,3450,RX 350
1599,HYUNDAI,2018,1.6,Petrol,Automatic,22244,Sedan,30931,Elantra
1600,HYUNDAI,2018,1.6,Petrol,Automatic,44460,Sedan,36401,Elantra
1601,HYUNDAI,2016,2.0,Diesel,Automatic,63175,Jeep,54393,Santa FE
1602,SSANGYONG,2016,2.2,Diesel,Automatic,71578,Jeep,44166,REXTON
1603,TOYOTA,2010,1.8,Hybrid,Automatic,79535,Hatchback,15681,Prius
1604,BMW,2016,2.0,Petrol,Tiptronic,19884,Sedan,47042,328
1605,HYUNDAI,2013,1.6,LPG,Automatic,115720,Sedan,19416,Elantra
1606,HONDA,2014,1.5,Hybrid,Automatic,80778,Hatchback,10349,FIT
1607,LEXUS,2010,2.5,Petrol,Automatic,49088,Sedan,23207,HS 250h
1608,DAIHATSU,2002,1.3,Petrol,Manual,74565,Universal,4077,YRV
1609,NISSAN,2016,2.5,Petrol,Automatic,88526,Sedan,2430,Altima
1610,HYUNDAI,2014,1.6,Petrol,Automatic,74565,Sedan,25591,Elantra
1611,SUBARU,2000,2.0,CNG,Automatic,124274,Jeep,6272,Forester
1612,TOYOTA,2012,2.5,Petrol,Tiptronic,104661,Sedan,16850,Camry
1613,CADILLAC,2019,3.6,Petrol,Automatic,25599,Sedan,19130,Allante
1614,TOYOTA,2002,1.5,Petrol,Automatic,72700,Hatchback,8781,Ist
1615,MITSUBISHI,2011,3.0,Petrol,Automatic,76429,Jeep,20071,Outlander
1616,KIA,2020,2.4,Petrol,Automatic,10853,Sedan,8311,Sportage
1617,TOYOTA,2013,2.5,Hybrid,Tiptronic,62137,Sedan,28225,Camry
1618,KIA,2012,2.4,Petrol,Automatic,63380,Sedan,15681,Optima
1619,MERCEDES-BENZ,2006,2.5,Petrol,Tiptronic,112364,Sedan,14113,C 230
1620,HYUNDAI,2016,2.4,Petrol,Automatic,117504,Sedan,3293,Sonata
1621,OPEL,2001,1.7,Diesel,Manual,146907,Goods wagon,6500,Combo 2001
1622,HYUNDAI,2015,2.0,LPG,Automatic,31296,Sedan,15367,Sonata
1623,HYUNDAI,2016,2.5,Diesel,Automatic,65056,Minivan,41886,H1
1624,MERCEDES-BENZ,2016,3.5,Diesel,Automatic,47973,Sedan,1568,E 350
1625,HYUNDAI,2017,2.0,Petrol,Automatic,85747,Sedan,3293,Elantra
1626,FORD,2011,3.5,Petrol,Automatic,46609,Sedan,23734,Taurus
1627,HYUNDAI,2010,2.0,Diesel,Automatic,142764,Jeep,12676,Santa FE
1628,FORD,2014,2.5,Petrol,Automatic,57492,Sedan,17249,Fusion
1629,CHEVROLET,2015,2.0,Diesel,Automatic,45139,Jeep,23436,Captiva
1630,FORD,2013,2.0,Plug-in Hybrid,Automatic,110355,Sedan,24775,Fusion phev
1631,TOYOTA,2007,1.5,Hybrid,Variator,108740,Hatchback,9095,Prius
1632,TOYOTA,2012,2.5,Petrol,Tiptronic,62758,Sedan,21012,Camry
1633,FORD,2012,3.0,Petrol,Automatic,83885,Jeep,17876,Escape
1634,TOYOTA,2014,2.5,Petrol,Automatic,45981,Sedan,23521,Camry
1635,NISSAN,2008,1.5,Petrol,Variator,100332,Sedan,7840,Note
1636,SUBARU,2005,3.0,Petrol,Tiptronic,91342,Sedan,10349,Legacy
1637,MERCEDES-BENZ,2012,3.5,Diesel,Automatic,79661,Sedan,4861,E 350
1638,HYUNDAI,2013,2.4,Petrol,Tiptronic,54681,Jeep,42651,Santa FE
1639,SUBARU,2015,2.5,Petrol,Automatic,57893,Jeep,12858,Forester
1640,TOYOTA,2010,3.3,Hybrid,Automatic,186639,Jeep,14269,Highlander
1641,TOYOTA,2013,2.5,Hybrid,Automatic,81648,Sedan,14426,Camry
1642,FIAT,2013,1.4,Petrol,Manual,60894,Coupe,19130,500 Abarth
1643,TOYOTA,2009,1.8,Hybrid,Automatic,91963,Hatchback,16935,Prius
1644,TOYOTA,2015,1.8,Petrol,Manual,48467,Hatchback,20698,Auris
1645,HYUNDAI,2010,2.0,Diesel,Automatic,88500,Jeep,18500,Santa FE
1646,BMW,2015,4.4,Petrol,Automatic,37723,Sedan,3136,650
1647,OPEL,1998,1.6,Petrol,Manual,12676,Hatchback,4000,Astra
1648,HYUNDAI,2012,1.8,Petrol,Tiptronic,75756,Sedan,18189,Elantra
1649,CHEVROLET,2014,2.0,Diesel,Automatic,24056,Sedan,15053,Malibu
1650,BMW,2013,2.0,Petrol,Tiptronic,93206,Sedan,28300,320
1651,HYUNDAI,2012,1.6,Petrol,Automatic,49420,Sedan,19416,Elantra
1652,HYUNDAI,2016,2.0,Diesel,Automatic,78582,Jeep,49858,Santa FE
1653,HYUNDAI,2014,2.0,Diesel,Automatic,31756,Jeep,27284,Santa FE
1654,HYUNDAI,2016,1.6,Petrol,Automatic,54664,Sedan,23129,Elantra
1655,PEUGEOT,2009,1.4,Petrol,Manual,80778,Sedan,4704,206
1656,AUDI,2011,2.0,Petrol,Tiptronic,112564,Sedan,19130,A4 premium plius
1657,MERCEDES-BENZ,2012,3.0,Petrol,Tiptronic,43496,Sedan,28852,C 300
1658,HYUNDAI,2015,2.0,Diesel,Automatic,92203,Jeep,37897,Santa FE
1659,MINI,2006,1.6,Petrol,Tiptronic,746,Coupe,10036,Cooper
1660,CHEVROLET,2014,2.0,Diesel,Automatic,84385,Sedan,17939,Cruze
1661,HYUNDAI,2010,2.2,Diesel,Automatic,69894,Jeep,13736,Santa FE
1662,MAZDA,2015,2.5,Petrol,Automatic,74777,Sedan,4704,Mazda 6
1663,HONDA,2016,1.3,Petrol,Automatic,43496,Hatchback,22197,FIT
1664,TOYOTA,2008,1.5,Hybrid,Automatic,135210,Hatchback,12858,Prius
1665,HONDA,2012,1.5,Petrol,Automatic,62137,Minivan,8500,Fred
1666,OPEL,1996,1.6,Petrol,Manual,97555,Sedan,4547,Vectra
1667,TOYOTA,2003,2.0,Petrol,Automatic,36661,Sedan,8781,Altezza
1668,HYUNDAI,2016,2.4,Petrol,Tiptronic,36040,Sedan,19444,Sonata
1669,HONDA,2019,1.5,Petrol,Automatic,932,Hatchback,27284,FIT
1670,NISSAN,2007,1.6,Petrol,Manual,68351,Sedan,10349,Tiida
1671,KIA,2011,2.0,Diesel,Automatic,36350,Jeep,17249,Sportage
1672,MITSUBISHI,2013,1.0,Petrol,Automatic,24855,Hatchback,5802,Mirage
1673,MERCEDES-BENZ,1999,2.8,CNG,Automatic,173984,Minivan,7840,Vito
1674,BMW,2004,3.0,CNG,Tiptronic,155343,Jeep,10349,X5
1675,MERCEDES-BENZ,2007,3.0,Diesel,Tiptronic,133595,Sedan,23521,C 320 CDI
1676,HYUNDAI,2014,2.5,Diesel,Automatic,75064,Minivan,37000,H1
1677,HYUNDAI,2015,2.0,Petrol,Automatic,61640,Sedan,29166,Sonata
1678,DAEWOO,2010,1.8,Petrol,Automatic,32674,Sedan,7260,Lacetti
1679,TOYOTA,2012,1.5,Hybrid,Automatic,108367,Hatchback,18189,Prius C
1680,TOYOTA,2012,1.8,Hybrid,Automatic,62758,Hatchback,19757,Prius
1681,LEXUS,2009,4.6,Petrol,Automatic,135219,Sedan,21608,LS 460
1682,BMW,2010,4.4,Petrol,Tiptronic,73943,Sedan,47042,550
1683,HYUNDAI,2016,2.0,LPG,Automatic,175844,Sedan,15681,Sonata
1684,MERCEDES-BENZ,2004,3.7,CNG,Tiptronic,121167,Jeep,12544,ML 350
1685,BMW,2013,2.0,Petrol,Tiptronic,68972,Sedan,33870,328
1686,SUBARU,2015,2.5,Petrol,Variator,42875,Jeep,25500,Forester
1687,TOYOTA,2013,1.8,Hybrid,Variator,196975,Hatchback,10349,Prius
1688,BMW,2010,4.4,Petrol,Automatic,68972,Sedan,37633,750
1689,HYUNDAI,2016,2.0,LPG,Automatic,180726,Sedan,15681,Sonata
1690,FORD,2013,2.0,Petrol,Automatic,47721,Sedan,14113,Focus
1691,HYUNDAI,2013,1.8,Petrol,Automatic,10563,Sedan,13485,Elantra
1692,MERCEDES-BENZ,2002,1.8,Petrol,Manual,207538,Coupe,7527,C 230
1693,HYUNDAI,2014,2.5,Diesel,Automatic,81994,Minivan,32412,H1
1694,HYUNDAI,2012,1.4,Petrol,Automatic,87613,Sedan,12720,Accent
1695,KIA,2012,2.0,Petrol,Automatic,44224,Sedan,7997,Optima
1696,CHEVROLET,2015,2.0,Diesel,Automatic,47566,Jeep,39085,Captiva
1697,LEXUS,2011,1.8,Hybrid,Automatic,139353,Hatchback,3293,CT 200h
1698,TOYOTA,2010,1.8,Hybrid,Automatic,135210,Sedan,17405,Prius
1699,MERCEDES-BENZ,2009,3.5,Diesel,Automatic,67816,Sedan,5018,E 350
1700,MERCEDES-BENZ,2011,1.8,Petrol,Tiptronic,14913,Sedan,28225,C 250
1701,MERCEDES-BENZ,2014,1.8,Petrol,Tiptronic,42054,Coupe,32929,C 250
1702,OPEL,1998,1.6,LPG,Manual,139808,Hatchback,7527,Astra
1703,CHEVROLET,2012,2.0,Petrol,Automatic,120959,Sedan,19676,Malibu
1704,FORD,2015,2.0,Hybrid,Automatic,62601,Sedan,2666,Fusion
1705,BMW,2013,3.0,Petrol,Tiptronic,73943,Jeep,33556,X5
1706,TOYOTA,2010,1.8,Hybrid,Variator,72079,Sedan,18503,Prius
1707,HYUNDAI,2011,2.0,Petrol,Automatic,118060,Sedan,14834,Sonata
1708,AUDI,2014,2.0,Petrol,Automatic,26343,Sedan,1254,A4
1709,LEXUS,2010,4.6,Petrol,Automatic,139498,Sedan,26425,LS 460
1710,TOYOTA,2010,1.8,Petrol,Variator,12117,Hatchback,12858,Prius
1711,TOYOTA,2012,3.5,Hybrid,Automatic,97686,Jeep,9879,Highlander
1712,HYUNDAI,2017,2.0,Petrol,Automatic,20566,Sedan,17092,Elantra SE
1713,CHEVROLET,2014,1.0,Petrol,Automatic,45942,Hatchback,9346,Spark
1714,TOYOTA,2018,2.0,Petrol,Automatic,14177,Jeep,2195,CHR
1715,HYUNDAI,2016,2.5,Diesel,Automatic,65056,Minivan,41886,H1
1716,LEXUS,2011,3.5,Petrol,Automatic,160976,Sedan,8154,IS 350
1717,NISSAN,2016,1.2,Petrol,Variator,36040,Hatchback,13000,Note
1718,MERCEDES-BENZ,2003,2.7,Diesel,Tiptronic,133595,Sedan,14426,E 270
1719,DAEWOO,2010,1.6,Petrol,Automatic,22447,Sedan,6523,Lacetti
1720,TOYOTA,2012,2.5,Petrol,Tiptronic,91804,Sedan,25716,Camry
1721,FORD,2014,1.6,Petrol,Tiptronic,81400,Jeep,24775,Escape Titanium
1722,MERCEDES-BENZ,2013,3.5,Petrol,Automatic,87489,Sedan,15681,E 350
1723,TOYOTA,2010,3.3,Hybrid,Automatic,140553,Sedan,1725,Highlander
1724,LEXUS,2010,3.5,Hybrid,Automatic,103907,Jeep,5018,RX 450
1725,HYUNDAI,2013,2.0,Diesel,Automatic,32529,Jeep,28059,Santa FE
1726,HYUNDAI,2014,1.6,Petrol,Automatic,102308,Sedan,15624,Elantra
1727,HYUNDAI,2017,2.0,Petrol,Tiptronic,51698,Sedan,27598,Elantra
1728,BMW,2012,3.0,Petrol,Tiptronic,54059,Sedan,42024,535
1729,BMW,2016,2.0,Petrol,Automatic,32393,Cabriolet,20071,428
1730,HYUNDAI,2014,2.0,Diesel,Automatic,52974,Jeep,33908,Tucson
1731,HYUNDAI,2010,2.0,Petrol,Automatic,89788,Sedan,17035,Sonata
1732,HYUNDAI,2010,1.6,Petrol,Automatic,73755,Sedan,11864,Elantra
1733,TOYOTA,2015,2.5,Petrol,Automatic,4673,Jeep,42337,RAV 4
1734,MERCEDES-BENZ,2008,2.2,Diesel,Tiptronic,118060,Microbus,45473,Sprinter
1735,FIAT,2012,1.4,Petrol,Automatic,97752,Hatchback,3293,500
1736,VOLVO,2010,2.5,Petrol,Manual,99419,Coupe,15367,C30 2010
1737,HYUNDAI,2018,1.6,LPG,Automatic,29317,Sedan,36137,Elantra
1738,TOYOTA,2012,2.5,Petrol,Tiptronic,100662,Sedan,20385,Camry
1739,TOYOTA,2012,2.5,Petrol,Tiptronic,188897,Sedan,22580,Camry
1740,NISSAN,1998,1.0,Petrol,Manual,80778,Coupe,4077,Micra
1741,HONDA,2002,1.3,Petrol,Variator,110604,Hatchback,7840,FIT
1742,HYUNDAI,2010,2.4,Petrol,Automatic,55923,Sedan,13799,Sonata
1743,MERCEDES-BENZ,1998,1.8,CNG,Manual,206917,Universal,7524,C 180
1744,HYUNDAI,2011,1.6,Petrol,Automatic,64679,Sedan,16894,Elantra
1745,HYUNDAI,2015,2.0,Diesel,Automatic,91245,Jeep,36567,Santa FE
1746,NISSAN,2015,1.6,Petrol,Tiptronic,70215,Jeep,25089,Juke
1747,HYUNDAI,2013,1.8,Petrol,Automatic,74565,Sedan,15681,Elantra
1748,HYUNDAI,2011,1.6,Diesel,Automatic,27043,Hatchback,8154,Accent
1749,TOYOTA,2002,3.4,LPG,Automatic,64001,Jeep,25089,Land Cruiser Prado
1750,BMW,2010,3.0,Diesel,Automatic,100662,Jeep,36065,X5 XDRIVE
1751,LEXUS,2012,1.8,Hybrid,Automatic,108184,Hatchback,1490,CT 200h
1752,HYUNDAI,2011,1.6,Petrol,Tiptronic,40762,Hatchback,18503,Veloster
1753,TOYOTA,2013,1.8,Petrol,Automatic,183393,Hatchback,20385,Prius
1754,BMW,2007,3.0,Petrol,Tiptronic,153479,Sedan,17876,535 i
1755,MINI,2017,1.5,Petrol,Automatic,16622,Coupe,21482,Cooper
1756,TOYOTA,1997,2.4,Petrol,Automatic,142915,Minivan,3150,Estima
1757,HYUNDAI,2013,3.8,Petrol,Automatic,72379,Coupe,47408,Genesis
1758,TOYOTA,2013,1.8,Hybrid,Automatic,47846,Hatchback,21012,Prius
1759,HYUNDAI,2015,2.0,LPG,Automatic,172880,Sedan,10663,Sonata
1760,CHEVROLET,2014,1.4,Hybrid,Automatic,69670,Hatchback,6586,Volt
1761,TOYOTA,2010,1.8,Hybrid,Variator,111847,Sedan,15994,Prius
1762,TOYOTA,2013,1.5,Hybrid,Automatic,87613,Hatchback,14113,Aqua
1763,HYUNDAI,2015,1.6,LPG,Automatic,19816,Sedan,18346,Elantra
1764,MITSUBISHI,1997,2.8,Diesel,Tiptronic,96313,Jeep,18503,Pajero
1765,CHEVROLET,2011,1.6,Petrol,Automatic,95783,Sedan,13626,Cruze
1766,TOYOTA,2012,3.5,Petrol,Automatic,177206,Jeep,9565,Highlander
1767,SUBARU,2013,2.0,Petrol,Automatic,65569,Sedan,5645,XV
1768,CHEVROLET,2013,1.4,Hybrid,Automatic,93527,Hatchback,4547,Volt
1769,HYUNDAI,2016,2.5,Diesel,Automatic,74004,Minivan,36899,H1
1770,BMW,2013,3.0,Diesel,Automatic,85626,Jeep,1019,X5
1771,AUDI,2011,2.0,Petrol,Tiptronic,118060,Sedan,15681,A4
1772,TOYOTA,2012,1.0,Petrol,Automatic,65865,Sedan,12544,Vitz
1773,TOYOTA,2013,2.5,Petrol,Automatic,51698,Jeep,27911,RAV 4
1774,VOLKSWAGEN,2013,2.5,Petrol,Tiptronic,95691,Sedan,14113,Jetta
1775,OPEL,2000,1.6,Petrol,Manual,160314,Hatchback,8000,Astra g
1776,MERCEDES-BENZ,1999,2.2,Diesel,Manual,198833,Sedan,8781,C 220
1777,BMW,2017,3.0,Diesel,Automatic,61345,Jeep,14269,X5
1778,TOYOTA,2001,1.5,Petrol,Automatic,85749,Sedan,6586,Corolla
1779,HONDA,2005,1.3,Petrol,Automatic,96934,Hatchback,10349,FIT
1780,BMW,2011,3.0,Petrol,Tiptronic,77671,Sedan,26657,528
1781,სხვა,2007,2.3,Diesel,Manual,203810,Microbus,25089,IVECO DAYLY
1782,TOYOTA,2013,4.0,Petrol,Automatic,35762,Sedan,19130,Tacoma
1783,MERCEDES-BENZ,2007,3.0,Diesel,Automatic,133595,Jeep,21500,ML 280 სასწრაფოდ
1784,TOYOTA,2019,2.5,Hybrid,Automatic,5981,Sedan,3450,Camry
1785,MERCEDES-BENZ,2012,3.0,Diesel,Automatic,168827,Jeep,26657,ML 350
1786,LEXUS,2010,3.5,Hybrid,Automatic,154791,Jeep,14426,RX 450
1787,BMW,2016,3.0,Petrol,Automatic,46400,Jeep,1254,X6
1788,LAND ROVER,2011,3.6,Diesel,Tiptronic,108740,Jeep,61154,Range Rover
1789,CHEVROLET,2018,1.5,Hybrid,Automatic,43943,Sedan,18817,Volt
1790,TOYOTA,2019,2.0,Petrol,Automatic,12324,Jeep,21012,CHR
1791,HYUNDAI,2018,2.4,Petrol,Automatic,6829,Sedan,11290,Santa FE
1792,TOYOTA,2014,2.5,Petrol,Tiptronic,59652,Sedan,24775,Camry SPORT
1793,CHEVROLET,2017,2.5,Petrol,Automatic,40697,Sedan,45445,Impala
1794,TOYOTA,2014,1.5,Hybrid,Automatic,156860,Hatchback,3136,Prius C
1795,FORD,2011,2.4,Diesel,Manual,72873,Goods wagon,25716,Transit
1796,HYUNDAI,2009,1.6,Petrol,Automatic,115845,Sedan,11102,Elantra
1797,MERCEDES-BENZ,2016,2.0,Petrol,Automatic,68074,Jeep,8311,GLA 250
1798,MERCEDES-BENZ,1997,3.2,LPG,Manual,105633,Sedan,7840,E 320
1799,TOYOTA,2009,1.8,Hybrid,Automatic,159692,Hatchback,13485,Prius
1800,HYUNDAI,2011,1.6,Petrol,Automatic,31821,Sedan,11604,Elantra
1801,MITSUBISHI,2000,2.0,Petrol,Automatic,9321,Jeep,12544,Pajero IO
1802,SUBARU,2011,2.0,Petrol,Variator,79535,Hatchback,14950,Impreza
1803,TOYOTA,2014,1.6,Petrol,Tiptronic,69594,Sedan,28852,Corolla
1804,MINI,2008,1.6,Petrol,Automatic,111847,Hatchback,14113,Cooper
1805,TOYOTA,2010,2.5,Diesel,Manual,20630,Pickup,1500,Hilux
1806,VOLKSWAGEN,2000,1.6,CNG,Manual,116196,Sedan,5959,Golf
1807,HYUNDAI,2015,2.2,Diesel,Automatic,93206,Jeep,33908,Santa FE
1808,KIA,2015,2.4,Petrol,Automatic,69436,Sedan,13172,Optima
1809,TOYOTA,2018,2.5,Hybrid,Automatic,79234,Sedan,9722,Camry
1810,OPEL,2005,1.7,Diesel,Manual,111225,Hatchback,12544,Astra
1811,TOYOTA,2011,3.5,Hybrid,Automatic,212895,Jeep,1568,Highlander
1812,MERCEDES-BENZ,2012,3.0,Diesel,Automatic,106392,Sedan,9565,E 350
1813,HONDA,2017,1.3,Petrol,Automatic,42511,Hatchback,21285,FIT
1814,TOYOTA,2008,1.5,Hybrid,Variator,116818,Hatchback,11290,Prius
1815,MERCEDES-BENZ,2014,3.5,Diesel,Automatic,124385,Sedan,30734,E 350
1816,HYUNDAI,2011,1.6,Diesel,Automatic,35158,Hatchback,10381,I30
1817,HONDA,2011,1.3,Hybrid,Variator,75186,Hatchback,8938,FIT
1818,MERCEDES-BENZ,2000,3.2,Petrol,Automatic,198839,Coupe,4704,320
1819,BMW,2011,3.0,Petrol,Tiptronic,83885,Sedan,16151,328
1820,BMW,2014,3.0,Diesel,Automatic,87852,Jeep,7056,X5
1821,KIA,2016,2.0,Petrol,Automatic,39069,Sedan,22580,Optima
1822,HYUNDAI,2017,2.0,Diesel,Automatic,52391,Jeep,55528,Santa FE
1823,FORD,1999,2.5,Diesel,Manual,167770,Microbus,9408,Transit
1824,TOYOTA,2012,3.5,Petrol,Automatic,177206,Jeep,9565,Highlander
1825,KIA,2014,2.4,Petrol,Tiptronic,55874,Sedan,18503,Optima
1826,TOYOTA,2012,2.5,Hybrid,Automatic,66487,Sedan,25716,Camry
1827,CHEVROLET,2016,1.5,Petrol,Automatic,70140,Sedan,13485,Cruze Premier
1828,TOYOTA,2012,1.8,Hybrid,Variator,61516,Hatchback,22900,Prius
1829,HYUNDAI,2011,1.6,Petrol,Automatic,79225,Sedan,14454,Elantra
1830,TOYOTA,2014,2.5,Petrol,Tiptronic,36288,Sedan,22894,Camry
1831,HYUNDAI,2014,2.5,Diesel,Automatic,102405,Minivan,31650,H1
1832,MERCEDES-BENZ,2006,1.7,Petrol,Tiptronic,92584,Sedan,6899,A 170
1833,TOYOTA,2012,1.5,Hybrid,Automatic,80778,Hatchback,10663,Prius C
1834,TOYOTA,2012,1.0,Petrol,Variator,49710,Hatchback,8000,Vitz
1835,BMW,2012,3.0,Petrol,Automatic,123986,Sedan,5175,740
1836,VOLKSWAGEN,2013,1.0,Petrol,Tiptronic,39768,Hatchback,7000,UP
1837,TOYOTA,2012,1.8,Hybrid,Automatic,79115,Sedan,14426,Prius
1838,FORD,2008,2.4,Diesel,Manual,99419,Microbus,17876,Transit
1839,SSANGYONG,2015,2.0,Diesel,Automatic,36709,Jeep,45633,REXTON
1840,TOYOTA,2015,2.5,Hybrid,Automatic,149891,Sedan,9722,Camry
1841,HYUNDAI,2012,2.0,Diesel,Automatic,105447,Jeep,24123,Tucson
1842,HYUNDAI,2017,2.0,Diesel,Automatic,65711,Jeep,53154,Santa FE
1843,MITSUBISHI,2014,2.0,Petrol,Tiptronic,47846,Jeep,22266,Outlander SPORT
1844,CHEVROLET,2011,3.5,Petrol,Automatic,136107,Sedan,1646,Impala
1845,HYUNDAI,2015,2.0,Diesel,Automatic,50419,Jeep,29323,Santa FE
1846,FORD,2003,2.0,Diesel,Manual,149129,Microbus,7840,Transit
1847,FIAT,2012,1.4,Petrol,Automatic,51912,Coupe,10036,500L LONG
1848,CHEVROLET,2016,2.0,LPG,Automatic,75770,Jeep,26096,Orlando
1849,TOYOTA,2014,1.8,Petrol,Tiptronic,46603,Sedan,23521,Corolla
1850,FORD,2002,2.0,Diesel,Manual,83885,Goods wagon,10000,Transit
1851,TOYOTA,2007,2.4,Hybrid,Automatic,154100,Sedan,18503,Camry
1852,MERCEDES-BENZ,2003,2.2,Diesel,Tiptronic,185790,Sedan,11604,C 200
1853,TOYOTA,2014,1.5,Petrol,Automatic,76259,Hatchback,19823,Aqua
1854,HYUNDAI,2016,1.7,Diesel,Automatic,115635,Jeep,35899,Tucson
1855,FORD,2014,2.5,Petrol,Automatic,80778,Sedan,16935,Fusion
1856,MAZDA,2019,2.5,Petrol,Automatic,7299,Sedan,35438,CX-9
1857,FORD,2010,2.3,Petrol,Automatic,155146,Pickup,1333,Ranger
1858,KIA,2013,2.4,Petrol,Tiptronic,62781,Sedan,21012,Optima
1859,HYUNDAI,2011,2.0,Diesel,Automatic,51730,Jeep,16778,Tucson
1860,HYUNDAI,2016,2.0,LPG,Automatic,130329,Sedan,19914,Sonata
1861,VOLKSWAGEN,2014,2.5,Petrol,Tiptronic,78914,Sedan,12544,Jetta
1862,TOYOTA,2018,2.0,Petrol,Tiptronic,14540,Jeep,43905,CHR
1863,JEEP,2013,2.4,Petrol,Automatic,102526,Jeep,22269,Compass
1864,CHRYSLER,2015,2.4,Petrol,Automatic,46905,Sedan,3607,200
1865,CHEVROLET,2012,2.0,Diesel,Automatic,65223,Sedan,13987,Cruze
1866,TOYOTA,2014,2.5,Petrol,Tiptronic,54681,Sedan,23521,Camry
1867,JAGUAR,2015,3.0,Petrol,Automatic,33821,Sedan,1646,XJ
1868,MITSUBISHI,2011,2.0,Petrol,Tiptronic,62137,Jeep,13998,Outlander
1869,SUZUKI,2005,2.7,Petrol,Automatic,93206,Jeep,12544,XL7
1870,HYUNDAI,2010,2.0,Diesel,Automatic,127381,Jeep,16766,Tucson
1871,VOLKSWAGEN,2007,2.5,Diesel,Manual,124274,Microbus,22840,Crafter
1872,FORD,1998,2.5,Diesel,Manual,146022,Microbus,10976,Transit
1873,JEEP,2001,3.7,Petrol,Automatic,93206,Jeep,7840,Liberty
1874,HYUNDAI,2017,2.5,Diesel,Automatic,89247,Universal,35846,H1
1875,TOYOTA,2012,1.5,Hybrid,Automatic,127823,Hatchback,16935,Prius C
1876,CHEVROLET,2008,1.2,Petrol,Automatic,76573,Sedan,4234,Aveo
1877,PORSCHE,2017,3.6,Petrol,Automatic,23105,Jeep,41083,Cayenne
1878,CHEVROLET,2016,1.4,Petrol,Automatic,113636,Sedan,12231,Cruze
1879,VOLKSWAGEN,2011,2.5,Petrol,Automatic,46603,Sedan,25559,Passat sel
1880,HONDA,2011,1.3,Hybrid,Automatic,55564,Hatchback,6743,FIT HIBRID
1881,SSANGYONG,2016,1.6,Diesel,Automatic,70093,Jeep,35309,Actyon
1882,TOYOTA,2013,1.5,Hybrid,Automatic,99618,Sedan,12858,Aqua
1883,TOYOTA,2015,1.8,Hybrid,Automatic,65117,Jeep,2038,Prius
1884,HONDA,2010,1.3,Hybrid,Tiptronic,137944,Sedan,12074,Insight EX
1885,FORD,2018,2.0,Hybrid,Automatic,32941,Jeep,5802,Fusion
1886,AUDI,1998,2.8,Petrol,Tiptronic,186218,Sedan,3136,A6
1887,FORD,2013,1.5,Petrol,Automatic,62137,Sedan,19444,Fusion
1888,HAVAL,2015,1.5,Petrol,Manual,17398,Jeep,15053,H6
1889,VOLKSWAGEN,2011,2.0,Petrol,Automatic,109983,Sedan,16621,CC R line
1890,TOYOTA,2018,2.0,Petrol,Automatic,11653,Jeep,6272,CHR
1891,FORD,2016,2.0,Petrol,Automatic,26442,Sedan,54932,Taurus
1892,MAZDA,2017,2.5,Petrol,Automatic,19694,Sedan,26971,Mazda 6 TOURING
1893,BMW,2010,3.0,Petrol,Tiptronic,65244,Sedan,9722,328
1894,MITSUBISHI,2017,2.4,Petrol,Variator,37779,Jeep,40142,Outlander
1895,MERCEDES-BENZ,2000,2.2,Diesel,Automatic,179794,Sedan,5950,E 220
1896,HYUNDAI,2016,2.0,LPG,Automatic,149484,Sedan,15994,Sonata
1897,TOYOTA,2013,1.8,Hybrid,Automatic,108077,Hatchback,8154,Prius
1898,HYUNDAI,2014,2.0,Diesel,Automatic,95763,Jeep,34074,Santa FE
1899,TOYOTA,2007,1.5,Hybrid,Variator,76118,Hatchback,12858,Prius
1900,CHEVROLET,2012,1.4,Hybrid,Automatic,100780,Hatchback,3136,Volt
1901,HYUNDAI,2014,2.5,Diesel,Automatic,118060,Minivan,28423,H1
1902,MERCEDES-BENZ,2009,3.5,Diesel,Automatic,165323,Sedan,1411,E 350
1903,HONDA,2019,1.5,Petrol,Automatic,4225,Minivan,21000,Fred
1904,HYUNDAI,2016,2.0,LPG,Automatic,163971,Sedan,15681,Sonata
1905,HYUNDAI,2016,2.5,Diesel,Automatic,70397,Minivan,35005,H1
1906,CHEVROLET,2010,1.6,Petrol,Automatic,76174,Sedan,10381,Lacetti
1907,KIA,2012,2.0,Petrol,Automatic,103396,Sedan,21326,Optima
1908,TOYOTA,2012,1.5,Hybrid,Variator,74565,Hatchback,9408,Aqua
1909,LEXUS,2013,4.6,Petrol,Automatic,125921,Jeep,6272,GX 470
1910,HYUNDAI,2014,1.8,Petrol,Automatic,68776,Sedan,3763,Elantra
1911,HYUNDAI,2014,1.6,Petrol,Automatic,46603,Sedan,10976,Elantra
1912,HYUNDAI,2013,2.2,Diesel,Automatic,159071,Jeep,31220,Santa FE
1913,TOYOTA,2011,2.5,Petrol,Automatic,89477,Jeep,23521,RAV 4
1914,HYUNDAI,2017,1.6,Petrol,Automatic,26980,Jeep,58338,Tucson
1915,LEXUS,2015,4.6,Petrol,Automatic,66436,Jeep,47042,GX 470
1916,HYUNDAI,2010,2.5,Diesel,Automatic,36635,Minivan,21805,H1
1917,BMW,2014,3.0,Diesel,Automatic,68795,Jeep,14113,X5
1918,DODGE,2010,2.0,Petrol,Automatic,39146,Universal,13799,Caliber
1919,HYUNDAI,2012,3.0,Petrol,Automatic,134112,Sedan,20814,Grandeur
1920,HONDA,2007,1.5,Petrol,Variator,111847,Hatchback,9408,FIT
1921,NISSAN,2005,2.0,Petrol,Automatic,72700,Minivan,10663,Serena
1922,NISSAN,2005,3.5,CNG,Automatic,96437,Jeep,20385,Murano
1923,CHEVROLET,2008,2.0,Diesel,Automatic,33176,Jeep,9377,Captiva
1924,HYUNDAI,2014,2.5,Diesel,Automatic,94358,Minivan,30517,H1
1925,MERCEDES-BENZ,2004,1.8,Petrol,Automatic,95070,Sedan,12544,C 230
1926,MERCEDES-BENZ,2013,3.5,Petrol,Tiptronic,48467,Jeep,52687,ML 350 4 MATIC
1927,HONDA,2002,2.0,CNG,Automatic,42875,Jeep,8200,Cr-v
1928,CHEVROLET,2014,2.2,Diesel,Automatic,58145,Jeep,28789,Captiva
1929,OPEL,2008,1.3,Diesel,Manual,92584,Goods wagon,11917,Astra
1930,KIA,2015,1.0,Petrol,Automatic,24622,Sedan,12231,Picanto
1931,BMW,2001,2.3,Petrol,Manual,124274,Sedan,8311,523
1932,TOYOTA,2017,1.5,Petrol,Automatic,9321,Hatchback,57607,Aqua
1933,HYUNDAI,2015,2.0,LPG,Automatic,18801,Sedan,13799,Sonata
1934,VOLKSWAGEN,2012,2.0,Petrol,Tiptronic,55923,Jeep,25089,Tiguan
1935,MAZDA,2001,2.5,Petrol,Automatic,86354,Minivan,6272,MPV
1936,BMW,2013,2.0,Petrol,Tiptronic,100041,Sedan,29793,320 i
1937,MERCEDES-BENZ,2010,3.0,Diesel,Automatic,149129,Minivan,31988,Vito
1938,HYUNDAI,2016,2.0,Diesel,Automatic,75583,Jeep,48575,Santa FE
1939,MERCEDES-BENZ,2004,3.2,Petrol,Tiptronic,110604,Coupe,10036,CLK 320
1940,HYUNDAI,2016,2.0,LPG,Automatic,136349,Sedan,15681,Sonata
1941,TOYOTA,2007,3.5,Petrol,Automatic,161556,Jeep,18814,RAV 4
1942,HONDA,2011,2.4,Petrol,Automatic,72079,Jeep,21500,Cr-v
1943,LAND ROVER,2009,2.7,Diesel,Tiptronic,91342,Jeep,36065,Discovery
1944,HONDA,2009,1.8,Petrol,Automatic,46603,Sedan,12544,Civic
1945,CHEVROLET,2014,1.8,Petrol,Tiptronic,80778,Sedan,14113,Cruze
1946,BMW,2012,3.0,Petrol,Tiptronic,64623,Sedan,28225,535
1947,TOYOTA,2012,2.5,Petrol,Tiptronic,159071,Sedan,20071,Camry
1948,FORD,2010,3.0,Petrol,Automatic,103542,Jeep,17249,Escape 3.0
1949,HONDA,2013,1.5,Petrol,Automatic,12490,Hatchback,24239,FIT
1950,FORD,2013,2.5,Petrol,Automatic,129694,Sedan,13172,Fusion
1951,HONDA,2013,1.3,Petrol,Automatic,43011,Hatchback,5209,FIT
1952,DODGE,2011,3.6,Petrol,Automatic,156743,Sedan,2979,Ramcharger
1953,HYUNDAI,2016,2.4,Petrol,Tiptronic,51698,Sedan,19757,Sonata
1954,OPEL,2000,1.6,Petrol,Automatic,6904,Sedan,7527,Vectra B
1955,SSANGYONG,2017,1.6,Diesel,Automatic,57556,Jeep,41811,Actyon
1956,SSANGYONG,2013,2.0,Diesel,Automatic,71320,Jeep,40340,REXTON
1957,TOYOTA,2013,2.5,Hybrid,Automatic,118402,Sedan,5018,Camry
1958,FORD,1999,2.5,Diesel,Manual,202835,Microbus,14740,Transit
1959,TOYOTA,2009,1.5,Hybrid,Automatic,178955,Sedan,13485,Prius
1960,JEEP,2015,2.0,Diesel,Automatic,84225,Jeep,51166,Cherokee
1961,GMC,2012,2.4,Petrol,Automatic,126790,Jeep,2430,TERRAIN
1962,SUBARU,2017,2.5,Petrol,Automatic,180020,Jeep,8467,Forester
1963,SSANGYONG,2012,2.0,Diesel,Automatic,82242,Jeep,24123,Korando
1964,MERCEDES-BENZ,2000,2.0,CNG,Tiptronic,11806,Sedan,9408,C 180
1965,HYUNDAI,2011,2.4,Hybrid,Tiptronic,66487,Sedan,16308,Sonata
1966,DAEWOO,2009,1.2,Petrol,Automatic,106340,Sedan,4547,Gentra
1967,MAZDA,2014,2.2,Diesel,Tiptronic,36661,Jeep,25000,CX-5
1968,TOYOTA,2014,1.5,Petrol,Automatic,60149,Hatchback,25089,Aqua
1969,TOYOTA,2012,3.5,Hybrid,Tiptronic,46603,Jeep,48610,Highlander
1970,TOYOTA,2010,1.8,Hybrid,Automatic,99035,Hatchback,3293,Prius
1971,HONDA,2013,1.8,Petrol,Automatic,55923,Sedan,27911,Civic
1972,HYUNDAI,2013,2.0,Petrol,Automatic,33483,Coupe,59831,Genesis
1973,HYUNDAI,2016,2.0,LPG,Automatic,222778,Sedan,13172,Sonata
1974,SSANGYONG,2012,2.0,Diesel,Automatic,125453,Pickup,21940,Korando
1975,HYUNDAI,2014,2.0,Petrol,Automatic,48467,Sedan,20698,Sonata
1976,HONDA,2005,2.4,Petrol,Automatic,93206,Jeep,13172,Cr-v
1977,MERCEDES-BENZ,1996,2.0,CNG,Manual,189656,Sedan,5331,C 200
1978,SSANGYONG,2012,2.0,Diesel,Automatic,54597,Jeep,22843,Korando
1979,FORD,2014,2.0,Hybrid,Variator,68475,Sedan,17876,Fusion
1980,HYUNDAI,2013,2.0,Diesel,Automatic,22654,Jeep,25716,Santa FE
1981,OPEL,1996,1.8,Petrol,Manual,198217,Sedan,4861,Vectra
1982,HYUNDAI,2016,2.0,LPG,Automatic,165233,Sedan,15681,Sonata
1983,BMW,2002,2.5,Petrol,Tiptronic,99419,Sedan,11447,525
1984,MERCEDES-BENZ,2006,3.5,Petrol,Tiptronic,109361,Sedan,37320,S 350
1985,FORD,2012,2.5,Hybrid,Automatic,233550,Sedan,1960,Fusion
1986,HYUNDAI,2014,1.6,Diesel,Automatic,63474,Sedan,27946,Elantra
1987,FIAT,2000,1.1,Petrol,Manual,105633,Hatchback,2600,Cinquecento
1988,HONDA,2010,1.8,Hybrid,Variator,228665,Sedan,13172,FIT
1989,HYUNDAI,2011,2.0,Diesel,Automatic,119201,Jeep,23138,Santa FE
1990,LEXUS,2010,4.6,Petrol,Automatic,162036,Jeep,46728,GX 460
1991,NISSAN,2010,3.0,Diesel,Manual,104300,Jeep,42337,Patrol
1992,TOYOTA,2013,1.5,Hybrid,Automatic,75186,Sedan,13485,Aqua
1993,TOYOTA,2010,1.8,Hybrid,Automatic,112482,Sedan,14113,Prius
1994,HONDA,2010,3.5,Petrol,Automatic,10563,Jeep,29793,Pilot
1995,TOYOTA,2019,3.5,Petrol,Automatic,10900,Sedan,31047,Tacoma
1996,NISSAN,2015,2.5,Petrol,Automatic,101827,Sedan,1725,Altima
1997,BMW,2004,3.0,Petrol,Tiptronic,130488,Sedan,13500,5.30E+62
1998,HYUNDAI,2012,2.0,Diesel,Automatic,105530,Jeep,21395,Tucson
1999,BMW,1997,2.5,Petrol,Automatic,139897,Sedan,4234,325
2000,TOYOTA,2012,2.5,Hybrid,Automatic,97256,Sedan,3607,Camry
2001,HONDA,2012,1.8,Petrol,Automatic,77366,Sedan,3293,Civic
2002,NISSAN,2006,3.5,CNG,Tiptronic,111847,Sedan,10663,Fuga
2003,HYUNDAI,2012,1.6,Petrol,Automatic,47147,Sedan,26475,Elantra
2004,NISSAN,2011,1.8,Petrol,Automatic,88856,Hatchback,10663,Versa
2005,MERCEDES-BENZ,2017,3.0,Petrol,Automatic,32202,Jeep,37320,GLE 350
2006,MERCEDES-BENZ,2011,3.5,Diesel,Automatic,105900,Coupe,15994,E 350
2007,TOYOTA,2010,1.8,Petrol,Automatic,180372,Sedan,3607,Corolla
2008,TOYOTA,2002,2.4,CNG,Automatic,142294,Sedan,9408,Ipsum
2009,CHEVROLET,2011,1.8,Petrol,Automatic,105633,Sedan,10117,Cruze
2010,HYUNDAI,2013,2.0,Diesel,Automatic,82033,Jeep,28830,Tucson
2011,NISSAN,2011,1.8,Petrol,Automatic,33138,Hatchback,24891,Versa
2012,HONDA,2015,1.8,Petrol,Automatic,62546,Sedan,30891,Civic
2013,TOYOTA,2014,2.4,Hybrid,Variator,94448,Sedan,24148,Camry
2014,HYUNDAI,2015,3.8,Petrol,Automatic,75657,Sedan,46207,Genesis
2015,HONDA,2011,1.3,Petrol,Automatic,89477,Hatchback,5200,FIT
2016,HYUNDAI,2017,2.5,Diesel,Automatic,69372,Universal,43952,H1
2017,VOLKSWAGEN,2015,1.8,Petrol,Automatic,88157,Sedan,2430,Passat
2018,HYUNDAI,2016,2.0,Diesel,Automatic,40197,Jeep,55515,Santa FE
2019,NISSAN,2015,1.6,Petrol,Tiptronic,47286,Jeep,23521,Juke
2020,HONDA,2014,1.5,Petrol,Automatic,67729,Hatchback,27435,FIT
2021,FORD,2010,1.8,Diesel,Manual,52817,Goods wagon,10506,Transit Connect
2022,HYUNDAI,2014,2.5,Diesel,Automatic,46112,Jeep,22433,H1
2023,MERCEDES-BENZ,1999,2.4,Petrol,Manual,16280,Sedan,9095,E 240
2024,TOYOTA,2006,1.5,Hybrid,Automatic,205760,Sedan,11604,Prius
2025,SSANGYONG,2016,1.6,Diesel,Automatic,112971,Jeep,28241,Actyon
2026,CHEVROLET,2016,2.0,Petrol,Automatic,66264,Sedan,34419,Malibu
2027,FORD,2010,2.4,Diesel,Manual,76429,Microbus,25089,Transit
2028,BMW,2012,3.0,Diesel,Automatic,142894,Jeep,10820,X5
2029,FORD,2017,2.0,Hybrid,Automatic,46974,Sedan,18503,Fusion
2030,MITSUBISHI,2003,2.4,LPG,Automatic,124274,Universal,10036,Outlander
2031,HONDA,2016,2.4,Petrol,Variator,13919,Jeep,29793,Cr-v
2032,TOYOTA,2018,2.5,Hybrid,Automatic,79234,Sedan,9722,Camry
2033,HYUNDAI,2018,1.6,Petrol,Automatic,32933,Sedan,27924,Elantra
2034,BMW,2014,3.0,Diesel,Automatic,68795,Jeep,14113,X5
2035,MERCEDES-BENZ,2010,3.5,Petrol,Automatic,127983,Sedan,1646,E 350
2036,HYUNDAI,2011,1.6,Diesel,Automatic,188933,Sedan,12074,Accent
2037,SSANGYONG,2013,2.0,Diesel,Automatic,178970,Jeep,21953,REXTON
2038,SUBARU,2000,2.5,CNG,Manual,92612,Jeep,7200,Forester
2039,VOLKSWAGEN,2011,2.0,Petrol,Manual,85749,Sedan,16621,CC 2.0 T
2040,NISSAN,2005,2.3,Petrol,Automatic,106876,Sedan,6272,Teana
2041,SUBARU,2015,2.0,Petrol,Automatic,37115,Coupe,17562,BRZ
2042,SUZUKI,2013,2.0,Petrol,Automatic,120238,Sedan,1411,SX4
2043,HYUNDAI,2011,2.0,Diesel,Automatic,112561,Jeep,18117,Tucson
2044,CHEVROLET,2013,1.4,Plug-in Hybrid,Automatic,64001,Hatchback,19130,Volt
2045,HYUNDAI,2010,1.6,Petrol,Automatic,86013,Sedan,15612,Elantra
2046,VOLKSWAGEN,2004,3.0,LPG,Tiptronic,109361,Jeep,12544,Touareg
2047,TOYOTA,2010,1.8,Hybrid,Variator,90099,Sedan,15994,Prius
2048,CHEVROLET,2019,1.4,Petrol,Automatic,766,Sedan,4077,1500
2049,HYUNDAI,2010,2.0,Petrol,Automatic,106878,Sedan,1646,Elantra
2050,TOYOTA,2014,2.5,Petrol,Tiptronic,34175,Jeep,35124,RAV 4
2051,MERCEDES-BENZ,2015,2.0,Petrol,Automatic,99375,Jeep,12858,GLA 250
2052,CHEVROLET,2009,1.6,Petrol,Automatic,31410,Sedan,4704,Cruze
2053,FORD,2012,3.7,Petrol,Automatic,66487,Coupe,19130,Mustang
2054,HYUNDAI,2014,2.0,Diesel,Automatic,83730,Jeep,30351,Tucson
2055,NISSAN,2011,2.5,Petrol,Variator,68351,Sedan,11290,Teana
2056,HONDA,2016,1.5,Petrol,Automatic,6062,Hatchback,35839,FIT
2057,NISSAN,2012,1.6,Petrol,Tiptronic,72079,Jeep,16308,Juke
2058,FORD,2016,1.6,Petrol,Automatic,58657,Jeep,21953,Escape
2059,MERCEDES-BENZ,2013,2.2,Diesel,Manual,217480,Minivan,47042,Viano
2060,HYUNDAI,2016,2.0,Diesel,Automatic,122084,Jeep,35902,Santa FE
2061,MERCEDES-BENZ,2007,2.2,Diesel,Automatic,136702,Universal,20698,E 220
2062,OPEL,2002,1.6,CNG,Manual,1864,Minivan,8781,Zafira
2063,MERCEDES-BENZ,2014,1.0,Petrol,Automatic,5592,Coupe,13485,Smart Fortwo
2064,LEXUS,2012,4.6,Petrol,Automatic,93770,Jeep,4077,GX 460
2065,HYUNDAI,2008,1.6,Diesel,Automatic,50908,Hatchback,6272,I30
2066,NISSAN,2003,2.5,CNG,Tiptronic,122410,Sedan,5175,Skyline
2067,HYUNDAI,2013,2.2,Diesel,Automatic,80107,Jeep,49165,Santa FE
2068,AUDI,2014,2.0,Petrol,Automatic,173811,Sedan,18817,A6
2069,NISSAN,2010,1.8,Petrol,Automatic,82357,Hatchback,7840,Tiida
2070,HYUNDAI,2014,2.5,Diesel,Automatic,68651,Minivan,35736,H1
2071,HYUNDAI,2008,2.5,Diesel,Automatic,152933,Universal,16480,H1
2072,HYUNDAI,2011,2.5,Diesel,Automatic,28573,Minivan,16778,H1
2073,HYUNDAI,2011,1.6,Petrol,Automatic,82482,Sedan,19121,Elantra
2074,HYUNDAI,2010,2.0,Petrol,Automatic,96217,Sedan,14715,Sonata
2075,TOYOTA,2013,1.5,Petrol,Automatic,42875,Hatchback,18117,Aqua
2076,FORD,2015,2.0,Petrol,Tiptronic,48113,Sedan,23521,Fusion TITANIUM
2077,CHEVROLET,2014,2.0,Diesel,Automatic,52148,Jeep,28589,Captiva
2078,NISSAN,2005,2.0,Petrol,Automatic,85409,Jeep,11917,X-Trail
2079,MITSUBISHI,2013,2.0,Petrol,Automatic,64071,Jeep,2979,Outlander
2080,FIAT,2012,1.4,Petrol,Tiptronic,79535,Coupe,10349,500 Sport
2081,VOLKSWAGEN,2014,2.0,Diesel,Manual,32151,Hatchback,21796,Golf TDI
2082,FORD,2014,2.0,Petrol,Automatic,64199,Hatchback,12544,Focus
2083,TOYOTA,2013,1.8,Hybrid,Automatic,64001,Sedan,20385,Prius
2084,TOYOTA,2014,2.5,Petrol,Automatic,86992,Sedan,21012,Camry sport
2085,FORD,2013,2.0,Hybrid,Tiptronic,69262,Hatchback,16935,C-MAX
2086,HYUNDAI,2014,1.8,Petrol,Tiptronic,42750,Hatchback,17876,Elantra
2087,TOYOTA,2010,3.3,Hybrid,Tiptronic,82396,Jeep,24618,Highlander
2088,HYUNDAI,2012,2.0,Diesel,Automatic,112152,Jeep,22947,Tucson
2089,MAZDA,2003,1.4,CNG,Manual,114954,Hatchback,7213,Demio evropuli
2090,MAZDA,2017,2.5,Petrol,Automatic,46909,Sedan,21012,Mazda 6 TOURING
2091,MERCEDES-BENZ,1998,2.3,CNG,Manual,186411,Minivan,8000,Vito
2092,TOYOTA,2008,1.5,Hybrid,Variator,224688,Hatchback,14426,Prius
2093,FIAT,2013,1.4,Petrol,Manual,88235,Coupe,18000,500 Abarth
2094,HYUNDAI,2016,2.0,Diesel,Automatic,92789,Jeep,37229,Tucson
2095,HYUNDAI,2011,1.6,Petrol,Automatic,100363,Sedan,18240,Elantra
2096,TOYOTA,2014,2.5,Hybrid,Automatic,111462,Sedan,11133,Camry
2097,TOYOTA,2012,1.5,Hybrid,Variator,119925,Hatchback,15994,Aqua
2098,HYUNDAI,2012,2.0,Diesel,Automatic,119635,Jeep,19456,Tucson
2099,BMW,2013,2.0,Petrol,Tiptronic,124274,Jeep,37633,X3
2100,MERCEDES-BENZ,2009,3.0,Diesel,Tiptronic,18641,Microbus,47042,Sprinter
2101,HYUNDAI,2012,2.4,Hybrid,Tiptronic,81400,Sedan,17876,Sonata
2102,OPEL,1998,1.6,Petrol,Manual,142915,Goods wagon,7840,Astra
2103,HYUNDAI,2017,2.0,LPG,Automatic,141617,Sedan,16935,Sonata
2104,TOYOTA,2010,3.3,Hybrid,Automatic,186639,Jeep,14269,Highlander
2105,NISSAN,2013,1.6,Petrol,Automatic,193941,Jeep,6272,Juke
2106,CHEVROLET,2017,1.5,Petrol,Automatic,19266,Jeep,26657,Equinox LT
2107,CHEVROLET,2013,1.4,Petrol,Tiptronic,130488,Sedan,14113,Cruze
2108,HYUNDAI,2019,2.4,Petrol,Automatic,28747,Sedan,8781,Santa FE
2109,TOYOTA,2013,1.5,Petrol,Automatic,77671,Hatchback,13184,Aqua
2110,MERCEDES-BENZ,2009,3.5,Diesel,Automatic,67816,Sedan,5018,E 350
2111,CHEVROLET,2016,2.5,Petrol,Automatic,45452,Sedan,49058,Impala
2112,VOLKSWAGEN,2012,2.5,Petrol,Tiptronic,1250,Sedan,15681,Passat
2113,FORD,1998,3.0,CNG,Automatic,99419,Sedan,3200,Taurus
2114,HYUNDAI,2013,2.0,Petrol,Tiptronic,42253,Sedan,18817,Sonata
2115,LEXUS,2015,4.6,Petrol,Automatic,169941,Jeep,61154,GX 470
2116,HYUNDAI,2018,1.6,Petrol,Automatic,12669,Sedan,37066,Elantra
2117,OPEL,2000,1.8,Petrol,Manual,130488,Jeep,5959,Vectra
2118,TOYOTA,2014,1.5,Hybrid,Automatic,7332,Hatchback,15053,Aqua
2119,TOYOTA,2006,1.4,Diesel,Automatic,100662,Sedan,11917,Corolla
2120,TOYOTA,2014,1.5,Petrol,Automatic,22245,Hatchback,18422,Aqua
2121,JEEP,2015,2.4,Petrol,Tiptronic,104390,Jeep,28852,Cherokee
2122,HONDA,2004,1.3,Petrol,Automatic,6904,Hatchback,3000,FIT
2123,CHEVROLET,2014,1.0,Petrol,Automatic,59092,Hatchback,10697,Spark
2124,TOYOTA,2012,1.5,Hybrid,Automatic,66487,Hatchback,16935,Prius C
2125,MERCEDES-BENZ,2002,2.3,Petrol,Tiptronic,97555,Coupe,7213,C 230
2126,SSANGYONG,2011,2.0,Diesel,Automatic,92228,Jeep,20171,REXTON
2127,HYUNDAI,2011,2.0,Diesel,Automatic,78492,Jeep,26149,Tucson
2128,CHEVROLET,2016,1.4,Petrol,Tiptronic,47846,Sedan,14113,Cruze LT
2129,VOLKSWAGEN,2014,1.8,Petrol,Automatic,40762,Sedan,18189,Jetta
2130,SSANGYONG,2014,2.0,Diesel,Automatic,79920,Jeep,21031,Korando
2131,MITSUBISHI,2017,2.0,Petrol,Automatic,25899,Jeep,21169,Outlander SE
2132,MERCEDES-BENZ,2002,2.7,Diesel,Tiptronic,154100,Sedan,16308,E 270 AVANGARDI
2133,TOYOTA,2008,3.3,Hybrid,Automatic,1246,Jeep,29793,Highlander
2134,CHEVROLET,2012,1.8,Petrol,Automatic,78293,Sedan,13877,Cruze
2135,LEXUS,2008,3.5,Petrol,Tiptronic,82332,Sedan,25086,GS 350
2136,VOLKSWAGEN,2016,1.8,Petrol,Automatic,30407,Sedan,24462,Passat R-line
2137,BMW,2004,3.0,Petrol,Automatic,198839,Jeep,14740,X5 e53
2138,SSANGYONG,2013,2.0,Diesel,Automatic,65809,Jeep,42692,REXTON
2139,BMW,2015,3.0,Petrol,Tiptronic,68599,Jeep,51746,X5
2140,LEXUS,2011,3.5,Petrol,Automatic,161079,Jeep,1333,RX 350
2141,MAZDA,2010,2.3,Petrol,Automatic,118750,Hatchback,1333,Eunos 500
2142,TOYOTA,2010,1.8,Hybrid,Variator,130488,Hatchback,14269,Prius
2143,TOYOTA,2018,2.5,Petrol,Automatic,15150,Sedan,42808,Camry SE
2144,HYUNDAI,2016,2.5,Diesel,Automatic,77490,Universal,44517,H1
2145,CHRYSLER,2017,3.6,Petrol,Automatic,19318,Sedan,6586,Pacifica
2146,FIAT,2001,1.9,Diesel,Manual,165285,Goods wagon,8154,Doblo
2147,SSANGYONG,2017,1.6,Petrol,Automatic,33437,Jeep,41811,Actyon
2148,HONDA,2009,1.3,Hybrid,Tiptronic,96313,Hatchback,8467,Insight
2149,BMW,2007,3.0,Petrol,Automatic,621,Sedan,5300,335
2150,TOYOTA,2007,1.5,Hybrid,Automatic,197845,Sedan,11917,Prius
2151,TOYOTA,2016,1.8,Petrol,Automatic,81400,Sedan,21639,Corolla
2152,TOYOTA,2010,3.3,Hybrid,Automatic,164587,Jeep,5645,Highlander
2153,BMW,2011,3.0,Petrol,Tiptronic,95691,Sedan,26657,740
2154,LEXUS,2015,4.6,Petrol,Automatic,116866,Jeep,5018,GX 460
2155,TOYOTA,2012,2.5,Hybrid,Automatic,99033,Sedan,3136,Camry
2156,AUDI,2013,2.0,Petrol,Tiptronic,72700,Universal,38260,Allroad
2157,HYUNDAI,2015,2.0,LPG,Automatic,172880,Sedan,10663,Sonata
2158,HYUNDAI,2011,2.0,Diesel,Automatic,93943,Jeep,26475,Tucson
2159,SSANGYONG,2009,2.7,Diesel,Automatic,105849,Jeep,19707,REXTON
2160,AUDI,2014,3.0,Petrol,Automatic,118914,Hatchback,9565,A7
2161,NISSAN,2012,4.0,Petrol,Tiptronic,126263,Jeep,23521,X-Terra
2162,TOYOTA,2014,1.5,Hybrid,Automatic,75807,Hatchback,8000,Aqua
2163,MERCEDES-BENZ,2010,3.5,Petrol,Tiptronic,83885,Sedan,21639,E 350 212
2164,LAND ROVER,2004,2.0,Petrol,Manual,93206,Jeep,6586,Freelander
2165,HONDA,2002,1.3,Petrol,Automatic,161556,Sedan,5645,FIT
2166,HYUNDAI,2013,2.0,Diesel,Automatic,80107,Jeep,38894,Santa FE
2167,SSANGYONG,2013,2.0,Diesel,Automatic,57618,Jeep,35043,REXTON
2168,HYUNDAI,2018,2.0,Petrol,Automatic,38398,Sedan,1568,Elantra
2169,FORD,2014,1.5,Petrol,Automatic,82804,Sedan,13485,Fusion
2170,HYUNDAI,2011,1.8,Petrol,Tiptronic,42732,Sedan,17876,Elantra
2171,TOYOTA,2012,2.5,Petrol,Tiptronic,70215,Sedan,23521,Camry
2172,TOYOTA,2012,1.5,Hybrid,Variator,56793,Hatchback,16935,Prius C
2173,SSANGYONG,2014,2.0,Diesel,Automatic,23330,Jeep,44752,REXTON
2174,MITSUBISHI,2005,1.5,Petrol,Tiptronic,97555,Hatchback,8781,Colt
2175,VOLKSWAGEN,2003,1.8,Petrol,Manual,141673,Sedan,5488,Jetta
2176,JAGUAR,1999,4.0,Petrol,Tiptronic,621,Sedan,19200,XJ
2177,TOYOTA,2018,2.5,Hybrid,Automatic,21784,Sedan,18817,Camry
2178,TOYOTA,2018,2.0,Petrol,Automatic,10074,Jeep,2587,CHR
2179,MERCEDES-BENZ,2002,3.2,Petrol,Tiptronic,7456,Sedan,7840,E 320
2180,SUBARU,2003,2.0,Petrol,Tiptronic,11185,Universal,7213,Forester
2181,SUZUKI,2005,2.7,Petrol,Automatic,111847,Jeep,13485,Grand Vitara
2182,HYUNDAI,2016,2.5,Diesel,Automatic,68468,Minivan,41387,H1
2183,CHEVROLET,2013,1.6,Petrol,Automatic,44117,Hatchback,11704,Aveo
2184,OPEL,2008,1.6,CNG,Manual,127381,Sedan,10976,Combo
2185,HYUNDAI,2011,2.0,Petrol,Automatic,99419,Coupe,18124,Genesis
2186,HYUNDAI,2015,2.0,Diesel,Automatic,72700,Jeep,46919,Santa FE
2187,HYUNDAI,2012,2.4,Petrol,Automatic,153000,Sedan,1568,Sonata
2188,FORD,2013,1.6,Petrol,Automatic,22991,Sedan,14900,Fiesta
2189,SSANGYONG,2011,2.0,Diesel,Automatic,62072,Jeep,22545,Korando
2190,MITSUBISHI,2017,2.0,Petrol,Variator,13049,Jeep,32929,Outlander Sport
2191,FORD,2012,3.7,Petrol,Manual,57166,Coupe,26343,Mustang
2192,HYUNDAI,2015,2.0,LPG,Automatic,169491,Sedan,15053,Sonata
2193,VOLKSWAGEN,1997,1.9,Diesel,Manual,120546,Goods wagon,4077,Caddy
2194,TOYOTA,2007,1.0,Petrol,Automatic,6904,Sedan,10036,Vitz
2195,BMW,2014,3.0,Diesel,Automatic,68795,Jeep,16621,X5
2196,NISSAN,1997,1.0,CNG,Manual,1795,Sedan,7840,Micra
2197,CHEVROLET,2012,1.8,Petrol,Automatic,50019,Sedan,16041,Cruze
2198,MAZDA,2004,2.3,LPG,Automatic,93692,Minivan,7840,MPV
2199,TOYOTA,2011,1.3,Petrol,Variator,126138,Hatchback,8000,Vitz
2200,OPEL,2006,1.6,CNG,Manual,217480,Minivan,10300,Zafira
2201,HONDA,2015,1.5,Hybrid,Automatic,30616,Sedan,4861,Civic
2202,KIA,2011,2.0,Diesel,Automatic,29349,Jeep,17405,Sportage
2203,MERCEDES-BENZ,1997,2.3,Petrol,Automatic,65244,Sedan,3763,E 230
2204,HYUNDAI,2016,1.6,Diesel,Automatic,27241,Sedan,16891,Accent
2205,HYUNDAI,2014,2.5,Diesel,Automatic,86992,Minivan,32910,H1
2206,KIA,2012,2.4,Hybrid,Automatic,62137,Sedan,20071,Optima
2207,FORD,2004,2.0,Diesel,Manual,148508,Microbus,21169,Transit S
2208,SUBARU,2002,2.0,CNG,Automatic,117219,Universal,6899,Legacy
2209,HYUNDAI,2016,2.4,Petrol,Tiptronic,31690,Sedan,25716,Sonata
2210,LEXUS,2011,3.5,Petrol,Automatic,160976,Sedan,8154,IS 350
2211,HONDA,2016,2.0,Petrol,Automatic,26332,Sedan,51272,Civic
2212,CHEVROLET,2015,1.4,Petrol,Tiptronic,89477,Sedan,16621,Cruze
2213,HYUNDAI,2009,1.6,Petrol,Automatic,88913,Sedan,13771,Elantra
2214,FORD,2013,2.0,Hybrid,Automatic,77671,Hatchback,21639,C-MAX HYBRID
2215,FORD,2013,2.0,Hybrid,Automatic,135707,Sedan,17562,Fusion
2216,LEXUS,2013,3.5,Hybrid,Automatic,85773,Jeep,1019,RX 450
2217,LEXUS,2015,2.5,Hybrid,Automatic,60914,Sedan,10192,ES 300
2218,MERCEDES-BENZ,2011,3.5,Diesel,Automatic,105900,Coupe,15994,E 350
2219,BMW,2014,3.0,Petrol,Tiptronic,34797,Coupe,64290,435 CUPE
2220,NISSAN,2013,1.6,Petrol,Automatic,103156,Jeep,2901,Juke
2221,CHEVROLET,2015,1.4,Petrol,Tiptronic,62137,Sedan,17562,Cruze
2222,VOLKSWAGEN,2012,2.5,Petrol,Tiptronic,117119,Sedan,8467,Passat
2223,TOYOTA,2006,1.7,Hybrid,Automatic,17088,Hatchback,10036,Prius
2224,MERCEDES-BENZ,2005,3.5,LPG,Tiptronic,16528,Sedan,14113,E 350
2225,LEXUS,2010,2.4,Hybrid,Tiptronic,96934,Sedan,11760,HS 250h
2226,LEXUS,2013,4.6,Petrol,Automatic,125921,Jeep,54568,GX 470
2227,CHEVROLET,2011,2.2,Diesel,Automatic,43794,Jeep,18189,Captiva
2228,CHEVROLET,2015,2.0,Diesel,Automatic,63092,Jeep,27174,Captiva
2229,VOLKSWAGEN,2012,2.5,Petrol,Tiptronic,67729,Sedan,17240,Passat
2230,CHEVROLET,2012,2.0,Diesel,Automatic,80629,Jeep,22649,Orlando
2231,TOYOTA,2010,1.8,Hybrid,Variator,193868,Sedan,14113,Prius
2232,CHEVROLET,2017,1.4,Petrol,Automatic,29080,Sedan,22894,Cruze
2233,MERCEDES-BENZ,2000,2.7,Diesel,Tiptronic,208159,Jeep,11290,ML 270
2234,CHEVROLET,2018,1.4,Petrol,Automatic,25987,Sedan,4704,Cruze
2235,CHEVROLET,2016,2.0,Diesel,Automatic,33847,Jeep,38445,Captiva
2236,VAZ,1999,1.6,Petrol,Manual,6214,Sedan,2800,2107
2237,FORD,2014,2.0,Petrol,Automatic,5369,Sedan,13799,Focus
2238,MERCEDES-BENZ,2000,2.0,Petrol,Manual,117826,Coupe,8938,CLK 200 Kompressor
2239,FORD,2012,2.0,Petrol,Automatic,124274,Sedan,15053,Focus
2240,MERCEDES-BENZ,2007,2.5,Petrol,Tiptronic,158450,Sedan,18817,C 230
2241,HONDA,2010,2.4,Petrol,Automatic,106254,Minivan,12000,Elysion
2242,TOYOTA,2014,1.5,Hybrid,Automatic,85749,Sedan,8900,Aqua
2243,MERCEDES-BENZ,1999,3.2,Petrol,Tiptronic,93206,Sedan,9408,E 550
2244,TOYOTA,2013,2.5,Hybrid,Automatic,85041,Sedan,1803,Camry
2245,MERCEDES-BENZ,2014,3.5,Diesel,Automatic,136099,Sedan,29793,E 350
2246,TOYOTA,2015,2.5,Petrol,Tiptronic,37779,Jeep,40769,RAV 4
2247,TOYOTA,2015,1.8,Hybrid,Automatic,98798,Hatchback,22266,Prius
2248,CHEVROLET,2012,2.0,Diesel,Automatic,32505,Sedan,9408,Cruze
2249,HYUNDAI,2017,1.6,LPG,Automatic,68351,Sedan,23678,Elantra
2250,HYUNDAI,2016,2.0,LPG,Automatic,16609,Sedan,20698,Sonata
2251,VOLKSWAGEN,1999,1.9,Diesel,Manual,161556,Pickup,5331,Caddy
2252,CHEVROLET,2009,1.6,Petrol,Automatic,74444,Sedan,11704,Lacetti
2253,CHEVROLET,2013,2.4,Petrol,Automatic,82288,Jeep,1960,Captiva
2254,MERCEDES-BENZ,2007,3.0,Petrol,Tiptronic,621,Sedan,20385,C 300
2255,FORD,2003,2.4,Diesel,Manual,119925,Microbus,14113,Transit 135
2256,HYUNDAI,2011,2.0,Petrol,Automatic,105487,Sedan,3607,Sonata
2257,TOYOTA,2014,1.5,Petrol,Automatic,9001,Hatchback,24239,Aqua
2258,HYUNDAI,2016,1.6,Diesel,Automatic,31100,Sedan,20491,Elantra
2259,TOYOTA,2013,1.5,Petrol,Automatic,36661,Hatchback,28532,Aqua
2260,LEXUS,2012,1.8,Hybrid,Automatic,108184,Hatchback,1490,CT 200h
2261,TOYOTA,2012,1.5,Petrol,Automatic,40016,Hatchback,22197,Aqua
2262,CHEVROLET,2014,1.4,Petrol,Automatic,78293,Sedan,10976,Cruze
2263,HYUNDAI,2015,2.0,Diesel,Automatic,37282,Jeep,37580,Tucson
2264,NISSAN,2012,1.2,Petrol,Automatic,112468,Hatchback,10663,Note
2265,HYUNDAI,2016,2.0,Diesel,Automatic,75661,Jeep,50184,Tucson
2266,CHEVROLET,2014,2.2,Diesel,Automatic,121597,Jeep,19613,Captiva
2267,VOLKSWAGEN,2012,2.0,Diesel,Manual,80778,Hatchback,15367,Golf TDI
2268,HYUNDAI,2017,1.6,Petrol,Automatic,35032,Sedan,25729,Elantra
2269,BMW,2011,3.0,Petrol,Automatic,89446,Coupe,6586,335
2270,MITSUBISHI,2014,2.0,Petrol,Automatic,51894,Jeep,18660,Outlander SPORT
2271,HYUNDAI,2019,1.6,Petrol,Automatic,20334,Jeep,57842,Tucson
2272,HONDA,2017,1.3,Petrol,Automatic,43476,Hatchback,17694,FIT
2273,MERCEDES-BENZ,1999,3.2,Petrol,Tiptronic,147265,Coupe,11290,CLK 320
2274,SUBARU,2012,2.5,Petrol,Automatic,161639,Jeep,4861,Forester
2275,VOLKSWAGEN,2009,2.0,Diesel,Manual,147886,Goods wagon,10017,Caddy
2276,LEXUS,2017,2.0,Petrol,Automatic,33629,Jeep,31988,NX 200
2277,HYUNDAI,2016,1.7,Diesel,Automatic,62913,Jeep,34406,Tucson
2278,TOYOTA,2003,2.0,Petrol,Automatic,69594,Universal,8154,Caldina
2279,HYUNDAI,2010,2.4,Petrol,Tiptronic,111847,Jeep,29793,Tucson
2280,TOYOTA,2010,1.8,Hybrid,Automatic,121864,Hatchback,14113,Prius
2281,HYUNDAI,2016,2.0,Diesel,Automatic,16928,Jeep,29633,Tucson
2282,TOYOTA,2014,1.5,Hybrid,Automatic,82642,Sedan,11447,Aqua s
2283,HYUNDAI,2013,1.8,Petrol,Automatic,76553,Sedan,20071,Elantra LIMITED
2284,HONDA,2009,1.3,Hybrid,Variator,111847,Hatchback,8624,Insight
2285,LEXUS,2010,3.5,Hybrid,Automatic,115578,Jeep,13328,RX 450
2286,TOYOTA,2014,2.5,Petrol,Tiptronic,54681,Sedan,17562,Camry
2287,HYUNDAI,2014,2.5,Diesel,Automatic,53396,Minivan,36068,H1
2288,PEUGEOT,2001,2.2,Diesel,Tiptronic,201946,Sedan,7840,607
2289,HYUNDAI,2017,2.5,Diesel,Automatic,24278,Universal,47217,H1
2290,HYUNDAI,2016,2.5,Diesel,Automatic,55923,Universal,37000,H1
2291,MERCEDES-BENZ,2017,2.0,Petrol,Automatic,44043,Sedan,16621,E 300
2292,DAEWOO,2010,1.6,Petrol,Automatic,22447,Sedan,6523,Lacetti
2293,CHEVROLET,2011,1.8,Petrol,Automatic,80778,Sedan,12231,Cruze
2294,HYUNDAI,2014,1.6,Diesel,Automatic,63474,Sedan,27946,Elantra
2295,HYUNDAI,2011,1.6,Petrol,Automatic,85260,Sedan,23239,Elantra
2296,OPEL,2008,1.8,Petrol,Manual,104390,Hatchback,12544,Astra H
2297,FORD,2016,1.6,Petrol,Tiptronic,45733,Hatchback,17245,Fiesta
2298,VOLKSWAGEN,2016,1.8,Petrol,Tiptronic,54059,Sedan,26343,Passat
2299,MERCEDES-BENZ,2000,2.6,LPG,Manual,122162,Sedan,8624,C 240
2300,RENAULT,2012,1.5,Diesel,Manual,105633,Universal,21639,Megane GT Line
2301,BMW,2010,3.5,Diesel,Tiptronic,166299,Jeep,39201,X5
2302,TOYOTA,2010,1.8,Hybrid,Variator,111350,Hatchback,17249,Prius
2303,MERCEDES-BENZ,2013,1.8,Petrol,Automatic,59030,Sedan,25089,C 250
2304,AUDI,2014,3.0,Petrol,Automatic,118914,Hatchback,9565,A7
2305,CHEVROLET,2010,1.8,Petrol,Automatic,79695,Sedan,12281,Lacetti
2306,HYUNDAI,2014,2.0,LPG,Automatic,234842,Sedan,9938,Sonata
2307,KIA,2013,2.0,Petrol,Automatic,25732,Sedan,17540,Optima
2308,TOYOTA,2016,2.5,Petrol,Automatic,71078,Sedan,1098,Camry
2309,HYUNDAI,2016,2.0,Diesel,Automatic,61516,Jeep,37580,Tucson
2310,TOYOTA,2010,3.3,Hybrid,Automatic,186639,Jeep,14269,Highlander
2311,NISSAN,2016,2.0,Petrol,Automatic,13670,Jeep,18000,X-Trail
2312,CHEVROLET,2014,1.4,Petrol,Automatic,114851,Sedan,1725,Cruze
2313,SKODA,2011,1.8,Petrol,Manual,111847,Universal,23521,Octavia
2314,MERCEDES-BENZ,2003,3.7,CNG,Tiptronic,146146,Jeep,13485,ML 350
2315,MERCEDES-BENZ,2008,3.5,Petrol,Tiptronic,39146,Sedan,25089,CLS 350 AMG
2316,HYUNDAI,2013,2.0,Diesel,Automatic,113224,Jeep,29777,Santa FE
2317,TOYOTA,2011,3.5,Petrol,Automatic,228704,Jeep,22580,Highlander
2318,TOYOTA,2004,1.3,Petrol,Variator,105846,Hatchback,7840,Vitz
2319,CHEVROLET,2017,1.6,Diesel,Automatic,44366,Jeep,36166,Orlando
2320,FORD,2015,2.0,Plug-in Hybrid,Automatic,48467,Sedan,34497,Fusion
2321,HYUNDAI,2012,2.0,Petrol,Automatic,97783,Sedan,17186,Sonata
2322,HYUNDAI,2013,1.6,Petrol,Automatic,73011,Sedan,17158,Elantra
2323,CHEVROLET,2019,1.5,Petrol,Automatic,5412,Coupe,5018,Malibu
2324,AUDI,2013,3.0,Petrol,Tiptronic,86532,Jeep,42337,Q5 S-line
2325,HYUNDAI,2014,2.4,Petrol,Automatic,54059,Jeep,49858,Santa FE
2326,FORD,2006,2.4,Diesel,Manual,177712,Microbus,19757,Transit
2327,TOYOTA,2008,2.4,Petrol,Automatic,70588,Jeep,16621,RAV 4
2328,HYUNDAI,2018,1.6,Diesel,Automatic,37282,Sedan,30038,Elantra
2329,TOYOTA,2018,2.5,Petrol,Automatic,28192,Sedan,16308,Camry
2330,BMW,2013,2.0,Petrol,Tiptronic,42253,Jeep,29793,X1
2331,MERCEDES-BENZ,2002,2.7,Diesel,Tiptronic,161556,Coupe,12858,CLK 270
2332,FORD,2007,2.2,Diesel,Manual,98177,Microbus,16618,Transit
2333,TOYOTA,2009,1.8,Hybrid,Automatic,178976,Sedan,18817,Prius
2334,HYUNDAI,2014,2.5,Diesel,Automatic,74492,Minivan,34406,H1
2335,HYUNDAI,2017,2.0,Petrol,Automatic,59619,Sedan,45044,Sonata
2336,LEXUS,2013,4.6,Petrol,Automatic,95763,Jeep,1490,GX 470
2337,MERCEDES-BENZ,1998,2.3,Diesel,Manual,137944,Minivan,8938,Vito
2338,SUBARU,2005,2.0,Petrol,Automatic,90457,Universal,8467,Forester
2339,DAIHATSU,2002,1.2,Petrol,Manual,15534,Hatchback,3136,Sirion
2340,MERCEDES-BENZ,2009,3.5,Diesel,Automatic,67816,Sedan,5018,E 350
2341,FORD,2014,1.6,Petrol,Automatic,52692,Hatchback,10663,Fiesta
2342,HYUNDAI,2014,2.0,Petrol,Automatic,32280,Hatchback,14740,Elantra GT
2343,MERCEDES-BENZ,1996,2.3,Petrol,Manual,130771,Sedan,6899,C 230
2344,HYUNDAI,2014,1.6,Diesel,Automatic,78457,Sedan,15624,Accent
2345,MITSUBISHI,2010,1.3,Petrol,Variator,55685,Sedan,10349,Colt
2346,VOLKSWAGEN,2014,2.0,Diesel,Automatic,51196,Sedan,1568,Jetta
2347,HYUNDAI,2012,1.8,Petrol,Tiptronic,80157,Sedan,14740,Elantra
2348,TOYOTA,2015,2.5,Hybrid,Automatic,55675,Sedan,46101,Camry
2349,MERCEDES-BENZ,2017,2.0,Petrol,Automatic,31646,Sedan,22580,E 300
2350,MERCEDES-BENZ,2002,2.7,Diesel,Automatic,3107,Sedan,14113,E 270
2351,CHEVROLET,2012,2.0,Diesel,Automatic,123031,Jeep,16621,Orlando
2352,CHEVROLET,2016,1.4,Petrol,Tiptronic,19884,Sedan,19130,Cruze RS
2353,CHEVROLET,2016,1.4,Petrol,Tiptronic,61640,Sedan,21639,Cruze
2354,FORD,2009,2.5,Hybrid,Automatic,152236,Sedan,17249,Fusion
2355,TOYOTA,2013,1.8,Petrol,Automatic,85481,Sedan,19757,Prius
2356,TOYOTA,2013,2.5,Hybrid,Automatic,45733,Sedan,32302,Camry
2357,HYUNDAI,2016,2.0,Diesel,Automatic,83520,Jeep,40390,Santa FE
2358,TOYOTA,2010,1.8,Hybrid,Automatic,90720,Hatchback,9879,Prius
2359,LINCOLN,2015,2.0,Hybrid,Tiptronic,85542,Sedan,15681,MKZ hybrid
2360,HYUNDAI,2014,1.8,Petrol,Tiptronic,65617,Sedan,16621,Elantra
2361,HYUNDAI,2017,2.0,Petrol,Automatic,33489,Sedan,17719,Elantra SE
2362,MAZDA,2002,2.3,Petrol,Tiptronic,93206,Sedan,7527,Mazda 6
2363,TOYOTA,2010,1.8,Hybrid,Variator,107315,Sedan,18245,Prius
2364,HYUNDAI,2012,1.8,Petrol,Automatic,84168,Sedan,14113,Elantra
2365,SSANGYONG,2011,2.0,Diesel,Automatic,108110,Sedan,16800,Actyon
2366,BMW,2006,4.0,Petrol,Tiptronic,111847,Sedan,18817,740
2367,BMW,2009,2.8,Petrol,Automatic,101283,Coupe,13485,130
2368,KIA,2016,2.0,Petrol,Automatic,17019,Sedan,26343,Optima
2369,CHEVROLET,2010,1.8,Petrol,Automatic,93206,Sedan,6899,Cruze
2370,HYUNDAI,2010,2.0,Petrol,Automatic,62137,Coupe,16091,Genesis
2371,HYUNDAI,2016,2.0,Diesel,Automatic,67124,Jeep,52263,Santa FE
2372,NISSAN,2013,1.6,Petrol,Tiptronic,91466,Jeep,23834,Juke
2373,HYUNDAI,2016,2.0,Petrol,Automatic,25476,Sedan,27598,Elantra
2374,HYUNDAI,2015,2.0,Petrol,Automatic,15005,Sedan,49751,Sonata
2375,SUBARU,2006,2.0,Petrol,Manual,690,Sedan,16000,Legacy
2376,VOLKSWAGEN,2012,2.0,Diesel,Automatic,74328,Sedan,9408,Jetta
2377,VOLKSWAGEN,2012,1.8,Petrol,Automatic,155343,Sedan,22000,Passat
2378,HYUNDAI,2010,2.0,Petrol,Automatic,96679,Sedan,20297,Sonata
2379,HYUNDAI,2016,2.0,Diesel,Automatic,21748,Jeep,58579,Santa FE
2380,BMW,2004,4.4,Petrol,Tiptronic,87895,Jeep,17562,X5
2381,OPEL,2000,1.8,Petrol,Manual,96934,Sedan,3900,Vectra B
2382,NISSAN,2002,2.0,Petrol,Manual,158028,Jeep,8467,X-Trail X-trail
2383,LEXUS,2013,1.8,Hybrid,Automatic,77671,Hatchback,23521,CT 200h
2384,JEEP,2009,2.4,Petrol,Automatic,33911,Jeep,17249,Compass
2385,FORD,2013,2.0,Petrol,Manual,32933,Sedan,26971,Focus
2386,MERCEDES-BENZ,2011,3.5,Diesel,Automatic,143348,Sedan,14583,E 350
2387,TOYOTA,1998,3.4,Petrol,Automatic,162799,Jeep,10976,Hilux Surf
2388,TOYOTA,2019,2.0,Petrol,Automatic,3243,Coupe,6586,CHR
2389,HYUNDAI,2010,2.5,Diesel,Automatic,35272,Jeep,12701,H1
2390,TOYOTA,2018,2.5,Petrol,Tiptronic,844,Jeep,58018,RAV 4
2391,HYUNDAI,2011,1.6,Petrol,Automatic,103051,Sedan,18531,Elantra
2392,TOYOTA,2012,2.5,Hybrid,Automatic,97256,Sedan,3607,Camry
2393,ISUZU,1999,3.2,Petrol,Automatic,105633,Jeep,9408,VehiCross
2394,TOYOTA,2007,1.5,Petrol,Variator,149129,Hatchback,10036,Prius
2395,HYUNDAI,2009,2.5,Diesel,Automatic,93206,Minivan,21953,H1
2396,HYUNDAI,2016,2.0,Petrol,Tiptronic,44242,Sedan,28222,Elantra
2397,VOLKSWAGEN,2010,2.0,Petrol,Automatic,104390,Sedan,17249,CC
2398,TOYOTA,2018,2.5,Hybrid,Automatic,19884,Sedan,61154,Camry
2399,FORD,2014,2.0,Hybrid,Automatic,77356,Sedan,4861,Fusion
2400,HYUNDAI,2016,2.0,Diesel,Automatic,70289,Jeep,41720,Santa FE
2401,TOYOTA,2013,1.5,Hybrid,Automatic,54059,Hatchback,21326,Prius C Navigation
2402,VOLKSWAGEN,2016,1.4,Petrol,Tiptronic,28156,Sedan,13172,Jetta
2403,HYUNDAI,2010,2.0,Petrol,Automatic,91150,Coupe,15292,Genesis
2404,HONDA,2009,1.3,Hybrid,Automatic,124274,Hatchback,10976,Insight
2405,SSANGYONG,2014,2.0,Diesel,Automatic,32669,Jeep,48873,REXTON
2406,LEXUS,2008,3.3,Hybrid,Automatic,139578,Jeep,8154,RX 400
2407,HYUNDAI,2013,1.8,Petrol,Tiptronic,49710,Sedan,11917,Elantra
2408,TOYOTA,2015,1.5,Hybrid,Automatic,49399,Sedan,21326,Prius C
2409,MERCEDES-BENZ,2007,3.5,Petrol,Automatic,93827,Sedan,22580,E 350 w211
2410,MERCEDES-BENZ,2012,3.5,Diesel,Automatic,79661,Sedan,4861,E 350
2411,KIA,2013,2.4,Petrol,Automatic,74565,Sedan,17562,Optima
2412,HYUNDAI,2012,2.0,Diesel,Automatic,86075,Jeep,26594,Santa FE
2413,VOLKSWAGEN,2014,1.8,Petrol,Automatic,40564,Sedan,15994,Passat
2414,KIA,2016,2.0,Diesel,Automatic,13473,Jeep,39515,Sorento
2415,HYUNDAI,2017,2.0,Petrol,Automatic,27340,Sedan,17562,Elantra
2416,MAZDA,2014,2.2,Diesel,Automatic,84506,Sedan,14113,Mazda 6
2417,VOLKSWAGEN,2014,1.8,Petrol,Automatic,66611,Sedan,17249,Jetta
2418,RENAULT,2010,1.5,Diesel,Manual,118060,Universal,14113,Clio
2419,TOYOTA,2013,1.5,Petrol,Automatic,30012,Sedan,19306,Aqua
2420,MERCEDES-BENZ,2001,2.4,Petrol,Tiptronic,149129,Sedan,10663,C 240
2421,TOYOTA,2012,2.5,Hybrid,Tiptronic,59030,Sedan,25089,Camry XLE
2422,HYUNDAI,2011,2.0,Diesel,Automatic,118846,Jeep,22649,Tucson
2423,HYUNDAI,2014,2.0,LPG,Automatic,34306,Sedan,10515,Sonata
2424,HYUNDAI,2012,1.6,Petrol,Automatic,61051,Sedan,20266,Elantra
2425,JEEP,2013,2.4,Petrol,Automatic,37218,Jeep,31248,Compass
2426,MERCEDES-BENZ,2016,3.0,Petrol,Automatic,36722,Jeep,6272,GLE 350
2427,HONDA,2011,1.3,Hybrid,Automatic,68972,Hatchback,8781,FIT
2428,NISSAN,2014,1.6,Petrol,Tiptronic,34797,Jeep,24148,Juke
2429,HYUNDAI,2008,2.5,Diesel,Automatic,41536,Minivan,10672,H1
2430,NISSAN,2002,2.0,CNG,Automatic,174605,Minivan,4000,Serena
2431,CHEVROLET,2015,1.4,Petrol,Automatic,36072,Hatchback,24273,Aveo
2432,TOYOTA,2015,2.5,Petrol,Tiptronic,73322,Sedan,26657,Camry
2433,OPEL,2003,1.2,Petrol,Manual,14206,Hatchback,4704,Corsa
2434,MERCEDES-BENZ,2011,2.9,Diesel,Automatic,158450,Jeep,39829,ML 350
2435,NISSAN,2015,1.2,Petrol,Automatic,14666,Hatchback,23935,March
2436,TOYOTA,2008,1.5,LPG,Automatic,74565,Hatchback,14113,Prius
2437,HYUNDAI,2011,1.6,Petrol,Automatic,55503,Sedan,18531,Elantra
2438,TOYOTA,2010,2.4,Hybrid,Automatic,102526,Sedan,19757,Camry
2439,HYUNDAI,2016,2.0,LPG,Automatic,159756,Sedan,15681,Sonata
2440,TOYOTA,2010,1.8,Hybrid,Automatic,108311,Sedan,20385,Prius
2441,TOYOTA,2014,1.8,Hybrid,Tiptronic,96313,Hatchback,20385,Prius
2442,HYUNDAI,2015,2.0,Diesel,Automatic,80315,Jeep,39559,Santa FE
2443,HYUNDAI,2011,2.0,Diesel,Automatic,36380,Jeep,19601,Santa FE
2444,HONDA,2012,1.5,Hybrid,Automatic,63380,Hatchback,10000,Insight
2445,TOYOTA,2008,2.4,Hybrid,Automatic,90451,Sedan,16621,Camry
2446,HYUNDAI,2011,1.6,Petrol,Automatic,83129,Sedan,19679,Elantra
2447,HONDA,2017,2.4,Petrol,Automatic,24707,Sedan,9879,Accord
2448,HYUNDAI,2015,1.6,Petrol,Automatic,65041,Sedan,27654,Elantra
2449,MERCEDES-BENZ,2010,3.5,Petrol,Tiptronic,102526,Sedan,32929,E 350
2450,TOYOTA,2014,1.5,Petrol,Automatic,33430,Hatchback,17663,Aqua
2451,HYUNDAI,2015,2.0,Diesel,Automatic,61582,Jeep,52959,Santa FE
2452,HYUNDAI,2011,2.4,Hybrid,Tiptronic,54929,Sedan,18189,Sonata HYBRID
2453,HONDA,2011,1.3,Hybrid,Tiptronic,84506,Hatchback,14740,Insight
2454,NISSAN,2015,1.6,Petrol,Automatic,69222,Jeep,5018,Juke
2455,HYUNDAI,2012,2.0,Diesel,Automatic,65515,Jeep,27924,Tucson
2456,TOYOTA,2014,2.5,Hybrid,Automatic,68225,Sedan,5488,Camry
2457,MERCEDES-BENZ,2009,3.0,Diesel,Tiptronic,152528,Jeep,28225,ML 320
2458,HONDA,2005,2.4,Petrol,Automatic,74565,Jeep,16621,Cr-v
2459,TOYOTA,2008,1.5,Hybrid,Automatic,178955,Hatchback,10400,Prius
2460,GMC,2012,2.4,Petrol,Automatic,132154,Jeep,1960,TERRAIN
2461,HYUNDAI,2014,2.0,Diesel,Automatic,117439,Jeep,24283,Tucson
2462,TOYOTA,2013,2.5,Petrol,Automatic,191813,Sedan,3920,Camry
2463,CHEVROLET,2015,1.0,Petrol,Automatic,33374,Hatchback,9364,Spark
2464,JEEP,2010,2.4,Petrol,Automatic,75186,Jeep,23110,Compass
2465,NISSAN,2012,1.2,Petrol,Automatic,42875,Hatchback,9722,Note
2466,MAZDA,2004,2.3,CNG,Automatic,9942,Minivan,5645,MPV
2467,HYUNDAI,2014,2.0,Diesel,Automatic,93827,Jeep,36068,Santa FE
2468,HYUNDAI,2006,3.3,LPG,Tiptronic,151117,Sedan,10036,Sonata
2469,TOYOTA,1998,2.0,Petrol,Manual,76429,Pickup,7527,Hilux
2470,AUDI,2002,3.0,Petrol,Manual,165036,Sedan,8781,A4
2471,LAND ROVER,2012,2.0,Petrol,Tiptronic,77671,Jeep,50178,Range Rover Evoque
2472,HONDA,2005,3.5,Petrol,Automatic,90099,Jeep,4704,Pilot
2473,HYUNDAI,2016,2.0,LPG,Automatic,166036,Sedan,15681,Sonata
2474,HYUNDAI,2015,2.5,Diesel,Automatic,56333,Universal,35344,H1
2475,MERCEDES-BENZ,2000,2.6,LPG,Automatic,195110,Sedan,8154,E 240
2476,HONDA,2013,1.3,Petrol,Automatic,54057,Hatchback,15925,FIT
2477,TOYOTA,2014,2.5,Petrol,Tiptronic,29299,Sedan,23521,Camry
2478,FORD,2013,2.0,Petrol,Automatic,83874,Sedan,15681,Fusion
2479,FORD,2008,2.5,Hybrid,Automatic,57788,Jeep,21953,Escape
2480,HYUNDAI,2016,2.0,LPG,Automatic,160877,Sedan,11290,Sonata
2481,DAEWOO,2009,2.0,Diesel,Automatic,47003,Sedan,5959,Lacetti
2482,MERCEDES-BENZ,2013,4.6,Petrol,Automatic,143162,Jeep,2274,GL 450
2483,TOYOTA,2015,1.8,Hybrid,Automatic,76429,Hatchback,11000,Prius V ALPINA
2484,HYUNDAI,2017,2.0,Petrol,Automatic,72063,Sedan,4547,Elantra
2485,FORD,2014,1.6,Petrol,Tiptronic,30447,Sedan,11604,Fiesta
2486,LEXUS,2000,3.0,CNG,Tiptronic,129943,Jeep,12544,RX 300
2487,CHEVROLET,2014,2.0,Diesel,Automatic,45764,Jeep,28059,Orlando
2488,HYUNDAI,2011,2.0,Petrol,Automatic,90235,Sedan,18826,Sonata
2489,MERCEDES-BENZ,2007,2.1,Diesel,Manual,166541,Microbus,31361,Sprinter 315CDI
2490,BMW,2007,3.0,Petrol,Tiptronic,192625,Jeep,19130,X5
2491,MITSUBISHI,2012,2.4,Petrol,Tiptronic,4949,Jeep,21326,Outlander
2492,HYUNDAI,2014,2.5,Diesel,Automatic,78895,Minivan,34074,H1
2493,CHEVROLET,2011,1.8,Petrol,Automatic,88608,Sedan,11099,Lacetti
2494,TOYOTA,2018,2.5,Hybrid,Automatic,21784,Sedan,18817,Camry
2495,TOYOTA,2017,2.5,Petrol,Tiptronic,19884,Sedan,29793,Camry
2496,HONDA,2017,1.5,Petrol,Automatic,29164,Hatchback,31675,Civic
2497,TOYOTA,2013,1.8,Hybrid,Automatic,93206,Sedan,21012,Prius
2498,FORD,2014,3.8,Petrol,Automatic,173984,Sedan,15367,Taurus interceptor
2499,HYUNDAI,2017,2.0,Diesel,Automatic,65711,Jeep,53154,Santa FE
2500,NISSAN,2004,3.5,Petrol,Tiptronic,75807,Minivan,12544,Elgrand
2501,KIA,2014,1.6,Petrol,Automatic,62634,Hatchback,16308,RIO lx
2502,VOLKSWAGEN,2014,1.8,Petrol,Tiptronic,89477,Sedan,18503,Passat
2503,HYUNDAI,2007,1.6,Petrol,Automatic,76172,Sedan,11368,Elantra
2504,HONDA,2004,1.3,Petrol,Automatic,60894,Sedan,6899,FIT
2505,BMW,2012,3.5,Diesel,Automatic,151047,Jeep,43435,X5 XDRIVE 35D
2506,TOYOTA,2014,2.5,Hybrid,Automatic,111462,Sedan,11133,Camry
2507,VOLKSWAGEN,2013,2.0,Diesel,Manual,101283,Sedan,20385,Jetta SEL
2508,HONDA,2012,3.5,Petrol,Automatic,147077,Sedan,4234,Odyssey
2509,TOYOTA,2013,1.8,Hybrid,Automatic,46502,Hatchback,3450,Prius
2510,SSANGYONG,2016,1.6,Diesel,Automatic,26905,Jeep,43868,Actyon
2511,LEXUS,2012,1.8,Hybrid,Automatic,79720,Hatchback,28225,CT 200h
2512,MERCEDES-BENZ,2016,2.0,Petrol,Automatic,29826,Hatchback,39201,GLA 250
2513,TOYOTA,2012,1.8,Hybrid,Variator,35418,Hatchback,22266,Prius
2514,CHEVROLET,2009,2.0,Diesel,Automatic,46351,Jeep,6429,Captiva
2515,HYUNDAI,2013,2.0,LPG,Automatic,63869,Sedan,9252,Sonata
2516,HYUNDAI,2014,1.6,Petrol,Automatic,91936,Sedan,25889,Elantra
2517,MITSUBISHI,1999,1.8,Petrol,Automatic,96934,Jeep,7370,Pajero IO
2518,JEEP,2010,3.8,Petrol,Automatic,621,Jeep,17249,Wrangler
2519,KIA,2014,2.0,Petrol,Automatic,24158,Sedan,16151,Optima
2520,HYUNDAI,2008,2.5,Diesel,Automatic,83857,Minivan,24860,H1
2521,TOYOTA,2012,2.5,Petrol,Automatic,124274,Sedan,22894,Camry
2522,LEXUS,2019,3.5,Petrol,Automatic,8169,Sedan,10349,ES 350
2523,MAZDA,2015,2.2,Diesel,Tiptronic,36661,Sedan,17000,Atenza
2524,VOLKSWAGEN,2002,2.0,Petrol,Manual,12427,Sedan,7100,Jetta
2525,HYUNDAI,2018,2.0,Petrol,Automatic,31261,Sedan,55932,Sonata
2526,LEXUS,2010,3.5,Hybrid,Automatic,112344,Jeep,37633,RX 450 H
2527,CHEVROLET,2017,1.4,Petrol,Automatic,55687,Sedan,14113,Cruze LT
2528,JEEP,2002,3.7,Petrol,Automatic,129245,Jeep,8154,Liberty
2529,LEXUS,2015,3.5,Petrol,Automatic,44701,Jeep,3293,RX 350
2530,SSANGYONG,2011,2.0,Diesel,Automatic,101269,Jeep,24123,REXTON
2531,OPEL,2001,1.0,Petrol,Manual,114700,Sedan,3800,Agila
2532,TOYOTA,2012,3.5,Petrol,Automatic,83335,Jeep,37633,Highlander sport
2533,FORD,2014,2.0,Petrol,Manual,8078,Hatchback,14113,Focus
2534,KIA,2014,2.0,Petrol,Automatic,55629,Sedan,1882,Avella
2535,HYUNDAI,2015,2.0,Diesel,Automatic,61516,Jeep,39559,Santa FE
2536,TOYOTA,2015,1.8,Hybrid,Tiptronic,73577,Hatchback,12544,Prius
2537,MERCEDES-BENZ,2000,3.2,Petrol,Tiptronic,69041,Sedan,7840,E 320
2538,NISSAN,2008,3.5,Petrol,Variator,99419,Sedan,12500,Teana
2539,SSANGYONG,2015,2.0,Diesel,Automatic,36709,Jeep,45633,REXTON
2540,TOYOTA,2010,3.3,Hybrid,Automatic,140553,Sedan,1725,Highlander
2541,BMW,2001,4.4,CNG,Automatic,1864,Jeep,14426,X5
2542,TOYOTA,2011,2.5,Petrol,Automatic,102664,Sedan,15681,Camry
2543,SSANGYONG,2016,1.6,Diesel,Automatic,60385,Jeep,39797,Actyon
2544,CHEVROLET,2012,1.6,Petrol,Automatic,28583,Hatchback,13297,Aveo
2545,HYUNDAI,2009,3.3,Petrol,Automatic,99262,Sedan,12231,Genesis
2546,SUBARU,2006,2.5,Petrol,Automatic,162984,Jeep,1098,Forester
2547,KIA,2016,1.7,Diesel,Automatic,18751,Sedan,35908,Optima
2548,TOYOTA,2015,1.8,Hybrid,Automatic,65117,Jeep,2038,Prius
2549,TOYOTA,2018,2.5,Hybrid,Automatic,79234,Sedan,9722,Camry
2550,HYUNDAI,2013,1.6,Petrol,Automatic,58667,Sedan,26475,Elantra
2551,TOYOTA,2009,1.8,Hybrid,Automatic,77050,Hatchback,16935,Prius
2552,SUBARU,2002,2.5,CNG,Automatic,147692,Universal,8467,Forester
2553,FORD,2012,2.0,Petrol,Automatic,96690,Hatchback,16935,Focus TITANIUM
2554,TOYOTA,2007,1.3,Petrol,Variator,77671,Hatchback,10036,Vitz
2555,HYUNDAI,2010,2.0,Petrol,Automatic,94800,Sedan,15850,Sonata
2556,NISSAN,2003,2.0,Petrol,Automatic,1118,Minivan,7683,Serena
2557,JEEP,2011,3.8,Petrol,Manual,74565,Jeep,45473,Wrangler
2558,FORD,2012,2.0,Petrol,Automatic,75186,Sedan,10976,Focus
2559,HYUNDAI,2010,2.0,Petrol,Automatic,105633,Sedan,14069,Sonata
2560,PORSCHE,2012,3.6,Petrol,Tiptronic,56545,Jeep,55823,Cayenne
2561,TOYOTA,2014,1.5,Petrol,Automatic,31690,Sedan,38975,Aqua
2562,HYUNDAI,2011,1.8,Petrol,Tiptronic,110355,Sedan,17249,Elantra
2563,HYUNDAI,2015,1.8,Petrol,Tiptronic,59652,Sedan,19444,Elantra
2564,HYUNDAI,2016,2.0,Diesel,Automatic,108795,Jeep,40390,Santa FE
2565,TOYOTA,2016,1.8,Hybrid,Automatic,46042,Hatchback,18817,Prius
2566,LEXUS,2013,3.5,Hybrid,Automatic,85773,Jeep,1019,RX 450
2567,AUDI,2010,3.2,Petrol,Tiptronic,93206,Jeep,29166,Q5
2568,BMW,2012,3.0,Diesel,Automatic,92907,Jeep,9408,X5
2569,BMW,2015,2.0,Petrol,Tiptronic,16156,Sedan,42337,328
2570,SUBARU,2013,2.0,Petrol,Automatic,65569,Sedan,5645,XV
2571,TOYOTA,2009,3.3,Hybrid,Automatic,156137,Jeep,7997,Highlander
2572,HYUNDAI,2015,2.4,Hybrid,Automatic,142413,Sedan,3607,Sonata
2573,HYUNDAI,2010,1.6,Diesel,Manual,96934,Goods wagon,10976,I30
2574,FORD,2013,1.5,Petrol,Automatic,62137,Sedan,19444,Fusion
2575,TOYOTA,2008,1.5,Hybrid,Automatic,149129,Hatchback,6272,Prius
2576,PORSCHE,2011,3.5,Petrol,Tiptronic,106254,Jeep,56450,Cayenne
2577,HYUNDAI,2012,2.4,Hybrid,Automatic,76964,Sedan,4234,Sonata
2578,TOYOTA,2016,1.8,Petrol,Automatic,96898,Sedan,3920,Corolla
2579,HYUNDAI,2014,1.6,Petrol,Automatic,111638,Sedan,18500,Elantra
2580,NISSAN,2011,4.0,Petrol,Tiptronic,78914,Jeep,19500,Pathfinder
2581,BMW,2013,2.0,Petrol,Automatic,6214,Jeep,28852,X1
2582,GMC,2016,2.5,Petrol,Automatic,72567,Sedan,8781,Acadia
2583,TOYOTA,2011,2.5,Petrol,Automatic,123280,Jeep,23207,RAV 4
2584,HYUNDAI,2012,1.6,Diesel,Automatic,93912,Hatchback,17346,I30
2585,KIA,2015,1.8,Petrol,Manual,44739,Sedan,13172,Forte
2586,MERCEDES-BENZ,2016,3.5,Diesel,Automatic,47973,Sedan,1568,E 350
2587,BMW,2011,3.0,Petrol,Tiptronic,76928,Sedan,29793,740
2588,TOYOTA,2014,1.5,Petrol,Automatic,26098,Hatchback,30906,Aqua
2589,BMW,2012,3.0,Diesel,Automatic,142894,Jeep,10820,X5
2590,TOYOTA,2012,1.5,Hybrid,Automatic,152112,Hatchback,10900,Prius C
2591,HONDA,2003,2.4,Petrol,Tiptronic,111847,Sedan,9408,Accord CL9 type S
2592,LEXUS,2011,1.8,Hybrid,Automatic,142052,Hatchback,4077,CT 200h
2593,SSANGYONG,2017,1.6,Petrol,Automatic,37290,Jeep,42987,Actyon
2594,FIAT,2012,1.4,Petrol,Manual,36040,Hatchback,15681,500 turbo
2595,HYUNDAI,2017,1.7,Diesel,Automatic,31305,Jeep,30712,Tucson
2596,TOYOTA,2012,1.8,Hybrid,Automatic,68351,Hatchback,19914,Prius
2597,NISSAN,2008,1.5,Petrol,Automatic,105633,Hatchback,9722,Note
2598,HYUNDAI,2018,1.6,Petrol,Automatic,25801,Sedan,33076,Elantra
2599,HYUNDAI,2016,1.6,LPG,Automatic,20562,Sedan,18503,Elantra
2600,FORD,1997,2.5,Diesel,Manual,621,Microbus,7527,Transit
2601,FORD,2011,1.4,Petrol,Manual,99419,Hatchback,12858,Fiesta
2602,HONDA,2013,1.3,Hybrid,Automatic,109318,Hatchback,12544,Insight
2603,FORD,1998,2.5,Diesel,Manual,6904,Microbus,9408,Transit
2604,ACURA,2010,2.4,Petrol,Automatic,126176,Sedan,2979,TSX
2605,HYUNDAI,2016,2.0,Diesel,Automatic,62026,Jeep,35902,Tucson
2606,MERCEDES-BENZ,2004,2.2,Diesel,Manual,105012,Microbus,15053,Sprinter
2607,CHEVROLET,2010,1.8,Petrol,Automatic,95670,Sedan,11676,Lacetti
2608,TOYOTA,2014,1.5,Hybrid,Tiptronic,43496,Hatchback,13172,Aqua L paketi
2609,HYUNDAI,2015,2.0,Petrol,Tiptronic,47224,Jeep,43592,Santa FE Ultimate
2610,HYUNDAI,2013,1.8,Petrol,Tiptronic,71582,Sedan,18189,Elantra
2611,FORD,2015,2.0,Hybrid,Automatic,62601,Sedan,10036,Fusion
2612,FORD,2015,3.5,Petrol,Automatic,89231,Jeep,48566,Explorer
2613,BMW,2014,3.0,Diesel,Automatic,87852,Jeep,25089,X5
2614,TOYOTA,2013,2.5,Hybrid,Automatic,85041,Sedan,16621,Camry
2615,FORD,2013,2.0,Hybrid,Automatic,89477,Sedan,12544,C-MAX
2616,MERCEDES-BENZ,1998,3.2,CNG,Tiptronic,136702,Sedan,8154,E 320
2617,MERCEDES-BENZ,2009,2.2,Diesel,Manual,217480,Universal,31361,Sprinter 311
2618,HONDA,2019,2.0,Petrol,Automatic,1819,Sedan,34635,Civic
2619,NISSAN,2012,4.0,Petrol,Automatic,86349,Jeep,18503,X-Terra
2620,VOLKSWAGEN,2011,2.0,Petrol,Tiptronic,60646,Sedan,16308,Jetta
2621,TOYOTA,2013,1.8,Hybrid,Automatic,151117,Hatchback,21012,Prius
2622,HONDA,2005,1.3,Petrol,Variator,109361,Sedan,7213,FIT
2623,VOLKSWAGEN,2012,2.5,Petrol,Automatic,99419,Sedan,13485,Jetta
2624,CHEVROLET,2009,1.6,Petrol,Automatic,47222,Sedan,6586,Cruze
2625,HYUNDAI,2010,2.0,Petrol,Automatic,115028,Sedan,15132,Sonata
2626,HONDA,2010,1.3,Petrol,Automatic,57788,Hatchback,12231,FIT
2627,HYUNDAI,2012,2.0,Petrol,Automatic,116690,Sedan,15850,Sonata
2628,CHEVROLET,2009,1.2,Petrol,Automatic,45867,Sedan,6269,Aveo
2629,HYUNDAI,2011,1.6,Petrol,Automatic,58974,Sedan,20266,Elantra
2630,HYUNDAI,2018,2.0,Diesel,Automatic,28896,Jeep,54346,Tucson
2631,KIA,2017,2.0,Petrol,Automatic,7438,Sedan,1019,Avella
2632,KIA,2012,2.4,Hybrid,Tiptronic,74378,Sedan,18817,Optima
2633,TOYOTA,2016,2.5,Petrol,Tiptronic,37282,Jeep,40769,RAV 4
2634,MERCEDES-BENZ,2010,3.5,Diesel,Automatic,117768,Sedan,12388,E 350
2635,HYUNDAI,2010,2.0,Petrol,Automatic,106711,Sedan,14454,Sonata
2636,TOYOTA,2013,1.5,Hybrid,Automatic,89282,Hatchback,6611,Aqua
2637,TOYOTA,2012,2.5,Petrol,Automatic,97699,Jeep,7527,RAV 4
2638,LEXUS,2015,4.6,Petrol,Automatic,66436,Jeep,47042,GX 470
2639,HYUNDAI,2017,2.4,Petrol,Tiptronic,31069,Sedan,25089,Sonata
2640,BMW,2003,2.5,Petrol,Automatic,47224,Sedan,10663,325
2641,MERCEDES-BENZ,1998,2.9,Diesel,Manual,69041,Microbus,20385,Sprinter
2642,SUBARU,2015,2.5,Petrol,Automatic,56167,Jeep,6899,Forester
2643,BMW,2011,4.4,Petrol,Automatic,91762,Jeep,8154,X6
2644,TOYOTA,2012,2.5,Petrol,Tiptronic,62758,Sedan,21012,Camry
2645,TOYOTA,2010,3.3,Hybrid,Automatic,214625,Sedan,5645,Highlander
2646,HYUNDAI,2010,2.5,Diesel,Automatic,57375,Minivan,21009,H1
2647,MERCEDES-BENZ,2015,2.0,Petrol,Tiptronic,51574,Sedan,64917,C 300
2648,MERCEDES-BENZ,2014,3.5,Diesel,Automatic,124385,Sedan,30734,E 350
2649,FORD,2013,2.0,Hybrid,Automatic,58067,Hatchback,19757,C-MAX
2650,LEXUS,2011,3.5,Petrol,Automatic,39709,Sedan,39026,ES 300
2651,BMW,1999,2.2,Petrol,Manual,34175,Sedan,6272,320 Gran Turismo
2652,MERCEDES-BENZ,2008,3.0,Diesel,Tiptronic,181440,Sedan,24462,E 280 CDI
2653,AUDI,2010,2.0,Petrol,Tiptronic,136702,Sedan,17562,A4
2654,FORD,2013,2.0,Hybrid,Automatic,199183,Sedan,4077,Fusion
2655,HONDA,2017,2.0,Petrol,Automatic,25940,Sedan,50526,Civic
2656,TOYOTA,2016,2.5,Hybrid,Tiptronic,11806,Jeep,48610,RAV 4
2657,SUBARU,2005,2.0,Petrol,Tiptronic,145452,Universal,4077,Legacy
2658,VOLKSWAGEN,2012,2.0,Diesel,Automatic,93383,Sedan,2117,Jetta
2659,FORD,2015,2.5,Petrol,Tiptronic,55923,Sedan,19444,Fusion
2660,TOYOTA,2010,1.8,Hybrid,Variator,82642,Sedan,15681,Prius
2661,TOYOTA,2015,1.8,Hybrid,Automatic,83783,Hatchback,1176,Prius
2662,TOYOTA,2002,1.0,Petrol,Automatic,55923,Sedan,7527,Vitz
2663,TOYOTA,2001,1.0,Petrol,Automatic,108740,Coupe,5175,Vitz
2664,LEXUS,2012,4.6,Petrol,Automatic,142501,Jeep,52059,GX 460
2665,MERCEDES-BENZ,2011,3.5,Diesel,Automatic,74179,Sedan,16621,E 350
2666,SSANGYONG,2016,2.2,Diesel,Automatic,58805,Jeep,52106,REXTON
2667,TOYOTA,2007,2.4,Hybrid,Automatic,13670,Sedan,18503,Camry
2668,SUZUKI,2014,0.7,Petrol,Automatic,6835,Hatchback,9000,Swift
2669,HYUNDAI,2016,2.0,Petrol,Tiptronic,41632,Sedan,21326,Elantra
2670,MITSUBISHI,2015,2.4,Petrol,Automatic,110355,Jeep,19444,Outlander sport
2671,SUZUKI,2013,2.0,Petrol,Automatic,120238,Sedan,1411,SX4
2672,OPEL,1997,2.0,Petrol,Manual,180198,Goods wagon,2500,Astra astra
2673,KIA,2013,2.4,Petrol,Automatic,112344,Sedan,11604,Optima
2674,AUDI,2008,2.0,Petrol,Variator,118309,Sedan,14113,A4
2675,FORD,2014,1.6,Petrol,Tiptronic,66945,Sedan,8311,Fiesta
2676,CHEVROLET,2012,1.4,Petrol,Automatic,45981,Sedan,15994,Cruze
2677,OPEL,2000,1.6,Petrol,Automatic,133595,Hatchback,7213,Astra
2678,TOYOTA,2010,1.8,Hybrid,Variator,228665,Sedan,13172,Prius
2679,CHEVROLET,2015,2.2,Diesel,Automatic,43073,Jeep,27174,Captiva
2680,HONDA,2012,1.5,Hybrid,Automatic,88235,Sedan,14113,Civic
2681,TOYOTA,2014,2.5,Petrol,Automatic,18517,Sedan,22580,Camry SE
2682,HONDA,2006,1.3,Petrol,Variator,101283,Hatchback,8311,FIT
2683,KIA,2015,1.6,Petrol,Automatic,25632,Sedan,20918,Cerato
2684,TOYOTA,2012,2.5,Hybrid,Automatic,133034,Sedan,4077,Camry
2685,MERCEDES-BENZ,2004,3.2,Petrol,Tiptronic,80778,Sedan,16308,E 320
2686,MERCEDES-BENZ,2012,4.6,Diesel,Automatic,112256,Jeep,1725,ML 350
2687,MERCEDES-BENZ,2005,2.2,Diesel,Manual,133595,Minivan,10976,Vito 2.2
2688,CHEVROLET,2013,2.0,Diesel,Automatic,101815,Sedan,18519,Cruze
2689,TOYOTA,2007,1.5,Hybrid,Automatic,52817,Hatchback,9408,Prius
2690,HONDA,2010,1.3,Hybrid,Automatic,116390,Hatchback,1098,Insight
2691,CHEVROLET,2013,1.8,Petrol,Automatic,85462,Sedan,13877,Cruze
2692,LEXUS,2015,3.5,Petrol,Automatic,44701,Jeep,3293,RX 350
2693,FORD,2015,2.0,Hybrid,Automatic,52692,Sedan,23521,Fusion
2694,HYUNDAI,2011,2.0,LPG,Automatic,53077,Sedan,7056,Sonata
2695,SSANGYONG,2016,1.6,Diesel,Automatic,25226,Jeep,21790,Actyon
2696,VOLKSWAGEN,2004,3.2,CNG,Automatic,86992,Jeep,7840,Touareg
2697,HYUNDAI,2010,1.6,Petrol,Automatic,82622,Sedan,13476,Elantra
2698,TOYOTA,2013,2.5,Hybrid,Variator,83699,Sedan,25089,Camry
2699,CHEVROLET,2017,2.0,Petrol,Automatic,30094,Jeep,22266,Orlando
2700,LEXUS,2016,1.8,Hybrid,Automatic,44679,Hatchback,6743,CT 200h
2701,NISSAN,2005,1.5,Petrol,Automatic,96934,Hatchback,6272,Note
2702,FORD,1998,1.5,Petrol,Manual,7195,Sedan,4077,Fiesta
2703,MITSUBISHI,2000,1.8,Petrol,Automatic,6214,Jeep,5645,Pajero IO
2704,BMW,2012,3.0,Petrol,Automatic,80675,Sedan,1646,535
2705,NISSAN,2003,3.0,LPG,Tiptronic,114954,Minivan,12544,Elgrand
2706,HYUNDAI,2014,1.8,Petrol,Tiptronic,92584,Sedan,15681,Elantra
2707,HYUNDAI,2008,3.8,Petrol,Automatic,84626,Sedan,10349,Genesis
2708,HYUNDAI,2017,2.0,Petrol,Automatic,8170,Sedan,42987,Sonata
2709,TOYOTA,2012,1.5,Hybrid,Automatic,61516,Hatchback,5645,Prius C
2710,CHEVROLET,2016,1.6,Diesel,Automatic,31868,Jeep,27093,Orlando
2711,TOYOTA,2013,1.8,Hybrid,Automatic,167025,Sedan,17719,Prius
2712,SUBARU,2014,2.5,Petrol,Variator,90099,Jeep,19757,Forester
2713,TOYOTA,2010,1.8,Hybrid,Automatic,198404,Sedan,4704,Prius
2714,CHEVROLET,2015,2.0,Diesel,Automatic,18641,Jeep,23678,Captiva
2715,HYUNDAI,2014,2.0,Diesel,Automatic,75106,Jeep,40983,Santa FE
2716,HYUNDAI,2009,3.8,Petrol,Automatic,116285,Coupe,13463,Genesis
2717,KIA,2017,2.4,Petrol,Automatic,39645,Jeep,5018,Sorento
2718,TOYOTA,2014,2.5,Petrol,Automatic,157971,Sedan,1098,Camry
2719,FORD,2012,1.6,Petrol,Automatic,62324,Hatchback,13485,Fiesta
2720,HYUNDAI,2017,2.4,Petrol,Automatic,49280,Jeep,37633,Santa FE
2721,TOYOTA,2015,1.5,Petrol,Automatic,27078,Hatchback,39615,Aqua
2722,TOYOTA,2013,2.5,Hybrid,Automatic,118402,Sedan,5018,Camry
2723,SSANGYONG,2009,2.7,Diesel,Automatic,37423,Jeep,9252,REXTON
2724,TOYOTA,2013,2.5,Petrol,Tiptronic,48518,Sedan,21953,Camry
2725,BMW,2004,2.5,Petrol,Automatic,155343,Sedan,10349,525
2726,HYUNDAI,2014,1.6,Diesel,Automatic,88542,Sedan,19130,Elantra
2727,TOYOTA,2015,2.5,Hybrid,Automatic,8702,Sedan,21326,Camry
2728,BMW,2012,3.0,Petrol,Tiptronic,109660,Sedan,40456,535 Twinturbo
2729,TOYOTA,2014,1.5,Hybrid,Variator,83761,Hatchback,10349,Aqua
2730,HONDA,2010,1.3,Hybrid,Automatic,69594,Hatchback,13799,Insight
2731,MERCEDES-BENZ,2000,2.7,Diesel,Manual,207123,Microbus,22894,416
2732,TOYOTA,2016,2.5,Petrol,Automatic,33803,Sedan,31361,Camry
2733,HYUNDAI,2017,2.0,Petrol,Automatic,72063,Sedan,4547,Elantra
2734,TOYOTA,2009,1.5,Hybrid,Automatic,88499,Sedan,1882,Prius
2735,SSANGYONG,2017,1.6,Diesel,Automatic,20639,Jeep,41811,Actyon
2736,MERCEDES-BENZ,2011,3.0,Diesel,Tiptronic,46292,Jeep,39201,ML 350
2737,HYUNDAI,2016,2.0,Diesel,Automatic,84523,Jeep,37000,Tucson
2738,TOYOTA,2016,2.5,Petrol,Automatic,43537,Sedan,10349,Camry
2739,BMW,2013,3.0,Petrol,Automatic,60894,Coupe,29793,328
2740,OPEL,1998,1.6,Petrol,Automatic,121326,Sedan,6586,Vectra
2741,TOYOTA,2004,2.0,Petrol,Automatic,86149,Sedan,10036,Avensis
2742,HYUNDAI,2014,2.4,Hybrid,Automatic,47224,Sedan,22894,Sonata Hibrid
2743,FORD,2015,1.6,Petrol,Tiptronic,67108,Sedan,15053,Fiesta
2744,HYUNDAI,2011,2.0,LPG,Automatic,38033,Sedan,7056,Sonata
2745,HYUNDAI,2016,1.6,Petrol,Automatic,39318,Sedan,25889,Elantra
2746,MERCEDES-BENZ,2011,3.5,Diesel,Automatic,74179,Sedan,16621,E 350
2747,HYUNDAI,2012,1.6,Petrol,Automatic,65242,Sedan,20005,Elantra
2748,CHEVROLET,2017,1.4,Petrol,Automatic,29080,Sedan,22894,Cruze
2749,TOYOTA,2013,1.8,Hybrid,Variator,40389,Sedan,19130,Prius s
2750,CHEVROLET,2007,2.0,Diesel,Automatic,32746,Jeep,4359,Captiva
2751,KIA,2014,1.6,Petrol,Automatic,47721,Sedan,14740,RIO lX
2752,SSANGYONG,2018,1.6,Diesel,Automatic,124523,Jeep,43868,Actyon
2753,LEXUS,2012,3.5,Petrol,Tiptronic,105633,Jeep,47000,RX 350
2754,TOYOTA,2002,1.8,Petrol,Automatic,93206,Hatchback,2195,Will Vs
2755,SUBARU,2013,2.5,Petrol,Automatic,163706,Jeep,7527,Forester
2756,HONDA,2007,1.3,Petrol,Automatic,116818,Hatchback,8781,FIT
2757,TOYOTA,2012,1.8,Plug-in Hybrid,Automatic,67588,Hatchback,21012,Prius BLUG-IN
2758,HYUNDAI,2010,2.0,Diesel,Automatic,103346,Jeep,22649,Tucson
2759,HYUNDAI,2013,2.0,Diesel,Automatic,59030,Jeep,40983,Santa FE
2760,SSANGYONG,2010,2.7,Diesel,Automatic,112707,Jeep,19416,REXTON
2761,MERCEDES-BENZ,2005,2.2,Diesel,Manual,113711,Microbus,16935,Sprinter
2762,HYUNDAI,2014,1.8,Petrol,Automatic,59030,Sedan,15681,Elantra
2763,SUBARU,2003,2.5,Petrol,Tiptronic,167770,Jeep,9408,Outback
2764,TOYOTA,2007,2.4,Hybrid,Automatic,133595,Sedan,16621,Camry
2765,HYUNDAI,2013,2.4,Petrol,Automatic,119209,Sedan,2979,Sonata
2766,CHEVROLET,2012,2.0,Diesel,Automatic,82048,Jeep,23207,Orlando
2767,OPEL,2005,1.3,Diesel,Manual,11744,Hatchback,12858,Astra
2768,KIA,2013,2.4,Petrol,Tiptronic,94747,Sedan,17249,Optima
2769,TOYOTA,2010,1.8,Hybrid,Variator,84506,Hatchback,12541,Prius
2770,HYUNDAI,2019,2.0,Diesel,Automatic,8699,Jeep,59006,Tucson
2771,AUDI,2014,3.0,Diesel,Automatic,61393,Jeep,8467,Q7
2772,NISSAN,2003,2.5,Petrol,Automatic,118060,Minivan,7527,Presage RIDER
2773,HYUNDAI,2011,1.6,Petrol,Automatic,58707,Sedan,20005,Elantra
2774,TOYOTA,2013,1.5,Hybrid,Tiptronic,75708,Sedan,12388,Aqua
2775,HYUNDAI,2013,2.4,Petrol,Automatic,32639,Sedan,15053,Sonata
2776,HYUNDAI,2014,2.0,Diesel,Automatic,119291,Jeep,25264,Tucson
2777,TOYOTA,2018,1.5,Petrol,Automatic,12769,Sedan,21012,Yaris IA
2778,MERCEDES-BENZ,2007,3.0,Petrol,Tiptronic,46603,Universal,14113,E 300 AVANTGARDE-LTD
2779,HYUNDAI,2012,2.4,Hybrid,Automatic,161515,Sedan,4077,Sonata
2780,BMW,2014,2.0,Petrol,Tiptronic,96934,Sedan,42337,528
2781,HONDA,2012,1.3,Petrol,Automatic,70836,Sedan,10976,FIT
2782,TOYOTA,2012,1.8,Petrol,Automatic,98364,Hatchback,16621,Prius
2783,HYUNDAI,2010,2.2,Diesel,Automatic,71771,Jeep,23734,Santa FE
2784,HYUNDAI,2012,1.6,Petrol,Automatic,64939,Hatchback,1725,Accent
2785,BMW,2004,4.4,Petrol,Tiptronic,139187,Jeep,15681,X5
2786,HYUNDAI,2014,2.5,Diesel,Automatic,79535,Minivan,24433,H1
2787,MERCEDES-BENZ,2001,2.0,Petrol,Automatic,6904,Sedan,3000,E 200
2788,MERCEDES-BENZ,2010,3.5,Petrol,Automatic,127983,Sedan,1646,E 350
2789,SSANGYONG,2013,2.0,Diesel,Automatic,59297,Jeep,34419,REXTON
2790,BMW,2004,3.0,Diesel,Tiptronic,155343,Jeep,16935,X5
2791,MERCEDES-BENZ,2017,3.5,Petrol,Automatic,36867,Jeep,4704,GLE 350
2792,MERCEDES-BENZ,2011,3.0,Diesel,Automatic,169750,Sedan,9879,E 350
2793,CHEVROLET,2013,3.6,Petrol,Manual,83512,Coupe,29793,Camaro
2794,MITSUBISHI,2011,2.0,Petrol,Tiptronic,69594,Jeep,17249,Outlander
2795,TOYOTA,2014,1.5,Hybrid,Variator,45360,Hatchback,10349,Aqua
2796,HYUNDAI,2013,2.0,Diesel,Automatic,103621,Jeep,23932,Tucson
2797,FORD,2014,2.5,Petrol,Automatic,177016,Sedan,1098,Fusion
2798,HYUNDAI,2006,2.7,Petrol,Tiptronic,99419,Jeep,13172,Tucson
2799,HYUNDAI,2015,1.6,Petrol,Tiptronic,36661,Sedan,25089,Veloster
2800,OPEL,1999,1.6,Petrol,Manual,1025,Goods wagon,6272,Astra
2801,MAZDA,2002,1.5,LPG,Tiptronic,6835,Hatchback,5959,Demio
2802,TOYOTA,2016,1.8,Petrol,Automatic,19263,Hatchback,28539,Prius
2803,AUDI,2014,3.0,Petrol,Automatic,87307,Hatchback,3058,A7
2804,MERCEDES-BENZ,2012,3.0,Diesel,Automatic,168827,Jeep,26657,ML 350
2805,NISSAN,2018,1.8,Petrol,Automatic,7127,Sedan,1490,Sentra
2806,TOYOTA,2008,1.5,Hybrid,Automatic,149129,Sedan,9722,Prius
2807,KIA,2016,1.6,Diesel,Automatic,17800,Sedan,18660,Cerato
2808,TOYOTA,2012,2.5,Hybrid,Automatic,74418,Sedan,1568,Camry
2809,SSANGYONG,2010,2.0,Diesel,Automatic,124192,Sedan,12306,Actyon
2810,SSANGYONG,2016,1.6,Petrol,Automatic,47846,Jeep,41281,Actyon
2811,HYUNDAI,2012,2.0,Diesel,Automatic,75155,Jeep,28830,Tucson
2812,TOYOTA,2011,1.8,Hybrid,Variator,110604,Sedan,18817,Prius
2813,BMW,2011,3.0,Petrol,Tiptronic,137176,Coupe,21326,328
2814,TOYOTA,2010,1.8,Hybrid,Automatic,84380,Hatchback,16308,Prius
2815,BMW,2009,4.4,Petrol,Tiptronic,103769,Hatchback,49550,550 GT
2816,TOYOTA,2012,2.5,Hybrid,Automatic,133034,Sedan,23521,Camry
2817,TOYOTA,2008,1.5,Hybrid,Variator,107497,Sedan,11290,Prius
2818,OPEL,1999,1.6,Petrol,Manual,11847,Hatchback,7683,Astra
2819,JEEP,2019,3.6,Petrol,Automatic,8759,Sedan,23834,Grand Cherokee
2820,HYUNDAI,2014,2.0,LPG,Automatic,225218,Sedan,10036,Sonata
2821,TOYOTA,2010,1.8,Hybrid,Automatic,117315,Hatchback,14426,Prius
2822,HYUNDAI,2016,2.0,LPG,Automatic,192665,Sedan,16308,Sonata
2823,SUBARU,2015,2.0,Petrol,Tiptronic,59652,Sedan,10976,Impreza
2824,MERCEDES-BENZ,2000,3.2,CNG,Tiptronic,119303,Sedan,9408,E 320
2825,MERCEDES-BENZ,1999,2.9,Diesel,Manual,229907,Microbus,11290,290
2826,BMW,2012,2.0,Petrol,Tiptronic,118060,Sedan,28852,320
2827,VOLKSWAGEN,2016,1.8,Petrol,Automatic,55628,Sedan,1725,Passat
2828,HYUNDAI,2014,2.0,Diesel,Automatic,32434,Jeep,24932,Santa FE
2829,NISSAN,2012,1.6,Petrol,Tiptronic,61516,Jeep,17249,Juke
2830,HYUNDAI,2016,2.2,Diesel,Automatic,87335,Jeep,51373,Santa FE
2831,LEXUS,2012,4.6,Petrol,Automatic,142501,Jeep,52059,GX 460
2832,NISSAN,2004,1.2,Petrol,Manual,154100,Sedan,7997,Micra
2833,MERCEDES-BENZ,2008,3.0,Diesel,Automatic,132972,Jeep,4547,ML 350
2834,KIA,2013,2.4,Petrol,Tiptronic,80778,Sedan,17562,Optima
2835,HYUNDAI,2009,2.5,Diesel,Automatic,46057,Minivan,15994,H1
2836,HYUNDAI,2012,1.6,Diesel,Automatic,105314,Sedan,12720,Accent
2837,OPEL,2003,3.0,Diesel,Tiptronic,123653,Sedan,8781,Vectra
2838,SSANGYONG,2017,1.6,Diesel,Automatic,18211,Jeep,42692,Actyon
2839,HYUNDAI,2015,2.0,LPG,Automatic,232401,Sedan,9252,Sonata
2840,HYUNDAI,2014,1.6,Diesel,Automatic,82941,Sedan,24709,Elantra
2841,TOYOTA,2012,2.5,Hybrid,Automatic,142118,Sedan,2430,Camry
2842,TOYOTA,2012,3.5,Petrol,Automatic,177206,Jeep,9565,Highlander
2843,HYUNDAI,2017,2.0,Petrol,Automatic,54563,Sedan,45044,Sonata
2844,FORD,2013,2.0,Hybrid,Variator,78293,Sedan,28225,Fusion
2845,SSANGYONG,2012,2.0,Diesel,Automatic,88243,Jeep,15850,Korando
2846,BMW,2001,2.5,Petrol,Tiptronic,99419,Coupe,5018,325
2847,CHEVROLET,2016,2.5,Petrol,Automatic,38668,Sedan,53540,Impala
2848,HYUNDAI,2012,2.4,Hybrid,Automatic,72079,Sedan,11917,Sonata
2849,MAZDA,2015,2.5,Petrol,Automatic,88732,Sedan,1176,1000
2850,TOYOTA,2013,1.5,Hybrid,Automatic,67729,Hatchback,8938,Aqua
2851,HYUNDAI,2011,1.6,Petrol,Automatic,66248,Sedan,20005,Elantra
2852,AUDI,2010,2.0,Petrol,Manual,119303,Sedan,15681,A4
2853,FORD,1998,2.5,Diesel,Manual,621,Goods wagon,7840,Transit
2854,HONDA,2012,1.3,Petrol,Automatic,62137,Hatchback,7300,FIT
2855,TOYOTA,2008,1.5,Hybrid,Automatic,124274,Hatchback,8154,Prius
2856,FIAT,2014,1.4,Diesel,Manual,12427,Hatchback,25089,500C
2857,MERCEDES-BENZ,2009,3.5,Diesel,Automatic,67816,Sedan,3450,E 350
2858,MAZDA,2018,2.5,Petrol,Automatic,41673,Jeep,3136,616
2859,SUBARU,2014,2.0,Petrol,Automatic,88366,Sedan,10506,XV
2860,OPEL,2003,1.7,Diesel,Manual,10253,Goods wagon,9095,Combo
2861,HYUNDAI,2011,2.4,Petrol,Tiptronic,92584,Sedan,10976,Sonata
2862,TOYOTA,2007,1.5,Hybrid,Automatic,93206,Hatchback,9095,Prius
2863,MERCEDES-BENZ,2008,3.5,Petrol,Tiptronic,48032,Coupe,28225,CLS 350 AMG
2864,TOYOTA,2013,2.5,Petrol,Automatic,29204,Sedan,22580,Camry
2865,MERCEDES-BENZ,2007,3.0,Diesel,Tiptronic,111847,Minivan,26657,R 320
2866,DODGE,2012,2.0,Petrol,Automatic,82642,Hatchback,9408,Caliber
2867,NISSAN,2005,1.5,Petrol,Automatic,69041,Hatchback,8467,Tiida
2868,HYUNDAI,2012,1.6,Petrol,Automatic,93165,Sedan,14454,Elantra
2869,HYUNDAI,2013,2.4,Petrol,Automatic,69550,Sedan,4077,Sonata
2870,MERCEDES-BENZ,2000,3.2,CNG,Automatic,621,Sedan,9408,CLK 320
2871,TOYOTA,2019,2.5,Hybrid,Automatic,5981,Sedan,3450,Camry
2872,HYUNDAI,2010,1.6,Petrol,Automatic,50245,Sedan,15423,Elantra
2873,DODGE,2010,2.0,Petrol,Automatic,55923,Jeep,10349,Caliber
2874,HYUNDAI,2012,1.8,Petrol,Automatic,147141,Sedan,15681,Elantra
2875,CHEVROLET,2015,1.4,Petrol,Automatic,89477,Jeep,16308,Cruze
2876,LEXUS,2010,4.6,Petrol,Automatic,221982,Jeep,16308,GX 470
2877,LEXUS,2012,4.6,Petrol,Automatic,158702,Jeep,54568,GX 460
2878,VOLKSWAGEN,2013,3.6,Petrol,Automatic,62758,Sedan,27598,CC
2879,CHEVROLET,2013,2.0,Diesel,Automatic,94151,Jeep,20814,Orlando
2880,HYUNDAI,2016,2.0,LPG,Automatic,121436,Sedan,15681,Sonata
2881,BMW,2003,2.2,Petrol,Manual,83885,Sedan,8467,320
2882,HONDA,1999,2.0,Petrol,Manual,90587,Jeep,9722,Cr-v
2883,NISSAN,2005,2.5,Petrol,Tiptronic,32933,Sedan,8781,Altima
2884,TOYOTA,2012,1.8,Hybrid,Variator,111847,Sedan,16308,Prius
2885,HYUNDAI,2015,2.0,Diesel,Automatic,71743,Jeep,45436,Santa FE
2886,NISSAN,2012,1.6,Petrol,Automatic,104021,Jeep,8781,Juke
2887,HYUNDAI,2010,2.0,Petrol,Automatic,71683,Coupe,15285,Genesis
2888,MERCEDES-BENZ,2004,2.2,Diesel,Manual,155343,Minivan,26343,Vito
2889,MERCEDES-BENZ,2008,2.2,Diesel,Manual,145401,Microbus,37633,Sprinter
2890,SSANGYONG,2014,2.0,Diesel,Automatic,73028,Jeep,32935,REXTON
2891,HYUNDAI,2014,2.5,Diesel,Automatic,169945,Minivan,25763,H1
2892,HYUNDAI,2012,1.8,Petrol,Tiptronic,115923,Sedan,19429,Elantra
2893,NISSAN,2003,2.0,Petrol,Automatic,114332,Jeep,9408,X-Trail
2894,HYUNDAI,2014,2.0,LPG,Automatic,215989,Sedan,10036,Sonata
2895,FORD,2011,3.5,Petrol,Automatic,174605,Jeep,25089,Edge
2896,TOYOTA,2013,3.5,Petrol,Tiptronic,71582,Jeep,39201,Highlander
2897,FORD,2017,2.0,Plug-in Hybrid,Automatic,126884,Sedan,31361,Fusion
2898,HYUNDAI,2014,2.0,Petrol,Automatic,62137,Coupe,18000,Elantra
2899,KIA,2011,2.0,Petrol,Automatic,30233,Sedan,12074,Optima
2900,HYUNDAI,2011,2.0,Petrol,Automatic,56966,Sedan,13495,Sonata
2901,JEEP,2017,2.4,Petrol,Tiptronic,23612,Jeep,36065,Compass
2902,CHEVROLET,2014,2.0,Petrol,Automatic,90585,Sedan,19933,Malibu
2903,HYUNDAI,2014,2.4,Petrol,Automatic,79038,Jeep,34497,Santa FE
2904,CHEVROLET,2014,1.0,Petrol,Automatic,105395,Hatchback,8097,Spark
2905,VOLKSWAGEN,2011,2.0,Diesel,Automatic,8152,Hatchback,18817,Golf
2906,HONDA,2003,2.0,Petrol,Tiptronic,111847,Minivan,7997,Stream
2907,MERCEDES-BENZ,2004,1.8,Petrol,Tiptronic,59652,Sedan,10349,C 200
2908,HYUNDAI,2010,2.0,Petrol,Automatic,131156,Sedan,16894,Sonata
2909,OPEL,2007,1.9,Diesel,Manual,1243,Universal,8781,Astra
2910,ACURA,2012,3.7,Petrol,Automatic,77658,Jeep,11760,MDX
2911,BUICK,2014,2.4,Petrol,Automatic,30686,Sedan,6743,Century
2912,MERCEDES-BENZ,2011,3.5,Diesel,Automatic,154426,Sedan,18189,E 350
2913,FORD,2008,2.2,Diesel,Manual,93206,Microbus,11917,Transit
2914,HONDA,2018,1.5,Petrol,Automatic,8108,Sedan,54850,Civic
2915,TOYOTA,2012,2.5,Petrol,Tiptronic,52195,Sedan,20071,Camry
2916,AUDI,1999,1.9,Petrol,Manual,120076,Sedan,6899,A4
2917,BMW,2009,3.0,Diesel,Automatic,142825,Jeep,1803,X5
2918,MERCEDES-BENZ,2010,3.0,Diesel,Automatic,139187,Jeep,32929,ML 350
2919,VOLKSWAGEN,1998,2.0,Petrol,Automatic,82074,Hatchback,9408,Golf
2920,FORD,1999,1.3,Petrol,Manual,8216,Coupe,1000,KA
2921,CHEVROLET,2013,2.0,Petrol,Automatic,62836,Sedan,21103,Malibu
2922,AUDI,2013,2.0,Petrol,Automatic,89477,Sedan,27284,A4
2923,TOYOTA,2012,2.5,Hybrid,Automatic,97256,Sedan,3607,Camry
2924,HYUNDAI,2018,1.6,LPG,Automatic,29317,Sedan,36137,Elantra
2925,NISSAN,2005,1.5,Petrol,Automatic,108119,Sedan,6900,Note
2926,HONDA,2015,2.4,Petrol,Automatic,65161,Sedan,47201,Civic
2927,TOYOTA,2012,3.5,Hybrid,Automatic,225594,Jeep,1490,Highlander
2928,TOYOTA,2009,1.8,Hybrid,Variator,168019,Hatchback,13485,Prius
2929,MERCEDES-BENZ,2000,1.6,Petrol,Tiptronic,621,Hatchback,2850,A 160
2930,LEXUS,2015,2.0,Petrol,Tiptronic,44117,Sedan,54882,IS 200
2931,HYUNDAI,2016,1.6,Petrol,Automatic,45054,Sedan,20071,Elantra
2932,HYUNDAI,2016,2.5,Diesel,Automatic,49088,Universal,47694,H1
2933,FORD,2014,2.5,Petrol,Tiptronic,73322,Sedan,15681,Fusion
2934,BMW,2013,3.0,Petrol,Manual,42033,Cabriolet,22423,128 M tech
2935,TOYOTA,2004,2.4,CNG,Automatic,155343,Minivan,10349,Ipsum
2936,HYUNDAI,2010,1.6,Petrol,Automatic,32571,Sedan,18240,Elantra
2937,NISSAN,2005,1.5,Petrol,Variator,99419,Hatchback,7840,Tiida
2938,TOYOTA,2013,2.5,Petrol,Automatic,106415,Sedan,4391,Camry
2939,HYUNDAI,2013,1.8,Petrol,Tiptronic,99419,Sedan,9095,Elantra
2940,TOYOTA,2012,1.8,Petrol,Automatic,76553,Sedan,21953,Prius
2941,HYUNDAI,2012,3.0,Petrol,Automatic,75807,Sedan,32302,Grandeur
2942,HONDA,2008,1.5,Petrol,Variator,172741,Hatchback,10976,FIT
2943,MERCEDES-BENZ,2009,3.5,Diesel,Automatic,67816,Sedan,5018,E 350
2944,BUICK,2015,1.4,Petrol,Tiptronic,52817,Jeep,28100,Encore
2945,HYUNDAI,2011,2.0,Petrol,Automatic,16901,Sedan,15681,Sonata
2946,TOYOTA,2010,1.8,Hybrid,Automatic,101408,Hatchback,14897,Prius
2947,HYUNDAI,2019,2.4,Petrol,Automatic,18280,Sedan,10976,Sonata
2948,RENAULT,2006,1.5,Diesel,Manual,101283,Universal,10349,Megane
2949,LEXUS,2002,3.0,Petrol,Automatic,124896,Jeep,11917,RX 300
2950,HYUNDAI,2012,1.6,Diesel,Automatic,19631,Hatchback,14113,I30
2951,JEEP,2001,3.7,LPG,Automatic,85489,Jeep,11000,Liberty
2952,HYUNDAI,2011,1.8,Petrol,Automatic,191694,Jeep,2195,Elantra
2953,TOYOTA,2012,2.5,Petrol,Automatic,182080,Jeep,1019,RAV 4
2954,HONDA,2013,1.5,Hybrid,Automatic,76100,Hatchback,8590,FIT
2955,HONDA,2011,1.3,Hybrid,Automatic,93206,Hatchback,11917,FIT HYBRYD
2956,LEXUS,2008,3.3,Hybrid,Automatic,113090,Jeep,20385,RX 400
2957,SSANGYONG,2016,1.6,Petrol,Automatic,30944,Jeep,33538,Actyon
2958,HONDA,2014,1.3,Petrol,Automatic,18905,Universal,16292,FIT
2959,TOYOTA,2014,1.5,Petrol,Automatic,50952,Hatchback,19306,Aqua
2960,BMW,1998,2.8,Petrol,Manual,76429,Sedan,7527,328
2961,FORD,2016,1.5,Petrol,Automatic,67291,Jeep,19601,Escape
2962,CHEVROLET,2012,1.4,Plug-in Hybrid,Tiptronic,124274,Sedan,21953,Volt
2963,NISSAN,2013,1.6,Petrol,Automatic,68681,Jeep,12231,Juke
2964,TOYOTA,2002,2.4,LPG,Automatic,100662,Minivan,10349,Ipsum
2965,FORD,1997,2.5,Diesel,Manual,173984,Microbus,10036,Transit
2966,MERCEDES-BENZ,2002,2.7,Diesel,Manual,189518,Microbus,17249,Sprinter
2967,TOYOTA,2014,1.8,Hybrid,Automatic,90099,Hatchback,18817,Prius
2968,MERCEDES-BENZ,2003,2.4,CNG,Tiptronic,12427,Sedan,9722,C 230
2969,HYUNDAI,2014,2.5,Diesel,Automatic,77948,Minivan,34406,H1
2970,HYUNDAI,2011,2.5,Diesel,Automatic,33206,Minivan,13768,H1
2971,LEXUS,2010,3.5,Hybrid,Automatic,103907,Jeep,5018,RX 450
2972,SUBARU,2018,2.5,Petrol,Automatic,49710,Jeep,30107,Forester
2973,BMW,2012,3.0,Petrol,Automatic,56545,Jeep,40769,X3 3.5i
2974,JEEP,2002,4.0,CNG,Automatic,177961,Jeep,9408,Grand Cherokee
2975,HYUNDAI,2014,2.0,LPG,Automatic,164584,Sedan,11604,Sonata
2976,MERCEDES-BENZ,2007,2.8,Petrol,Manual,76429,Sedan,18817,E 350
2977,TOYOTA,2007,2.4,Hybrid,Automatic,129742,Sedan,14113,Camry
2978,FORD,1997,2.5,Diesel,Manual,155343,Microbus,8467,Transit
2979,MERCEDES-BENZ,1999,2.0,Petrol,Tiptronic,93206,Sedan,10976,C 200
2980,HYUNDAI,2014,2.0,LPG,Automatic,166556,Sedan,10036,Sonata
2981,MERCEDES-BENZ,2010,3.0,Diesel,Tiptronic,96313,Sedan,38574,E 350 AMG
2982,TOYOTA,2001,3.0,CNG,Automatic,124274,Minivan,8467,Estima
2983,TOYOTA,2018,2.0,Petrol,Automatic,23124,Jeep,36065,CHR
2984,HYUNDAI,2014,2.4,Hybrid,Tiptronic,67729,Sedan,23521,Sonata
2985,FORD,1997,2.5,Diesel,Manual,124274,Microbus,10976,Transit
2986,TOYOTA,2015,2.5,Petrol,Automatic,45360,Jeep,16308,RAV 4
2987,TOYOTA,2018,2.5,Hybrid,Automatic,21784,Sedan,18817,Camry
2988,HYUNDAI,2017,2.0,Petrol,Automatic,26830,Sedan,49751,Sonata
2989,SUZUKI,2013,2.0,Petrol,Automatic,120238,Sedan,1411,SX4
2990,TOYOTA,2012,1.5,Hybrid,Automatic,74565,Hatchback,12858,Aqua
2991,HYUNDAI,2015,2.0,Diesel,Automatic,58332,Jeep,44542,Santa FE
2992,MERCEDES-BENZ,2011,3.0,Diesel,Tiptronic,100662,Jeep,37633,R 350
2993,HYUNDAI,2011,2.0,Petrol,Automatic,95474,Coupe,19369,Genesis
2994,HYUNDAI,2015,2.0,LPG,Automatic,24779,Sedan,15994,Sonata
2995,HYUNDAI,2013,1.6,Petrol,Tiptronic,83885,Coupe,15367,Veloster
2996,SSANGYONG,2012,2.0,Diesel,Automatic,89021,Jeep,21357,Korando
2997,HYUNDAI,2017,2.0,Petrol,Automatic,10571,Sedan,51523,Elantra
2998,TOYOTA,2013,1.5,Hybrid,Variator,62137,Hatchback,14113,Aqua
2999,HYUNDAI,2015,2.0,LPG,Automatic,198017,Sedan,15053,Sonata
3000,DAEWOO,2010,1.6,Petrol,Automatic,42944,Sedan,7527,Lacetti
3001,HYUNDAI,2018,2.0,Diesel,Automatic,25960,Jeep,64002,Santa FE
3002,HYUNDAI,2012,1.6,Petrol,Automatic,54860,Sedan,20266,Elantra
3003,MERCEDES-BENZ,2002,2.2,Diesel,Manual,186411,Sedan,9756,C 220 CDI
3004,AUDI,2003,1.8,Petrol,Tiptronic,93206,Sedan,6899,A4
3005,HYUNDAI,2013,2.0,Diesel,Automatic,33082,Jeep,28068,Santa FE
3006,CHEVROLET,2012,2.4,Petrol,Automatic,64337,Sedan,3293,Malibu
3007,HYUNDAI,2013,2.0,Petrol,Automatic,32933,Hatchback,17876,Elantra gt
3008,HYUNDAI,2014,1.6,Petrol,Automatic,76129,Sedan,16465,Elantra
3009,TOYOTA,2001,2.0,Diesel,Manual,208325,Jeep,46414,RAV 4
3010,HONDA,2012,1.3,Hybrid,Automatic,60894,Universal,9000,FIT
3011,HYUNDAI,2011,2.0,Petrol,Automatic,73006,Coupe,15245,Genesis
3012,TOYOTA,2013,2.5,Hybrid,Tiptronic,60802,Sedan,42965,Avalon LIMITED
3013,HYUNDAI,2018,1.7,Diesel,Automatic,25787,Jeep,56513,Tucson
3014,DAEWOO,2010,2.0,Diesel,Automatic,29342,Sedan,7997,Lacetti
3015,HYUNDAI,2013,2.0,Diesel,Automatic,125127,Jeep,27259,Santa FE
3016,MITSUBISHI,2003,3.5,Petrol,Tiptronic,74565,Jeep,14113,Pajero
3017,TOYOTA,2014,2.5,Hybrid,Variator,131992,Sedan,23521,Camry
3018,CHEVROLET,2012,2.0,Diesel,Automatic,68535,Jeep,22063,Orlando
3019,BMW,2012,4.4,Petrol,Tiptronic,104390,Sedan,26657,550 F10
3020,HYUNDAI,2014,2.5,Diesel,Automatic,106236,Minivan,31082,H1
3021,TOYOTA,2018,2.5,Petrol,Automatic,4225,Sedan,53314,Camry
3022,NISSAN,2005,2.3,LPG,Automatic,127381,Sedan,8781,Teana
3023,HYUNDAI,2012,1.6,Petrol,Automatic,25650,Sedan,16778,Elantra
3024,AUDI,2011,3.0,Petrol,Automatic,120350,Sedan,4547,A6
3025,HYUNDAI,2007,1.6,Petrol,Automatic,78407,Sedan,12585,Elantra
3026,HYUNDAI,2016,2.0,LPG,Automatic,154538,Sedan,15681,Sonata
3027,HONDA,2002,1.3,Petrol,Variator,71768,Hatchback,6272,FIT
3028,SSANGYONG,2013,2.0,Diesel,Automatic,123210,Jeep,28482,REXTON
3029,HYUNDAI,2017,1.6,Petrol,Automatic,66623,Sedan,26017,Elantra
3030,TOYOTA,2012,2.5,Hybrid,Automatic,97256,Sedan,3607,Camry
3031,TOYOTA,2013,1.8,Hybrid,Variator,111225,Sedan,15053,Prius
3032,HYUNDAI,2011,1.6,Petrol,Automatic,28520,Sedan,29711,Elantra
3033,SSANGYONG,2011,2.0,Diesel,Automatic,33133,Jeep,32035,REXTON
3034,HYUNDAI,2013,2.0,Diesel,Automatic,106724,Jeep,36827,Santa FE
3035,MERCEDES-BENZ,2008,3.0,Diesel,Automatic,109121,Sedan,2430,E 350
3036,HONDA,2015,1.5,Petrol,Automatic,40389,Hatchback,34102,FIT
3037,HYUNDAI,2015,2.0,Diesel,Automatic,30301,Jeep,57372,Santa FE
3038,JEEP,2012,2.4,Petrol,Automatic,75469,Jeep,26372,Compass
3039,HYUNDAI,2014,1.6,Diesel,Automatic,88542,Sedan,19130,Elantra
3040,KIA,2017,2.4,Petrol,Automatic,87489,Sedan,26657,Optima
3041,HYUNDAI,2010,2.0,Petrol,Automatic,78789,Sedan,16894,Sonata
3042,HYUNDAI,2017,1.6,Petrol,Automatic,15929,Sedan,1019,Elantra
3043,LEXUS,2010,3.5,Hybrid,Automatic,195900,Jeep,2509,RX 450
3044,HYUNDAI,2016,1.6,Petrol,Automatic,90030,Sedan,21395,Elantra
3045,HYUNDAI,2010,2.0,Diesel,Automatic,134231,Jeep,17468,Tucson
3046,DODGE,2011,2.0,Petrol,Automatic,103769,Universal,10976,Caliber
3047,HYUNDAI,2015,2.0,LPG,Automatic,26719,Sedan,13642,Sonata
3048,MITSUBISHI,2015,2.4,Petrol,Automatic,40058,Jeep,25559,Outlander
3049,TOYOTA,2018,2.0,Petrol,Automatic,10074,Jeep,2587,CHR
3050,FORD,2014,2.0,Petrol,Manual,38785,Hatchback,17405,Focus ST
3051,TOYOTA,2013,1.8,Hybrid,Automatic,74601,Hatchback,17562,Prius
3052,CHEVROLET,2012,1.4,Hybrid,Automatic,100780,Hatchback,4547,Volt
3053,MERCEDES-BENZ,2014,3.5,Diesel,Automatic,124385,Sedan,30734,E 350
3054,CHEVROLET,2014,3.6,Petrol,Automatic,108120,Jeep,3920,Traverse
3055,MERCEDES-BENZ,2007,3.5,Petrol,Tiptronic,93206,Sedan,21326,E 350
3056,HYUNDAI,2011,2.0,Diesel,Automatic,100255,Jeep,21652,Tucson
3057,TOYOTA,2003,3.0,LPG,Automatic,118060,Minivan,13172,Alphard
3058,HONDA,2014,1.5,Hybrid,Automatic,51018,Universal,17509,FIT
3059,BMW,1999,2.0,Petrol,Manual,186411,Sedan,6272,520
3060,TOYOTA,2014,2.5,Petrol,Tiptronic,44739,Sedan,22266,Camry sporti
3061,VOLKSWAGEN,2016,1.8,Petrol,Automatic,19884,Sedan,25716,Jetta
3062,KIA,2016,1.4,Petrol,Manual,56545,Hatchback,18817,RIO
3063,CHEVROLET,2007,2.0,Diesel,Automatic,67769,Jeep,7683,Captiva
3064,CHEVROLET,2014,1.4,Petrol,Tiptronic,55302,Sedan,9722,Sonic
3065,TOYOTA,2014,2.5,Hybrid,Automatic,68225,Sedan,5488,Camry
3066,LAND ROVER,2008,3.0,Diesel,Automatic,159071,Jeep,9900,Discovery
3067,BMW,2004,4.4,Petrol,Tiptronic,130488,Sedan,15053,545
3068,TOYOTA,2012,2.5,Hybrid,Automatic,102820,Sedan,23521,Camry
3069,CHEVROLET,2012,2.0,Diesel,Automatic,34977,Sedan,9408,Cruze
3070,TOYOTA,2012,1.5,Hybrid,Automatic,103769,Hatchback,10349,Aqua
3071,BMW,2012,4.4,Petrol,Tiptronic,90099,Sedan,36065,550
3072,SSANGYONG,2016,2.2,Diesel,Automatic,122923,Jeep,33550,REXTON
3073,FORD,2007,2.2,Diesel,Manual,132973,Microbus,18189,Transit
3074,MERCEDES-BENZ,2000,2.7,Diesel,Tiptronic,198839,Sedan,12858,E 270
3075,MITSUBISHI,2006,3.0,Petrol,Tiptronic,169013,Jeep,13172,Outlander
3076,TOYOTA,2013,2.5,Petrol,Automatic,87177,Sedan,19130,Camry SE
3077,MERCEDES-BENZ,2000,3.2,Petrol,Tiptronic,102526,Coupe,11917,CLK 320
3078,TOYOTA,2011,3.5,Hybrid,Automatic,228704,Sedan,21639,Highlander
3079,HYUNDAI,2012,1.6,Petrol,Automatic,46789,Sedan,20005,Elantra
3080,TOYOTA,2013,1.5,Hybrid,Variator,105633,Hatchback,13799,Aqua
3081,MERCEDES-BENZ,1998,2.3,LPG,Automatic,116818,Minivan,11917,Vito
3082,TOYOTA,2013,1.8,Hybrid,Variator,70836,Hatchback,23592,Prius
3083,HYUNDAI,2014,2.5,Diesel,Automatic,16777,Minivan,34607,H1
3084,HYUNDAI,2008,1.6,Diesel,Manual,128002,Goods wagon,11917,I30
3085,INFINITI,2002,3.5,Petrol,Automatic,118060,Jeep,12544,FX35
3086,CHEVROLET,2017,2.0,Petrol,Automatic,57842,Sedan,45210,Malibu
3087,LEXUS,2010,3.5,Hybrid,Automatic,115578,Jeep,13172,RX 450
3088,CHEVROLET,2014,1.8,Petrol,Automatic,16307,Sedan,10914,Cruze
3089,HONDA,2005,3.0,Petrol,Automatic,108740,Minivan,14583,Elysion
3090,DAEWOO,2010,1.6,Petrol,Automatic,112730,Sedan,7517,Lacetti
3091,TOYOTA,2011,1.8,Hybrid,Variator,83885,Hatchback,25089,Prius
3092,HYUNDAI,2014,2.4,Petrol,Automatic,140265,Sedan,1725,Sonata
3093,PORSCHE,2009,3.0,Diesel,Tiptronic,121167,Jeep,36065,Cayenne
3094,TOYOTA,2012,2.5,Petrol,Automatic,110355,Jeep,23678,RAV 4
3095,TOYOTA,2012,3.5,Petrol,Automatic,87592,Jeep,23521,Highlander
3096,HYUNDAI,2016,2.0,LPG,Automatic,189836,Sedan,15681,Sonata
3097,FORD,2011,2.5,Petrol,Automatic,108677,Sedan,2038,Fusion
3098,TOYOTA,2020,3.5,Petrol,Automatic,1037,Sedan,31675,Tacoma
3099,TOYOTA,2009,3.3,Hybrid,Automatic,197818,Sedan,1019,Highlander
3100,FORD,2007,2.3,Hybrid,Automatic,162178,Jeep,14900,Escape
3101,LEXUS,2010,3.5,Hybrid,Automatic,115578,Jeep,13328,RX 450
3102,MAZDA,2014,2.5,Petrol,Automatic,77671,Sedan,24148,Mazda 6
3103,TOYOTA,2014,1.8,Hybrid,Variator,61541,Hatchback,21012,Prius
3104,CHEVROLET,2012,1.4,Plug-in Hybrid,Automatic,148508,Sedan,24462,Volt
3105,TOYOTA,2014,1.5,Petrol,Automatic,61670,Hatchback,13184,Aqua
3106,SSANGYONG,2017,1.6,Petrol,Automatic,44771,Jeep,37837,Actyon
3107,LEXUS,2010,3.5,Hybrid,Automatic,103907,Jeep,5018,RX 450
3108,OPEL,1998,1.6,Petrol,Manual,161556,Universal,8154,Astra
3109,TOYOTA,2011,2.5,Petrol,Automatic,70836,Sedan,21636,Camry
3110,TOYOTA,2019,2.5,Hybrid,Automatic,5981,Sedan,3450,Camry
3111,BMW,2001,4.4,Petrol,Tiptronic,136702,Jeep,10000,"X5 4,4i"
3112,SUBARU,2014,2.0,Hybrid,Automatic,79310,Jeep,1098,XV
3113,TOYOTA,2015,2.5,Petrol,Automatic,107560,Sedan,1568,Camry
3114,MITSUBISHI,2010,0.7,Petrol,Automatic,47846,Jeep,9408,Pajero Mini
3115,TOYOTA,2015,1.5,Petrol,Automatic,19263,Hatchback,31424,Aqua
3116,TOYOTA,2014,1.5,Petrol,Automatic,98169,Hatchback,13764,Aqua
3117,TOYOTA,2009,2.5,Petrol,Automatic,80778,Sedan,12544,Camry
3118,MERCEDES-BENZ,2013,1.8,Petrol,Automatic,44117,Sedan,27911,C 250
3119,SSANGYONG,2016,1.6,Diesel,Automatic,58595,Jeep,32973,Actyon
3120,CHEVROLET,2013,2.0,Diesel,Automatic,116117,Sedan,14746,Cruze
3121,FORD,2013,2.0,Hybrid,Automatic,87613,Sedan,21012,Fusion
3122,BMW,2001,2.2,Petrol,Manual,124612,Sedan,8467,320 2.2
3123,RENAULT,1996,1.6,Petrol,Manual,105633,Coupe,2000,Megane 19
3124,MERCEDES-BENZ,2007,3.5,Petrol,Tiptronic,148135,Sedan,17562,E 350
3125,MERCEDES-BENZ,2010,3.5,Petrol,Tiptronic,47224,Sedan,39201,E 350 AMG
3126,MERCEDES-BENZ,1999,2.0,CNG,Manual,102526,Sedan,7840,E 200
3127,HYUNDAI,2011,2.0,Petrol,Automatic,100556,Sedan,13523,Sonata
3128,NISSAN,2016,1.6,Petrol,Automatic,113088,Jeep,2117,Juke
3129,HYUNDAI,2014,2.0,Petrol,Automatic,80433,Sedan,13172,Sonata
3130,MERCEDES-BENZ,2001,3.2,Petrol,Tiptronic,146022,Sedan,3763,S 320
3131,CHEVROLET,2018,1.4,Petrol,Automatic,7787,Sedan,16621,Cruze LS
3132,TOYOTA,2009,3.3,Hybrid,Automatic,156137,Jeep,7997,Highlander
3133,TOYOTA,2015,2.5,Hybrid,Variator,119925,Sedan,27911,Camry HYBRID
3134,HONDA,2015,1.5,Petrol,Automatic,96121,Universal,7828,FIT
3135,TOYOTA,2009,1.8,Hybrid,Variator,124274,Sedan,14740,Prius
3136,MERCEDES-BENZ,2008,3.5,LPG,Tiptronic,130488,Sedan,24462,E 350 4 Matic AMG Packag
3137,BMW,2004,4.4,Petrol,Tiptronic,75186,Coupe,15681,645 CI
3138,LEXUS,2011,1.8,Hybrid,Variator,73943,Hatchback,24775,CT 200h
3139,FORD,2013,2.0,Hybrid,Automatic,80778,Sedan,27284,Fusion
3140,HYUNDAI,2017,1.6,Petrol,Automatic,14047,Coupe,25032,Elantra
3141,CHEVROLET,2016,1.4,Petrol,Tiptronic,36040,Sedan,19757,Cruze LT
3142,HYUNDAI,2014,1.8,Petrol,Automatic,86270,Sedan,4391,Elantra
3143,HONDA,2006,1.8,CNG,Automatic,93206,Minivan,10349,Stream
3144,HYUNDAI,2013,2.0,Diesel,Automatic,114954,Jeep,33230,Santa FE
3145,FORD,2012,1.8,Diesel,Manual,14292,Goods wagon,15681,Transit Connect
3146,MERCEDES-BENZ,2011,3.5,Diesel,Automatic,115912,Jeep,2038,ML 350
3147,HYUNDAI,2012,2.5,Diesel,Automatic,38670,Minivan,18660,H1
3148,TOYOTA,2014,1.8,Hybrid,Variator,36661,Hatchback,20385,Prius
3149,TOYOTA,2013,2.5,Petrol,Tiptronic,51574,Jeep,29479,RAV 4
3150,LEXUS,2010,3.5,Hybrid,Automatic,115578,Jeep,13328,RX 450
3151,HYUNDAI,2011,2.5,Diesel,Automatic,111847,Universal,19657,H1
3152,HYUNDAI,2010,1.6,Petrol,Automatic,98009,Hatchback,10986,I30
3153,HONDA,2004,2.4,Petrol,Tiptronic,122410,Minivan,7213,Odyssey
3154,CHEVROLET,2015,1.4,Plug-in Hybrid,Automatic,40389,Hatchback,27911,Volt
3155,TOYOTA,2019,2.5,Petrol,Tiptronic,13919,Sedan,23521,Camry
3156,TOYOTA,2011,1.8,Hybrid,Automatic,124398,Hatchback,2979,Prius
3157,TOYOTA,2012,2.5,Hybrid,Automatic,97256,Sedan,3607,Camry
3158,CADILLAC,2019,2.0,Petrol,Automatic,13458,Sedan,4391,CTS
3159,MERCEDES-BENZ,2015,2.0,Petrol,Automatic,27962,Sedan,49237,C 300
3160,TOYOTA,2016,2.5,Petrol,Tiptronic,45160,Sedan,21012,Camry
3161,HYUNDAI,2018,2.0,Diesel,Automatic,38301,Jeep,56513,Santa FE
3162,TOYOTA,2009,2.4,Hybrid,Manual,186411,Sedan,17876,Camry
3163,HYUNDAI,2016,2.4,Petrol,Automatic,70694,Jeep,38260,Santa FE
3164,TOYOTA,2010,1.0,Petrol,Variator,59030,Hatchback,10349,Vitz
3165,HYUNDAI,2016,2.0,Diesel,Automatic,75247,Jeep,48048,Santa FE
3166,MITSUBISHI,2007,2.0,Petrol,Tiptronic,155094,Sedan,12544,Lancer
3167,MERCEDES-BENZ,2000,2.4,Petrol,Tiptronic,11806,Sedan,10036,E 220
3168,MERCEDES-BENZ,2007,2.2,Diesel,Manual,183926,Microbus,23204,Sprinter
3169,CHEVROLET,2015,2.0,Petrol,Automatic,17792,Jeep,21796,Orlando
3170,HYUNDAI,2012,1.6,Petrol,Automatic,67667,Sedan,20209,Elantra
3171,TOYOTA,2017,2.5,Petrol,Automatic,29391,Jeep,7056,RAV 4
3172,TOYOTA,2014,2.5,Hybrid,Automatic,68225,Sedan,5488,Camry
3173,HYUNDAI,2008,2.5,Diesel,Automatic,57542,Minivan,15681,H1
3174,HYUNDAI,2011,2.0,Diesel,Automatic,106466,Jeep,17054,Tucson
3175,KIA,2009,1.4,Petrol,Manual,91714,Sedan,10349,RIO
3176,HYUNDAI,2016,1.7,Diesel,Automatic,38669,Jeep,40224,Tucson
3177,TOYOTA,2014,1.8,Hybrid,Automatic,55923,Hatchback,23000,Prius
3178,TOYOTA,2008,2.2,Diesel,Manual,130488,Jeep,27911,RAV 4
3179,TOYOTA,2009,1.8,Hybrid,Automatic,86992,Hatchback,16308,Prius
3180,NISSAN,2001,2.5,CNG,Tiptronic,102526,Sedan,6115,Skyline
3181,MITSUBISHI,2001,2.0,CNG,Tiptronic,69041,Jeep,7527,Airtrek
3182,HONDA,2009,1.3,Hybrid,Variator,172990,Hatchback,10349,Insight
3183,TOYOTA,2013,1.8,Hybrid,Variator,60894,Sedan,20385,Prius
3184,NISSAN,2003,3.0,Petrol,Tiptronic,311,Sedan,3136,Skyline
3185,TOYOTA,2012,2.5,Hybrid,Automatic,48715,Sedan,26030,Camry LE
3186,BMW,2002,2.5,Petrol,Automatic,6904,Sedan,4200,525
3187,LEXUS,2016,4.6,Petrol,Automatic,28487,Sedan,25716,LS 460
3188,MERCEDES-BENZ,2012,3.0,Diesel,Automatic,106392,Sedan,9252,E 350
3189,HYUNDAI,2017,2.0,Diesel,Automatic,70648,Jeep,42717,Santa FE
3190,HYUNDAI,2014,2.0,Petrol,Automatic,92531,Coupe,31797,Genesis
3191,CHEVROLET,2007,2.0,Diesel,Automatic,41979,Jeep,7188,Captiva
3192,TOYOTA,2002,1.3,Petrol,Automatic,81400,Hatchback,8800,Ist
3193,HYUNDAI,2012,1.8,Petrol,Automatic,70588,Sedan,14426,Elantra
3194,CHEVROLET,2012,2.4,Petrol,Automatic,80778,Sedan,17346,Malibu
3195,BMW,2011,3.0,Petrol,Tiptronic,50331,Sedan,31988,530
3196,HONDA,2019,1.3,Petrol,Automatic,3728,Hatchback,12500,FIT
3197,MERCEDES-BENZ,2013,3.5,Petrol,Automatic,87489,Sedan,15681,E 350
3198,OPEL,2000,1.6,Petrol,Manual,173984,Goods wagon,4861,Astra g
3199,LAND ROVER,2013,3.0,Diesel,Tiptronic,83885,Jeep,62722,Discovery
3200,LEXUS,2012,1.8,Hybrid,Tiptronic,97555,Hatchback,31361,CT 200h F SPORT
3201,MERCEDES-BENZ,1996,2.0,CNG,Manual,144779,Sedan,6272,200
3202,TOYOTA,2015,1.5,Petrol,Automatic,28366,Hatchback,25456,Aqua
3203,SUZUKI,2000,2.5,Petrol,Automatic,113090,Jeep,10349,Grand Vitara
3204,HONDA,2002,1.5,Petrol,Variator,97555,Hatchback,6899,Civic
3205,CHEVROLET,2011,3.6,Petrol,Tiptronic,52692,Jeep,36065,Camaro
3206,HYUNDAI,2010,2.5,Diesel,Automatic,36529,Minivan,15847,H1
3207,HYUNDAI,2010,2.0,Diesel,Automatic,66719,Jeep,24709,Tucson
3208,HYUNDAI,2012,2.0,Diesel,Automatic,82627,Jeep,24267,Tucson
3209,NISSAN,2015,1.6,Petrol,Automatic,64224,Jeep,3607,Juke
3210,MERCEDES-BENZ,2011,3.5,Diesel,Automatic,74179,Sedan,16621,E 350
3211,TOYOTA,2017,2.5,Petrol,Tiptronic,19884,Sedan,32929,Camry
3212,HYUNDAI,2011,2.0,Diesel,Automatic,120500,Jeep,20005,Tucson
3213,TOYOTA,2012,1.5,Hybrid,Automatic,79535,Sedan,15053,Prius C
3214,MERCEDES-BENZ,1999,1.8,Petrol,Manual,133284,Sedan,10976,C 180
3215,RENAULT,2003,1.9,Diesel,Manual,43496,Hatchback,7213,Laguna
3216,TOYOTA,2014,2.5,Petrol,Tiptronic,73683,Sedan,16308,Camry
3217,HONDA,2004,1.3,Petrol,Variator,108740,Hatchback,7840,FIT
3218,HYUNDAI,2018,1.6,Petrol,Automatic,9110,Jeep,61521,Tucson
3219,SSANGYONG,2014,2.0,Diesel,Automatic,60708,Jeep,41811,REXTON
3220,HYUNDAI,2007,1.6,Petrol,Automatic,71172,Sedan,11704,Elantra
3221,HYUNDAI,2014,1.6,Petrol,Automatic,50242,Sedan,28241,Elantra
3222,HYUNDAI,2012,1.8,Petrol,Automatic,54461,Sedan,12388,Elantra Limited
3223,VOLKSWAGEN,2000,2.0,Petrol,Manual,128367,Sedan,3700,Jetta
3224,HYUNDAI,2011,2.0,Diesel,Automatic,93943,Jeep,26475,Tucson
3225,HYUNDAI,2010,2.2,Diesel,Automatic,115567,Jeep,19309,Santa FE
3226,BMW,2000,2.5,Petrol,Manual,124191,Sedan,6899,225
3227,CHEVROLET,2012,2.4,Petrol,Automatic,90948,Sedan,20237,Malibu
3228,KIA,2013,2.0,Petrol,Automatic,29349,Sedan,8634,Optima
3229,HYUNDAI,2017,2.0,Petrol,Tiptronic,37282,Sedan,24462,Elantra
3230,HONDA,2014,1.5,Petrol,Automatic,85749,Hatchback,13946,FIT
3231,FORD,2007,2.0,Diesel,Manual,134216,Universal,10976,S-max
3232,BMW,2003,2.5,Petrol,Tiptronic,118060,Sedan,9408,525 i
3233,TOYOTA,2016,2.5,Petrol,Tiptronic,9321,Sedan,37633,Camry SE
3234,FORD,2013,2.5,Petrol,Automatic,56341,Sedan,3920,Fusion
3235,CHEVROLET,2012,1.4,Petrol,Tiptronic,102526,Sedan,11604,Cruze
3236,LEXUS,2012,4.6,Petrol,Automatic,158702,Jeep,54568,GX 460
3237,HYUNDAI,2012,1.6,Petrol,Automatic,82283,Sedan,20005,Elantra
3238,AUDI,2013,2.0,Petrol,Automatic,108703,Sedan,2117,A4
3239,LEXUS,2008,3.3,Hybrid,Automatic,139578,Jeep,8154,RX 400
3240,HYUNDAI,2011,1.8,Petrol,Automatic,94448,Sedan,12544,Elantra
3241,TOYOTA,2010,1.8,Hybrid,Automatic,54845,Hatchback,18814,Prius
3242,TOYOTA,2014,2.5,Petrol,Automatic,6462,Sedan,25716,Camry
3243,MERCEDES-BENZ,2008,3.0,Diesel,Automatic,106831,Jeep,25089,GL 320 bluetec
3244,BMW,2015,4.4,Petrol,Automatic,89556,Jeep,9565,X5
3245,SSANGYONG,2011,2.0,Diesel,Automatic,124006,Jeep,20005,Korando
3246,AUDI,2016,3.0,Petrol,Automatic,43982,Jeep,25089,100
3247,NISSAN,2016,3.5,Petrol,Automatic,23861,Minivan,47042,Quest 2016
3248,TOYOTA,2013,1.5,Hybrid,Automatic,112468,Hatchback,18503,Prius C
3249,CHEVROLET,2009,1.6,Petrol,Automatic,93014,Sedan,5175,Cruze
3250,CHEVROLET,2007,2.0,Diesel,Automatic,39493,Jeep,8311,Captiva
3251,HONDA,2017,1.5,Petrol,Automatic,12519,Sedan,60000,Civic
3252,BMW,2012,3.0,Diesel,Automatic,44114,Jeep,34811,X5
3253,HONDA,2010,1.3,Hybrid,Automatic,107497,Sedan,12544,Insight
3254,OPEL,2009,1.9,Diesel,Tiptronic,99419,Goods wagon,14113,Astra H
3255,HYUNDAI,2012,3.0,Petrol,Automatic,85274,Sedan,15524,Grandeur
3256,KIA,2014,2.4,Hybrid,Tiptronic,50331,Sedan,22894,Optima
3257,TOYOTA,2016,2.5,Petrol,Automatic,98054,Sedan,26343,Camry
3258,HYUNDAI,2016,2.0,Diesel,Automatic,80398,Jeep,43394,Santa FE
3259,TOYOTA,2018,2.5,Hybrid,Automatic,21784,Sedan,18817,Camry
3260,TOYOTA,2013,2.5,Hybrid,Automatic,67729,Sedan,27284,Avalon LIMITED
3261,HYUNDAI,2014,1.6,Petrol,Automatic,63380,Sedan,25889,Elantra
3262,HYUNDAI,2016,1.6,LPG,Automatic,30489,Sedan,17227,Elantra
3263,TOYOTA,2014,2.5,Petrol,Tiptronic,82642,Sedan,22580,Camry LE
3264,HYUNDAI,2012,2.0,Diesel,Automatic,111487,Jeep,25810,Santa FE
3265,TOYOTA,2018,2.5,Hybrid,Automatic,21784,Sedan,18817,Camry
3266,TOYOTA,2017,2.5,Petrol,Automatic,79255,Sedan,3136,Camry
3267,SSANGYONG,2017,1.6,Diesel,Automatic,45313,Jeep,39458,Actyon
3268,LEXUS,2015,3.5,Petrol,Automatic,44701,Jeep,3293,RX 350
3269,TOYOTA,2012,2.5,Petrol,Automatic,80778,Sedan,18817,Camry
3270,LEXUS,2016,2.0,Petrol,Automatic,30585,Coupe,1254,RC F
3271,SSANGYONG,2013,2.0,Diesel,Automatic,103976,Jeep,24625,REXTON
3272,HYUNDAI,2016,2.0,Diesel,Automatic,74565,Jeep,39603,Santa FE
3273,FORD,2009,2.5,Hybrid,Automatic,169013,Jeep,20385,Escape
3274,TOYOTA,2006,1.5,Hybrid,Automatic,137944,Hatchback,11917,Prius
3275,TOYOTA,2012,3.5,Hybrid,Automatic,42378,Jeep,45473,Highlander
3276,HYUNDAI,2014,2.5,Diesel,Automatic,66787,Minivan,32744,H1
3277,CHEVROLET,2009,1.6,Petrol,Automatic,23869,Sedan,6595,Cruze
3278,HYUNDAI,2010,1.6,Petrol,Automatic,75349,Sedan,15866,Elantra
3279,BMW,2012,3.0,Petrol,Tiptronic,91342,Jeep,37633,X3
3280,MERCEDES-BENZ,2003,3.7,CNG,Tiptronic,199833,Jeep,12231,ML 350
3281,LEXUS,2011,3.5,Petrol,Automatic,77052,Jeep,1411,RX 350
3282,SSANGYONG,2016,2.2,Diesel,Automatic,63421,Jeep,46809,REXTON
3283,TOYOTA,2012,1.5,Hybrid,Automatic,71458,Hatchback,14113,Aqua
3284,FORD,2013,1.6,Petrol,Automatic,117315,Sedan,14897,Fusion
3285,HYUNDAI,2011,2.0,Petrol,Automatic,101516,Sedan,15257,Sonata
3286,TOYOTA,2010,2.5,Petrol,Tiptronic,68351,Sedan,13485,Camry
3287,MERCEDES-BENZ,2001,1.9,LPG,Tiptronic,124274,Hatchback,7527,A 190
3288,VOLKSWAGEN,2014,1.8,Petrol,Manual,69594,Sedan,14113,Jetta
3289,BMW,2014,2.0,Petrol,Tiptronic,60876,Sedan,25089,320 2.0
3290,BMW,2013,2.0,Diesel,Tiptronic,99419,Sedan,29793,328 DIZEL
3291,MERCEDES-BENZ,2015,2.0,Petrol,Tiptronic,36661,Sedan,40456,CLA 250
3292,CHEVROLET,2019,1.5,Petrol,Automatic,3184,Jeep,22580,Equinox LT
3293,HYUNDAI,2013,2.0,Petrol,Automatic,101009,Sedan,12777,Sonata
3294,NISSAN,2019,2.5,Petrol,Automatic,18825,Sedan,21326,Altima
3295,HYUNDAI,2014,2.4,Hybrid,Tiptronic,6835,Sedan,17876,Sonata
3296,HYUNDAI,2014,1.8,Petrol,Automatic,66583,Sedan,1725,Elantra
3297,VOLKSWAGEN,2012,2.5,Petrol,Tiptronic,51983,Sedan,13172,Jetta
3298,HYUNDAI,2010,2.0,Petrol,Automatic,92962,Sedan,15718,Sonata
3299,TOYOTA,2018,2.5,Petrol,Tiptronic,11806,Sedan,32929,Camry
3300,CHEVROLET,2014,2.0,Diesel,Automatic,83216,Sedan,21987,Malibu
3301,HYUNDAI,2016,2.0,Diesel,Automatic,70877,Jeep,41720,Santa FE
3302,SSANGYONG,2017,1.6,Diesel,Automatic,16819,Jeep,24148,Actyon
3303,MERCEDES-BENZ,2000,2.0,Petrol,Manual,166268,Coupe,8467,CLK 200
3304,VAZ,2008,1.7,Petrol,Manual,23725,Jeep,7840,2121 (Niva)
3305,VOLKSWAGEN,2012,2.5,Petrol,Manual,74565,Sedan,12544,Jetta
3306,FORD,2000,2.5,Diesel,Manual,2198,Microbus,5018,Transit
3307,BMW,1998,2.5,Petrol,Manual,136702,Sedan,7840,525
3308,TOYOTA,2013,1.8,Hybrid,Tiptronic,75186,Hatchback,18817,Prius
3309,VOLKSWAGEN,2010,2.5,Diesel,Manual,133595,Microbus,20000,Crafter
3310,OPEL,2008,1.7,Diesel,Manual,147933,Universal,7700,Astra
3311,HYUNDAI,2012,1.8,Petrol,Tiptronic,54370,Sedan,17249,Elantra limited
3312,KIA,2014,2.4,Petrol,Tiptronic,29204,Sedan,22580,Optima
3313,HYUNDAI,2014,2.0,LPG,Automatic,166556,Sedan,10036,Sonata
3314,TOYOTA,2012,1.8,Hybrid,Automatic,115575,Hatchback,18189,Prius
3315,HONDA,2007,1.3,Petrol,Variator,111847,Hatchback,10349,FIT fit
3316,HONDA,2019,1.3,Petrol,Automatic,2361,Hatchback,20000,FIT
3317,JEEP,2011,2.4,Petrol,Automatic,39501,Jeep,29087,Compass
3318,HYUNDAI,2015,1.7,Diesel,Automatic,173534,Jeep,27174,Tucson
3319,LEXUS,2012,4.6,Petrol,Automatic,142501,Jeep,52059,GX 460
3320,MAZDA,2007,1.5,Petrol,Manual,102526,Hatchback,7527,Demio
3321,HYUNDAI,2010,2.0,Diesel,Automatic,106352,Jeep,20883,Tucson
3322,HYUNDAI,2016,1.6,Petrol,Automatic,49613,Sedan,25299,Elantra
3323,KIA,2010,2.0,Diesel,Automatic,110604,Jeep,23521,Sorento
3324,MITSUBISHI,2006,1.3,Petrol,Variator,69594,Hatchback,4300,Colt
3325,SSANGYONG,2016,1.6,Diesel,Automatic,40290,Jeep,43868,Actyon
3326,MERCEDES-BENZ,2005,3.5,LPG,Tiptronic,173363,Sedan,14426,E 350
3327,HYUNDAI,2013,2.4,Hybrid,Automatic,134345,Sedan,1176,Sonata
3328,SSANGYONG,2010,2.0,Diesel,Automatic,73404,Jeep,18826,Actyon
3329,CHEVROLET,2012,1.4,Plug-in Hybrid,Automatic,147265,Hatchback,23521,Volt
3330,CHEVROLET,2012,1.0,Petrol,Automatic,24778,Sedan,7370,Spark
3331,TOYOTA,1997,2.0,Petrol,Automatic,49710,Jeep,5331,RAV 4
3332,OPEL,1998,1.8,CNG,Manual,149129,Goods wagon,7840,Astra
3333,VOLKSWAGEN,2015,1.8,Petrol,Automatic,56609,Sedan,13485,Passat SE
3334,FORD,2013,2.0,Petrol,Automatic,91963,Hatchback,13485,Focus
3335,HYUNDAI,2012,2.0,LPG,Automatic,22708,Sedan,8311,Sonata
3336,LEXUS,2010,4.6,Petrol,Automatic,162036,Jeep,46728,GX 460
3337,SSANGYONG,2008,2.5,Diesel,Automatic,40053,Jeep,8467,REXTON
3338,HYUNDAI,2014,1.8,Petrol,Tiptronic,32933,Sedan,18817,Elantra
3339,HYUNDAI,2010,2.5,Diesel,Automatic,39457,Microbus,35124,H1
3340,BMW,2004,3.0,Petrol,Tiptronic,124274,Sedan,15053,530
3341,MITSUBISHI,2015,2.5,Diesel,Manual,47224,Pickup,48610,L 200
3342,TOYOTA,2013,1.5,Hybrid,Variator,90099,Hatchback,10349,Prius C
3343,SCION,2006,1.5,Petrol,Automatic,73322,Hatchback,11917,iA isti
3344,HYUNDAI,2010,2.5,Diesel,Automatic,30534,Minivan,15367,H1
3345,HYUNDAI,2013,1.8,Petrol,Automatic,129000,Jeep,9408,Elantra
3346,HYUNDAI,2013,1.8,Petrol,Tiptronic,42875,Sedan,11290,Elantra GLS / LIMITED
3347,MAZDA,2008,1.6,Diesel,Manual,114954,Hatchback,8467,Mazda 3
3348,TOYOTA,2012,3.5,Petrol,Tiptronic,94870,Sedan,20385,Camry
3349,TOYOTA,2006,2.7,Petrol,Automatic,130488,Jeep,34500,Land Cruiser Prado
3350,TOYOTA,2012,3.5,Petrol,Automatic,87592,Jeep,23521,Highlander
3351,HYUNDAI,2013,1.6,Petrol,Automatic,101283,Sedan,19121,Elantra
3352,BMW,2001,2.0,Petrol,Manual,116818,Coupe,9095,320 320
3353,TOYOTA,2013,2.5,Hybrid,Automatic,82021,Sedan,31361,Avalon limited
3354,LEXUS,2002,3.0,Petrol,Automatic,124896,Jeep,11917,RX 300
3355,KIA,2012,2.0,Petrol,Tiptronic,96313,Sedan,21012,Optima X
3356,HYUNDAI,2010,1.6,Petrol,Automatic,32308,Sedan,16571,Elantra
3357,VOLKSWAGEN,2012,2.0,Diesel,Tiptronic,83264,Sedan,16308,Passat
3358,MERCEDES-BENZ,2007,1.7,Petrol,Automatic,99419,Hatchback,13485,B 170
3359,LEXUS,2011,1.8,Hybrid,Automatic,75995,Hatchback,6586,CT 200h
3360,HONDA,2014,1.5,Hybrid,Variator,65865,Hatchback,10663,FIT
3361,TOYOTA,2014,1.8,Hybrid,Automatic,211086,Jeep,14113,Prius
3362,TOYOTA,2009,1.5,Hybrid,Automatic,88499,Sedan,1882,Prius
3363,LEXUS,2012,1.8,Hybrid,Automatic,108184,Hatchback,1490,CT 200h
3364,KIA,2015,1.8,Petrol,Tiptronic,74565,Sedan,17249,Forte
3365,CHEVROLET,2018,1.4,Petrol,Tiptronic,13049,Hatchback,28100,Cruze
3366,MERCEDES-BENZ,2007,2.5,Petrol,Automatic,162799,Sedan,16621,C 230
3367,HYUNDAI,2013,2.0,LPG,Automatic,66285,Sedan,8938,Sonata
3368,DODGE,2009,2.0,LPG,Variator,83574,Jeep,11604,Caliber
3369,HYUNDAI,2012,3.8,Petrol,Automatic,58443,Sedan,17249,Genesis
3370,FORD,2009,1.8,Diesel,Manual,142915,Goods wagon,9722,Transit Connect
3371,HONDA,2013,1.5,Petrol,Automatic,25476,Hatchback,9095,FIT
3372,TOYOTA,2019,2.0,Petrol,Automatic,15101,Jeep,13172,CHR
3373,FORD,2012,2.0,Petrol,Automatic,84506,Sedan,9408,Focus
3374,HONDA,2011,2.4,Petrol,Automatic,97555,Minivan,15681,Elysion
3375,BMW,2000,4.4,Petrol,Tiptronic,112065,Jeep,14113,X5
3376,KIA,2012,2.4,Petrol,Automatic,24919,Sedan,14113,Cadenza
3377,HYUNDAI,2016,2.0,Diesel,Automatic,30729,Jeep,54458,Santa FE
3378,MERCEDES-BENZ,1999,0.6,Petrol,Tiptronic,88235,Sedan,4704,Smart
3379,FORD,2015,2.0,Petrol,Tiptronic,72653,Sedan,8467,Focus
3380,TOYOTA,2016,2.5,Hybrid,Automatic,41898,Sedan,12388,Camry
3381,HYUNDAI,2017,2.0,Petrol,Tiptronic,65617,Sedan,18817,Elantra
3382,MERCEDES-BENZ,2000,3.2,CNG,Automatic,161556,Sedan,10976,C 320
3383,TOYOTA,2013,1.5,Hybrid,Variator,47846,Hatchback,13485,Prius C
3384,VOLKSWAGEN,2004,2.0,Petrol,Tiptronic,109361,Minivan,11604,Touran
3385,BMW,2010,3.0,Diesel,Tiptronic,87738,Jeep,20071,X5
3386,LEXUS,2015,4.6,Petrol,Automatic,66436,Jeep,47042,GX 470
3387,AUDI,2018,3.0,Petrol,Automatic,30523,Jeep,37947,Q7
3388,HYUNDAI,2014,2.5,Diesel,Automatic,72990,Minivan,34673,H1
3389,HYUNDAI,2016,1.6,Diesel,Automatic,23242,Sedan,19736,Elantra
3390,CHEVROLET,2011,1.4,Petrol,Automatic,82021,Sedan,15681,Cruze
3391,MERCEDES-BENZ,2010,3.5,Petrol,Automatic,127983,Sedan,1646,E 350
3392,OPEL,1998,2.0,Petrol,Manual,132352,Sedan,4704,Omega B
3393,KIA,2015,2.4,Petrol,Tiptronic,41073,Sedan,17876,Optima
3394,MITSUBISHI,2002,2.0,Petrol,Tiptronic,96313,Universal,7840,Airtrek
3395,TOYOTA,2014,1.5,Hybrid,Automatic,41010,Hatchback,17562,Prius C
3396,CHEVROLET,2015,1.8,Petrol,Automatic,32111,Sedan,16559,Cruze
3397,HYUNDAI,2017,2.0,Petrol,Automatic,40799,Sedan,47989,Sonata
3398,TOYOTA,2006,1.3,Petrol,Variator,118060,Hatchback,8624,Vitz
3399,HYUNDAI,2013,2.0,Diesel,Automatic,26719,Jeep,45376,Santa FE
3400,OPEL,2003,1.2,Petrol,Manual,145595,Hatchback,6800,Corsa Corsa
3401,HYUNDAI,2018,2.4,Petrol,Automatic,41734,Sedan,4077,Sonata
3402,TOYOTA,2012,2.4,Petrol,Tiptronic,70215,Sedan,21326,Camry
3403,HYUNDAI,2010,1.6,Petrol,Automatic,80135,Sedan,12585,Elantra
3404,TOYOTA,2008,3.3,Hybrid,Automatic,207795,Sedan,12544,Highlander
3405,FORD,2010,2.2,Diesel,Manual,118060,Goods wagon,15994,Transit
3406,NISSAN,2006,2.0,Petrol,Automatic,61109,Jeep,14426,X-Trail
3407,TOYOTA,2010,1.8,Hybrid,Automatic,60273,Sedan,14500,Prius
3408,BMW,2011,3.0,Petrol,Tiptronic,69594,Sedan,32929,530
3409,TOYOTA,2018,1.5,Hybrid,Automatic,21772,Universal,41867,Aqua
3410,OPEL,2004,2.2,Diesel,Automatic,193868,Universal,5000,Vectra C
3411,HYUNDAI,2015,1.6,Diesel,Automatic,60510,Sedan,15612,Accent
3412,BMW,2012,3.0,Diesel,Automatic,64286,Jeep,8154,X5
3413,JEEP,2009,2.8,Diesel,Automatic,121211,Jeep,43360,Wrangler
3414,MERCEDES-BENZ,2016,2.0,Diesel,Automatic,78914,Sedan,42337,E 220 cdi
3415,TOYOTA,2014,2.5,Petrol,Automatic,33125,Sedan,8938,Camry
3416,MINI,2013,1.6,Petrol,Tiptronic,54681,Jeep,31361,Countryman s
3417,HYUNDAI,2016,1.6,Petrol,Automatic,49349,Sedan,25889,Elantra
3418,LEXUS,2015,4.6,Petrol,Automatic,66436,Jeep,47042,GX 470
3419,KIA,2015,2.4,Petrol,Tiptronic,37282,Sedan,21012,Optima
3420,HYUNDAI,2015,2.0,Petrol,Automatic,57788,Coupe,38737,Genesis
3421,CHEVROLET,2013,2.0,Diesel,Automatic,29031,Sedan,9252,Cruze
3422,KIA,2014,2.0,Petrol,Automatic,40623,Sedan,14113,Optima
3423,BMW,2013,2.0,Petrol,Tiptronic,90099,Sedan,28852,328
3424,VOLKSWAGEN,2002,1.8,Petrol,Automatic,123653,Hatchback,2200,Golf 4
3425,HONDA,2010,1.5,Petrol,Automatic,68351,Hatchback,15367,FIT
3426,TOYOTA,2012,1.5,Hybrid,Automatic,91775,Hatchback,12231,Prius C
3427,HYUNDAI,2010,2.5,Diesel,Automatic,77578,Minivan,14081,H1
3428,FORD,2015,1.5,Petrol,Automatic,63694,Sedan,21953,Fusion
3429,SSANGYONG,2010,2.0,Diesel,Automatic,74988,Sedan,14686,Actyon
3430,TOYOTA,2012,1.5,Hybrid,Automatic,59030,Hatchback,15053,Prius C
3431,HYUNDAI,2010,2.0,Diesel,Automatic,120228,Jeep,21357,Santa FE
3432,HYUNDAI,2012,1.6,Petrol,Automatic,67134,Sedan,18826,Elantra
3433,MERCEDES-BENZ,2011,3.0,Diesel,Tiptronic,64001,Jeep,51432,GL 350
3434,HYUNDAI,2014,1.6,Petrol,Tiptronic,37282,Sedan,23834,Elantra
3435,HYUNDAI,2016,2.5,Diesel,Automatic,73117,Universal,49459,H1
3436,TOYOTA,2018,2.5,Hybrid,Automatic,79234,Sedan,9722,Camry
3437,TOYOTA,2018,1.5,Petrol,Automatic,1243,Hatchback,42538,Aqua
3438,HYUNDAI,2014,2.0,Diesel,Automatic,101577,Jeep,40983,Santa FE
3439,HYUNDAI,2010,1.6,Petrol,Automatic,32571,Sedan,18240,Elantra
3440,TOYOTA,2010,3.3,Hybrid,Automatic,140553,Sedan,1725,Highlander
3441,FORD,2013,2.0,Hybrid,Tiptronic,84123,Hatchback,11133,C-MAX
3442,HYUNDAI,2013,2.4,Petrol,Tiptronic,80778,Sedan,18660,Sonata
3443,CHEVROLET,2015,1.4,Plug-in Hybrid,Tiptronic,59715,Sedan,19287,Volt
3444,MERCEDES-BENZ,2017,3.5,Petrol,Automatic,24739,Jeep,4077,GLE 350
3445,HYUNDAI,2012,2.0,Diesel,Automatic,71714,Jeep,30828,Santa FE
3446,HONDA,2010,1.3,Hybrid,Variator,126263,Hatchback,14113,Insight
3447,KIA,2014,2.0,Petrol,Automatic,33624,Sedan,11259,Optima
3448,HYUNDAI,2017,2.4,Petrol,Automatic,48322,Sedan,6586,Santa FE
3449,HYUNDAI,2016,2.0,Petrol,Automatic,44236,Sedan,18817,Elantra
3450,HYUNDAI,2018,2.4,Petrol,Automatic,27489,Sedan,11290,Santa FE
3451,TOYOTA,2012,1.8,Plug-in Hybrid,Variator,84009,Hatchback,25716,Prius
3452,HYUNDAI,2016,2.0,Diesel,Automatic,50145,Jeep,35071,Tucson
3453,HYUNDAI,2013,2.0,LPG,Automatic,32933,Sedan,7683,Sonata
3454,MERCEDES-BENZ,2000,3.2,Petrol,Tiptronic,102153,Sedan,9722,E 320
3455,MERCEDES-BENZ,2017,3.0,Petrol,Automatic,32202,Jeep,37947,GLE 350
3456,MITSUBISHI,2011,2.0,Petrol,Tiptronic,129245,Jeep,20385,Outlander
3457,TOYOTA,2010,2.4,Hybrid,Automatic,127257,Sedan,13900,Camry XLE
3458,HYUNDAI,2017,2.5,Diesel,Automatic,62696,Universal,38016,H1
3459,TOYOTA,2014,2.5,Hybrid,Automatic,111462,Sedan,11133,Camry
3460,MAZDA,2004,1.3,Petrol,Automatic,83574,Sedan,6586,Demio 12
3461,HYUNDAI,2016,1.6,Petrol,Tiptronic,59652,Jeep,51746,Tucson TURBO
3462,VOLKSWAGEN,2014,2.0,Diesel,Automatic,48062,Sedan,5018,Passat
3463,FORD,2013,2.5,Petrol,Variator,99419,Sedan,15053,Fusion
3464,BMW,2012,3.0,Petrol,Tiptronic,99419,Sedan,24148,535 comfort-sport
3465,FIAT,2015,1.4,Petrol,Tiptronic,46727,Coupe,11917,500 46 ml
3466,TOYOTA,2012,1.5,Hybrid,Automatic,94448,Hatchback,17876,Prius C
3467,TOYOTA,2013,1.5,Petrol,Automatic,45943,Hatchback,27375,Aqua
3468,TOYOTA,2005,2.0,Petrol,Automatic,60894,Minivan,3500,Wish
3469,MERCEDES-BENZ,2011,3.0,Diesel,Automatic,169750,Sedan,7997,E 350
3470,TOYOTA,2008,1.5,Hybrid,Variator,1678,Sedan,12544,Prius
3471,MERCEDES-BENZ,2012,3.5,Petrol,Automatic,115353,Coupe,5331,E 350
3472,HYUNDAI,2013,1.8,Petrol,Tiptronic,78293,Sedan,8467,Elantra
3473,HONDA,2017,1.5,Petrol,Automatic,26497,Hatchback,23659,FIT
3474,HYUNDAI,2011,1.6,Petrol,Automatic,99035,Sedan,19416,Elantra
3475,SSANGYONG,2013,2.0,Diesel,Automatic,60295,Jeep,35309,REXTON
3476,NISSAN,2006,1.5,Petrol,Automatic,80157,Hatchback,8467,Tiida
3477,AUDI,2013,3.0,Petrol,Automatic,187472,Hatchback,6429,A7
3478,MERCEDES-BENZ,2011,3.5,Diesel,Automatic,82412,Sedan,1725,E 350
3479,HYUNDAI,2014,2.5,Diesel,Automatic,95787,Minivan,32910,H1
3480,CHEVROLET,2010,1.6,Petrol,Automatic,83020,Sedan,11992,Lacetti
3481,TOYOTA,2005,1.5,LPG,Variator,119029,Hatchback,7840,Vitz RS
3482,OPEL,2011,1.3,Diesel,Manual,59030,Goods wagon,9408,Combo
3483,TOYOTA,2014,1.5,Hybrid,Automatic,66487,Hatchback,13956,Prius C
3484,HYUNDAI,2016,2.5,Diesel,Automatic,104472,Universal,34692,H1
3485,FIAT,2013,1.4,Petrol,Tiptronic,50371,Coupe,16308,500 Lounge
3486,VOLKSWAGEN,2013,2.5,Petrol,Tiptronic,90472,Sedan,10976,Passat
3487,MERCEDES-BENZ,2009,3.5,Diesel,Automatic,170310,Jeep,6272,ML 350
3488,TOYOTA,2015,1.8,Petrol,Manual,48467,Hatchback,20385,Corolla IM
3489,CHEVROLET,2014,1.4,Hybrid,Automatic,86054,Hatchback,3763,Volt
3490,CHEVROLET,2011,2.0,Diesel,Automatic,125778,Sedan,10986,Cruze
3491,TOYOTA,2017,2.7,Petrol,Automatic,58572,Jeep,49237,Tacoma
3492,VOLVO,2010,3.2,Petrol,Tiptronic,63380,Jeep,21012,XC90
3493,BMW,2007,3.0,Petrol,Tiptronic,131731,Sedan,17249,530
3494,HYUNDAI,2014,2.0,LPG,Automatic,105027,Sedan,14426,Sonata
3495,JEEP,2013,2.4,Petrol,Automatic,63199,Jeep,27422,Compass
3496,HONDA,2004,1.3,Petrol,Variator,142294,Hatchback,8154,FIT
3497,TOYOTA,2010,1.8,Hybrid,Automatic,11806,Hatchback,17562,Prius
3498,TOYOTA,2019,3.5,Petrol,Automatic,11530,Sedan,26971,Tacoma
3499,TOYOTA,2009,1.8,LPG,Automatic,78914,Sedan,18817,Corolla
3500,HYUNDAI,2011,1.6,Petrol,Automatic,74565,Sedan,15612,Elantra
3501,OPEL,2008,1.2,LPG,Manual,146644,Hatchback,9408,Agila
3502,TOYOTA,2017,4.6,Petrol,Automatic,118604,Sedan,6429,Tundra
3503,TOYOTA,2016,1.5,Hybrid,Automatic,6468,Universal,40346,Aqua
3504,SSANGYONG,2011,2.0,Diesel,Automatic,71521,Jeep,22843,Korando
3505,BMW,2005,3.0,Petrol,Tiptronic,96874,Jeep,16935,X3
3506,HONDA,1997,2.0,Petrol,Automatic,1225,Jeep,5331,Cr-v
3507,HYUNDAI,2010,2.5,Diesel,Automatic,83879,Minivan,12522,H1
3508,HONDA,2011,3.5,Petrol,Tiptronic,53438,Minivan,23207,Odyssey
3509,HYUNDAI,2019,1.6,Hybrid,Automatic,18299,Hatchback,3763,Ioniq
3510,BMW,2001,2.5,LPG,Automatic,86992,Sedan,11290,525 525
3511,TOYOTA,2008,1.5,Hybrid,Automatic,180943,Hatchback,13485,Prius
3512,HONDA,2012,1.3,Hybrid,Automatic,91342,Sedan,12858,FIT
3513,KIA,2017,2.4,Petrol,Tiptronic,10563,Sedan,39201,Optima Hybrid
3514,HYUNDAI,2016,2.0,Diesel,Automatic,82987,Jeep,46236,Santa FE
3515,HYUNDAI,2012,2.4,Petrol,Tiptronic,50952,Sedan,13485,Sonata
3516,TOYOTA,2015,3.5,Petrol,Automatic,57103,Jeep,11133,Highlander
3517,TOYOTA,2016,2.5,Petrol,Automatic,76429,Sedan,23521,Camry
3518,JEEP,2003,4.0,Petrol,Automatic,100414,Jeep,10976,Grand Cherokee
3519,HONDA,2014,1.3,Petrol,Automatic,16829,Hatchback,28078,FIT
3520,HONDA,2014,1.5,Petrol,Manual,49710,Hatchback,11447,FIT
3521,CHEVROLET,2015,1.0,Petrol,Automatic,24378,Sedan,9722,Spark
3522,TOYOTA,2014,1.5,Hybrid,Variator,36102,Hatchback,18189,Prius C
3523,TOYOTA,2013,1.8,Hybrid,Variator,96934,Sedan,13172,Prius
3524,HYUNDAI,2014,2.0,LPG,Automatic,158937,Sedan,10036,Sonata
3525,SUBARU,2014,2.0,Hybrid,Automatic,31281,Hatchback,26814,Crosstrek
3526,SSANGYONG,2007,2.7,Diesel,Automatic,47299,Jeep,5645,REXTON
3527,VOLKSWAGEN,2012,2.5,Petrol,Automatic,48467,Sedan,12231,Jetta
3528,TOYOTA,2011,1.0,Petrol,Variator,111225,Hatchback,9000,Vitz
3529,JAGUAR,2008,4.2,Petrol,Tiptronic,70588,Sedan,26030,XF
3530,HYUNDAI,2011,2.0,Petrol,Automatic,96391,Sedan,15132,Sonata
3531,TOYOTA,2000,3.4,LPG,Automatic,93206,Jeep,24148,Land Cruiser Prado
3532,HONDA,2008,1.5,Petrol,Automatic,96934,Sedan,10976,FIT
3533,FORD,2011,2.5,Hybrid,Automatic,104991,Jeep,3607,Escape
3534,MERCEDES-BENZ,2011,3.0,Diesel,Tiptronic,77671,Minivan,41710,R 350 BLUETEC
3535,TOYOTA,2014,2.5,Petrol,Automatic,34679,Sedan,6272,Camry
3536,TOYOTA,2011,1.8,Hybrid,Automatic,9321,Sedan,17876,Prius
3537,TOYOTA,2006,1.5,Hybrid,Automatic,1988,Sedan,11917,Prius
3538,KIA,2013,1.0,Petrol,Automatic,19441,Sedan,10036,Picanto
3539,MITSUBISHI,2002,3.0,CNG,Tiptronic,108119,Jeep,11917,Pajero
3540,HYUNDAI,2015,2.5,Diesel,Automatic,22036,Minivan,30455,H1
3541,OPEL,1999,1.6,CNG,Automatic,124274,Hatchback,6272,Astra
3542,SSANGYONG,2010,2.0,Diesel,Automatic,131323,Jeep,11011,Actyon
3543,HONDA,2004,3.0,LPG,Automatic,102749,Minivan,12540,Elysion
3544,TOYOTA,2010,1.8,Hybrid,Automatic,111847,Sedan,12544,Camry
3545,VOLKSWAGEN,2000,1.6,Petrol,Manual,121167,Hatchback,7840,Golf 4
3546,KIA,2016,1.2,Petrol,Manual,105633,Hatchback,14426,RIO
3547,TOYOTA,2012,1.5,Petrol,Automatic,98177,Hatchback,14269,Aqua
3548,CHEVROLET,2012,1.4,Petrol,Automatic,75186,Sedan,12544,Cruze sonic
3549,CHEVROLET,2005,1.8,Petrol,Manual,78914,Goods wagon,4861,Nubira
3550,HYUNDAI,2016,2.0,Petrol,Automatic,55766,Sedan,2430,Elantra
3551,HYUNDAI,2017,2.5,Diesel,Automatic,27463,Universal,51517,H1
3552,BMW,2011,3.0,Petrol,Tiptronic,90099,Jeep,30420,X5
3553,KIA,2016,1.7,Diesel,Automatic,18683,Sedan,32772,Optima
3554,HONDA,2016,2.0,Petrol,Automatic,48605,Sedan,5645,Civic
3555,FORD,2015,2.0,Petrol,Tiptronic,63380,Sedan,15681,Focus TITANIUM
3556,TOYOTA,2005,1.5,Petrol,Automatic,83885,Sedan,8467,Vitz
3557,PORSCHE,2012,3.6,Petrol,Tiptronic,61640,Jeep,58959,Cayenne
3558,HYUNDAI,2018,1.6,Petrol,Automatic,33474,Sedan,33575,Elantra
3559,HYUNDAI,2014,3.3,Petrol,Automatic,102747,Jeep,5645,Santa FE
3560,HYUNDAI,2007,1.6,Petrol,Automatic,73179,Sedan,11368,Elantra
3561,OPEL,1998,1.6,Petrol,Manual,172458,Sedan,5018,Vectra
3562,NISSAN,2017,2.5,Petrol,Automatic,44060,Sedan,4077,Altima
3563,ACURA,2010,3.7,Petrol,Automatic,174009,Sedan,1176,TL
3564,DAEWOO,2009,1.6,Petrol,Automatic,69769,Sedan,5488,Lacetti
3565,CHEVROLET,2011,1.0,Petrol,Automatic,24109,Sedan,7213,Matiz
3566,MAZDA,2015,1.5,Petrol,Automatic,24233,Hatchback,15000,Axela
3567,FIAT,2013,1.4,Petrol,Manual,69594,Sedan,11917,500
3568,TOYOTA,2012,2.5,Petrol,Tiptronic,55302,Sedan,23521,Camry
3569,BMW,2009,3.0,Petrol,Tiptronic,105633,Jeep,21012,X5 3.0
3570,CHEVROLET,2014,2.0,Diesel,Automatic,33261,Jeep,37611,Captiva
3571,TOYOTA,2013,1.8,Hybrid,Tiptronic,111847,Sedan,15681,Prius
3572,VOLKSWAGEN,2001,1.9,Diesel,Manual,124274,Sedan,7213,Golf
3573,FORD,2013,2.0,Hybrid,Automatic,199183,Sedan,4077,Fusion
3574,MERCEDES-BENZ,2013,1.8,Petrol,Automatic,97230,Sedan,1019,C 250
3575,CHEVROLET,2010,1.8,Petrol,Automatic,73865,Sedan,9512,Lacetti
3576,VOLKSWAGEN,2014,2.0,Petrol,Automatic,55136,Sedan,6429,Scirocco
3577,HYUNDAI,2010,2.0,Diesel,Automatic,32931,Jeep,14897,Tucson
3578,HYUNDAI,2010,2.0,Petrol,Automatic,111702,Sedan,16443,Sonata
3579,MERCEDES-BENZ,2000,3.2,Petrol,Automatic,15845,Sedan,13485,320
3580,SUZUKI,2011,1.2,Petrol,Automatic,60894,Hatchback,8500,Swift
3581,TOYOTA,2010,1.8,Hybrid,Automatic,143539,Sedan,12388,Prius
3582,HYUNDAI,2011,2.0,Petrol,Automatic,69834,Coupe,15991,Genesis
3583,HYUNDAI,2013,1.6,Petrol,Automatic,29880,Sedan,25591,Elantra
3584,MERCEDES-BENZ,2001,0.6,Petrol,Tiptronic,78293,Coupe,6272,Smart
3585,NISSAN,2011,1.2,Petrol,Automatic,36040,Hatchback,6700,March
3586,HYUNDAI,2014,1.8,Petrol,Automatic,54681,Sedan,17249,Elantra
3587,TOYOTA,2016,1.5,Petrol,Automatic,82349,Hatchback,1098,Yaris
3588,OPEL,1999,1.6,CNG,Manual,94257,Goods wagon,7527,Astra
3589,HYUNDAI,2012,1.6,Petrol,Automatic,93165,Sedan,14454,Elantra
3590,HYUNDAI,2013,1.8,Petrol,Automatic,97431,Sedan,17876,Elantra
3591,MAZDA,2015,2.5,Petrol,Tiptronic,86992,Jeep,29793,CX-5
3592,CHEVROLET,2011,1.8,Petrol,Automatic,108042,Sedan,11274,Cruze
3593,FORD,2004,2.4,Diesel,Manual,111847,Microbus,16621,Transit
3594,PORSCHE,2012,3.6,Petrol,Tiptronic,68972,Jeep,61154,Cayenne
3595,FORD,2012,2.0,Hybrid,Automatic,58662,Hatchback,16935,C-MAX
3596,CHEVROLET,2015,2.0,Petrol,Automatic,21330,Jeep,13956,Orlando
3597,NISSAN,2005,1.5,LPG,Automatic,151040,Sedan,10349,Tiida
3598,TOYOTA,2012,1.8,Petrol,Automatic,76429,Sedan,18817,Prius
3599,KIA,2012,2.4,Petrol,Automatic,111158,Sedan,8154,Optima
3600,MERCEDES-BENZ,2011,3.0,Diesel,Automatic,169750,Sedan,9879,E 350
3601,BMW,1999,2.8,Petrol,Tiptronic,5842,Sedan,7213,328
3602,BMW,2002,4.4,Petrol,Tiptronic,113090,Sedan,10976,745 i
3603,HONDA,2007,1.3,Petrol,Automatic,80157,Hatchback,9408,FIT
3604,TOYOTA,2017,2.5,Petrol,Tiptronic,33554,Sedan,25086,Camry SE
3605,AUDI,2011,2.0,Petrol,Manual,90472,Hatchback,19444,A3
3606,MERCEDES-BENZ,2016,3.5,Diesel,Automatic,47973,Sedan,1568,E 350
3607,FORD,2017,2.3,Petrol,Automatic,54487,Jeep,8154,Explorer
3608,HYUNDAI,2014,2.0,LPG,Automatic,44407,Sedan,11262,Sonata
3609,MERCEDES-BENZ,2005,2.2,Diesel,Manual,138566,Minivan,12544,Vito
3610,MERCEDES-BENZ,2014,3.5,Diesel,Automatic,148226,Sedan,11133,E 350
3611,BMW,2004,2.2,Petrol,Tiptronic,73322,Sedan,10036,320 I
3612,SSANGYONG,2011,2.0,Diesel,Automatic,77496,Jeep,24029,REXTON
3613,HYUNDAI,2016,1.7,Diesel,Automatic,80664,Jeep,38445,Tucson
3614,LEXUS,2016,4.6,Petrol,Automatic,96919,Jeep,31988,GX 460
3615,HYUNDAI,2017,2.0,Petrol,Automatic,23861,Sedan,21953,Elantra
3616,HYUNDAI,2012,2.0,Petrol,Automatic,103080,Sedan,14454,Sonata
3617,CADILLAC,2013,3.6,Petrol,Automatic,78319,Jeep,3293,SRX
3618,CHEVROLET,2018,2.0,LPG,Automatic,20505,Jeep,47408,Orlando
3619,OPEL,2004,1.7,Diesel,Manual,12427,Goods wagon,7840,Combo
3620,TOYOTA,2010,1.8,Hybrid,Variator,63380,Sedan,17249,Prius
3621,HYUNDAI,2012,1.8,Petrol,Tiptronic,92584,Sedan,6272,Elantra
3622,HYUNDAI,2012,2.0,Diesel,Automatic,92456,Jeep,23104,Tucson
3623,SSANGYONG,2013,2.0,Diesel,Automatic,105434,Jeep,27889,REXTON
3624,TOYOTA,2010,1.3,Petrol,Automatic,69594,Hatchback,13172,Vitz
3625,KIA,2013,2.0,Petrol,Automatic,216503,Sedan,5551,Optima
3626,LEXUS,2012,3.5,Hybrid,Automatic,40389,Jeep,53314,RX 450
3627,JEEP,2017,2.4,Petrol,Tiptronic,26843,Jeep,32929,Renegade
3628,TOYOTA,2014,2.5,Hybrid,Automatic,111462,Sedan,11133,Camry
3629,HYUNDAI,2013,2.4,Petrol,Tiptronic,80778,Sedan,14113,Sonata
3630,TOYOTA,2011,1.8,Petrol,Automatic,96934,Hatchback,16308,Prius
3631,HYUNDAI,2016,2.0,LPG,Automatic,183907,Sedan,15681,Sonata
3632,MERCEDES-BENZ,1999,2.0,Petrol,Manual,197848,Sedan,6586,E 200
3633,CHEVROLET,2017,1.4,Petrol,Automatic,60390,Sedan,15994,Cruze
3634,MERCEDES-BENZ,2008,2.2,Diesel,Manual,223694,Microbus,47042,Sprinter
3635,FORD,2015,2.0,Hybrid,Automatic,62601,Sedan,2822,Fusion
3636,SSANGYONG,2016,1.6,Diesel,Automatic,78290,Minivan,31772,Actyon
3637,SUBARU,2003,2.0,CNG,Tiptronic,138082,Sedan,5959,Legacy
3638,KIA,2013,2.4,Petrol,Tiptronic,52195,Sedan,13172,Optima
3639,HYUNDAI,2016,2.0,Diesel,Automatic,70252,Jeep,50767,Santa FE
3640,HYUNDAI,2014,2.5,Diesel,Automatic,71752,Minivan,30750,H1
3641,SUBARU,2001,2.0,Petrol,Automatic,87613,Universal,8500,Forester
3642,MINI,2014,1.6,Petrol,Tiptronic,64623,Hatchback,26030,Countryman
3643,LEXUS,2011,1.8,Hybrid,Automatic,119303,Hatchback,28539,CT 200h
3644,TOYOTA,2013,2.7,Petrol,Automatic,165010,Jeep,14583,Tacoma
3645,KIA,2016,2.0,Petrol,Automatic,19335,Sedan,19444,Optima
3646,TOYOTA,2017,1.8,Hybrid,Automatic,17948,Sedan,26657,Prius
3647,CHEVROLET,2008,2.0,Petrol,Automatic,39036,Sedan,4547,Cruze
3648,CHEVROLET,2016,1.6,Diesel,Automatic,36780,Jeep,32393,Orlando
3649,JEEP,2017,2.4,Petrol,Tiptronic,48467,Jeep,29793,Renegade
3650,MERCEDES-BENZ,2014,3.5,Hybrid,Tiptronic,70836,Sedan,62722,E 350
3651,TOYOTA,2015,1.8,Petrol,Automatic,26902,Sedan,24462,Corolla
3652,MERCEDES-BENZ,2008,3.0,Diesel,Automatic,109121,Sedan,1568,E 350
3653,MERCEDES-BENZ,2016,2.0,Petrol,Automatic,68074,Jeep,8311,GLA 250
3654,NISSAN,2016,1.8,Petrol,Automatic,41756,Sedan,17245,Sentra
3655,MITSUBISHI,2006,2.4,CNG,Automatic,131517,Jeep,10976,Outlander
3656,TOYOTA,2009,1.8,Petrol,Automatic,119925,Sedan,16308,Prius
3657,OPEL,2009,1.4,Petrol,Manual,86992,Hatchback,12231,Astra
3658,FORD,2013,2.0,Hybrid,Automatic,69594,Sedan,17249,Fusion
3659,DODGE,1998,3.0,CNG,Manual,621,Minivan,2100,Caravan
3660,BMW,2002,3.0,Diesel,Tiptronic,11185,Jeep,15681,X5
3661,DODGE,2008,2.0,Petrol,Variator,149129,Hatchback,10036,Caliber
3662,BMW,2013,3.0,Diesel,Automatic,75186,Jeep,56450,X5
3663,CHEVROLET,2016,2.0,Petrol,Automatic,18457,Jeep,18660,Orlando
3664,KIA,2016,2.0,Petrol,Automatic,19052,Sedan,20071,Optima
3665,სხვა,2005,2.3,Petrol,Manual,63380,Jeep,9408,GONOW
3666,CHEVROLET,2006,1.0,LPG,Automatic,82021,Hatchback,8467,Matiz
3667,TOYOTA,2011,3.5,Hybrid,Automatic,212895,Jeep,1568,Highlander
3668,FORD,2013,2.0,Hybrid,Automatic,118682,Sedan,13172,Fusion
3669,SSANGYONG,2009,2.7,Diesel,Automatic,88495,Jeep,22947,REXTON
3670,TOYOTA,2012,2.5,Hybrid,Variator,127257,Sedan,29793,Camry
3671,MERCEDES-BENZ,2004,3.5,Petrol,Tiptronic,345,Sedan,4391,S 350 Longia
3672,HYUNDAI,2016,2.0,Hybrid,Automatic,44253,Sedan,5018,Sonata
3673,TOYOTA,2002,1.3,Petrol,Automatic,78293,Universal,9408,Fun Cargo
3674,VOLKSWAGEN,2007,2.0,Petrol,Automatic,180198,Sedan,10036,Passat
3675,HYUNDAI,2011,2.4,Hybrid,Automatic,88695,Sedan,1333,Sonata
3676,HYUNDAI,2011,1.6,Petrol,Automatic,84688,Sedan,20149,Elantra
3677,CHEVROLET,2014,1.4,Petrol,Tiptronic,41010,Sedan,18189,Cruze L T
3678,LEXUS,2010,4.6,Petrol,Automatic,118874,Sedan,3450,LS 460
3679,HYUNDAI,2010,2.0,Petrol,Automatic,76072,Sedan,13953,Sonata
3680,SSANGYONG,2011,2.0,Diesel,Automatic,69528,Jeep,22649,Actyon
3681,HYUNDAI,2016,1.8,Petrol,Tiptronic,48467,Sedan,17249,Elantra
3682,LEXUS,2012,4.6,Petrol,Automatic,93770,Jeep,4077,GX 460
3683,SUBARU,2003,2.0,Petrol,Tiptronic,94448,Sedan,10976,Legacy
3684,FORD,2012,2.0,Hybrid,Automatic,151117,Hatchback,18503,C-MAX SEL
3685,TOYOTA,2012,2.5,Petrol,Tiptronic,47224,Sedan,16621,RAV 4
3686,HYUNDAI,2015,2.0,Petrol,Automatic,38089,Coupe,29777,Genesis
3687,KIA,2016,2.0,Petrol,Automatic,17475,Sedan,22110,Optima
3688,HYUNDAI,2013,2.0,Petrol,Automatic,55923,Sedan,15681,Sonata
3689,BMW,2013,4.4,Petrol,Automatic,103790,Jeep,6899,X6
3690,HONDA,2016,1.5,Petrol,Automatic,34797,Hatchback,17249,FIT
3691,BMW,2009,3.0,Diesel,Automatic,162844,Jeep,6429,X5
3692,SSANGYONG,2011,2.0,Diesel,Automatic,97742,Sedan,16408,Actyon
3693,SUZUKI,2013,2.4,Petrol,Automatic,55302,Sedan,23521,Kizashi
3694,JAGUAR,2015,2.2,Diesel,Automatic,94867,Sedan,42786,XF
3695,TOYOTA,2019,2.0,Petrol,Automatic,6541,Jeep,1568,CHR
3696,HONDA,2006,1.3,Petrol,Variator,118682,Hatchback,8154,FIT
3697,SUBARU,2012,2.5,Petrol,Automatic,161639,Jeep,4861,Forester
3698,HYUNDAI,2014,2.4,Petrol,Automatic,71991,Sedan,2195,Sonata
3699,VOLKSWAGEN,2000,2.0,Petrol,Tiptronic,198839,Sedan,6272,Jetta
3700,HYUNDAI,2016,2.0,Petrol,Automatic,57166,Sedan,23521,Elantra limited
3701,HYUNDAI,2012,1.6,Petrol,Automatic,89208,Sedan,20005,Elantra
3702,HYUNDAI,2011,1.6,Diesel,Automatic,35158,Hatchback,10381,I30
3703,HYUNDAI,2013,1.8,Petrol,Automatic,165912,Sedan,1333,Elantra
3704,TOYOTA,2013,1.5,Petrol,Automatic,53601,Hatchback,15530,Aqua
3705,SUZUKI,2001,2.0,Petrol,Automatic,138241,Jeep,6586,Vitara
3706,HYUNDAI,2011,1.6,Petrol,Automatic,103051,Sedan,18531,Elantra
3707,TOYOTA,2017,3.5,Petrol,Automatic,108632,Sedan,3763,Tacoma
3708,KIA,2010,2.0,Diesel,Automatic,36517,Jeep,7495,Sportage
3709,HYUNDAI,2014,2.0,Petrol,Automatic,111361,Hatchback,5331,Elantra
3710,TOYOTA,2012,1.5,Hybrid,Automatic,92584,Hatchback,9000,Aqua G klas
3711,TOYOTA,2012,2.5,Hybrid,Automatic,48815,Sedan,24775,Camry
3712,HYUNDAI,2016,2.0,LPG,Automatic,130329,Sedan,16308,Sonata
3713,TOYOTA,2014,1.5,Hybrid,Automatic,113090,Hatchback,13799,Aqua
3714,TOYOTA,2014,1.8,Hybrid,Automatic,49710,Sedan,17249,Prius
3715,SUZUKI,2009,2.4,Petrol,Automatic,76429,Sedan,5959,Kizashi
3716,SSANGYONG,2013,2.0,Diesel,Automatic,61450,Jeep,24327,Korando
3717,MERCEDES-BENZ,2003,3.2,Petrol,Tiptronic,130488,Sedan,16935,E 320
3718,SSANGYONG,2014,2.0,Diesel,Automatic,67173,Jeep,36219,REXTON
3719,HYUNDAI,2013,1.8,Petrol,Tiptronic,73272,Sedan,17876,Elantra sport limited
3720,CHEVROLET,2016,2.4,Petrol,Tiptronic,35791,Jeep,32929,Equinox
3721,HYUNDAI,2014,2.5,Diesel,Automatic,108420,Minivan,27924,H1
3722,HONDA,2011,1.5,Petrol,Variator,94448,Hatchback,13485,FIT
3723,MERCEDES-BENZ,1997,2.0,CNG,Automatic,102526,Sedan,6272,E 200
3724,TOYOTA,2015,2.5,Petrol,Automatic,97431,Sedan,31361,Camry
3725,AUDI,2013,3.0,Petrol,Automatic,141612,Jeep,24775,Q7
3726,TOYOTA,2011,2.5,Hybrid,Automatic,67729,Sedan,23834,Camry
3727,TOYOTA,2013,2.7,Petrol,Automatic,165010,Jeep,14583,Tacoma
3728,TOYOTA,2014,1.5,Hybrid,Tiptronic,62821,Hatchback,15681,Prius C
3729,TOYOTA,2010,1.8,Hybrid,Tiptronic,119303,Hatchback,8467,Prius
3730,TOYOTA,2017,1.8,Petrol,Automatic,11770,Hatchback,20855,Prius
3731,TOYOTA,2012,1.0,Petrol,Automatic,51574,Hatchback,7000,Vitz
3732,BMW,2012,3.0,Diesel,Automatic,64286,Jeep,8154,X5
3733,HYUNDAI,2012,3.8,Petrol,Automatic,58443,Sedan,17249,Genesis
3734,HYUNDAI,2016,2.5,Diesel,Automatic,68876,Universal,44843,H1
3735,FORD,2014,2.0,Petrol,Automatic,58203,Sedan,17876,Fusion SE
3736,HYUNDAI,2016,1.6,Petrol,Automatic,34453,Sedan,27946,Elantra
3737,MERCEDES-BENZ,2009,3.0,Diesel,Automatic,11371,Minivan,25716,R 350
3738,VOLKSWAGEN,2013,2.5,Petrol,Tiptronic,48467,Coupe,17876,NEW Beetle
3739,TOYOTA,2015,1.5,Hybrid,Automatic,67729,Hatchback,10036,Prius C
3740,BMW,2008,1.6,Petrol,Automatic,6904,Hatchback,8500,116
3741,HYUNDAI,2016,1.7,Diesel,Automatic,65437,Jeep,40224,Tucson
3742,RENAULT,2008,1.5,Diesel,Manual,142915,Universal,7840,Scenic
3743,SUBARU,2006,1.5,Petrol,Automatic,118060,Sedan,7056,Impreza
3744,TOYOTA,2012,2.5,Petrol,Tiptronic,46603,Sedan,19130,Camry
3745,CHEVROLET,2019,2.0,Petrol,Automatic,5655,Sedan,63826,Malibu
3746,NISSAN,2008,2.5,Petrol,Automatic,91963,Sedan,10976,Fuga
3747,MITSUBISHI,2000,2.0,Petrol,Automatic,144220,Jeep,7683,Pajero IO
3748,CHEVROLET,2017,1.4,Petrol,Automatic,28745,Sedan,3450,Cruze
3749,TOYOTA,2015,1.5,Hybrid,Automatic,50455,Hatchback,21253,Aqua
3750,KIA,2015,2.0,Petrol,Automatic,21957,Sedan,18033,Optima
3751,CHEVROLET,2015,2.2,Diesel,Automatic,38088,Jeep,35908,Captiva
3752,HONDA,2010,1.5,Petrol,Tiptronic,112344,Hatchback,13172,FIT
3753,TOYOTA,2012,2.5,Petrol,Variator,77671,Sedan,17876,Camry
3754,HYUNDAI,2011,2.0,Diesel,Automatic,100255,Jeep,21652,Tucson
3755,TOYOTA,2016,2.5,Petrol,Automatic,43537,Sedan,8467,Camry
3756,HYUNDAI,2012,1.6,Petrol,Tiptronic,133222,Hatchback,14740,Accent
3757,HYUNDAI,2015,2.0,Diesel,Automatic,43959,Jeep,38445,Tucson
3758,LEXUS,2010,2.5,Petrol,Automatic,80152,Sedan,3293,IS 250
3759,FORD,2013,2.0,Hybrid,Tiptronic,90099,Sedan,16621,Focus
3760,SSANGYONG,2011,2.7,Diesel,Automatic,81079,Jeep,24920,REXTON
3761,HYUNDAI,2014,2.4,Petrol,Automatic,46727,Sedan,15053,Sonata
3762,HYUNDAI,2010,2.0,Diesel,Automatic,48002,Jeep,13799,Santa FE
3763,FORD,2007,1.8,Diesel,Manual,131109,Goods wagon,9408,Transit Connect
3764,MITSUBISHI,2001,3.0,Petrol,Automatic,98177,Minivan,16621,Delica
3765,VOLKSWAGEN,2006,1.9,Diesel,Manual,180198,Hatchback,11917,Golf
3766,FORD,2014,2.0,Petrol,Automatic,84080,Hatchback,14740,Focus SE
3767,TOYOTA,2015,2.5,Petrol,Automatic,20505,Sedan,34497,Camry
3768,OPEL,2010,1.9,Diesel,Tiptronic,103769,Hatchback,11604,Astra
3769,SSANGYONG,2011,2.0,Diesel,Automatic,77192,Jeep,19416,Korando
3770,BMW,2010,4.4,Petrol,Automatic,105633,Sedan,37633,750
3771,CHEVROLET,2017,1.5,Hybrid,Automatic,32350,Hatchback,26030,Volt
3772,VOLKSWAGEN,2013,1.0,Petrol,Tiptronic,32311,Hatchback,9000,UP
3773,TOYOTA,2010,1.8,Hybrid,Automatic,159671,Jeep,2509,Prius
3774,FORD,2011,3.5,Petrol,Automatic,69594,Sedan,13739,Taurus
3775,FORD,2015,3.7,Petrol,Automatic,93206,Coupe,40769,Mustang
3776,OPEL,2008,1.7,Diesel,Manual,136080,Hatchback,9095,Astra
3777,HYUNDAI,2012,2.0,Petrol,Automatic,103080,Sedan,14454,Sonata
3778,PORSCHE,2003,4.5,Petrol,Tiptronic,92584,Jeep,10349,Cayenne
3779,TOYOTA,2012,1.5,Petrol,Automatic,62105,Hatchback,18362,Aqua
3780,HYUNDAI,2011,1.6,Petrol,Automatic,49442,Sedan,21181,Elantra
3781,TOYOTA,2012,1.5,Hybrid,Automatic,29204,Hatchback,8000,Aqua
3782,BMW,2016,2.0,Petrol,Automatic,25476,Sedan,42337,328 sulev
3783,KIA,2016,2.0,Petrol,Automatic,20736,Jeep,26814,Sorento SX
3784,VOLKSWAGEN,2014,1.8,Petrol,Automatic,43496,Sedan,10349,Jetta
3785,HYUNDAI,2017,2.0,Diesel,Automatic,67012,Jeep,52696,Santa FE
3786,SSANGYONG,2017,1.6,Diesel,Automatic,48294,Jeep,35269,Actyon
3787,MERCEDES-BENZ,2004,3.7,Petrol,Tiptronic,115575,Jeep,15367,ML 350
3788,TOYOTA,2013,1.8,Hybrid,Automatic,99419,Hatchback,25089,Prius
3789,CHEVROLET,2013,1.4,Petrol,Automatic,74565,Sedan,14113,Cruze
3790,HONDA,2010,1.3,Hybrid,Automatic,54681,Hatchback,14740,Insight
3791,MERCEDES-BENZ,2008,3.5,Diesel,Automatic,227962,Jeep,3763,ML 350
3792,JEEP,2014,3.0,Diesel,Automatic,90781,Jeep,8781,Grand Cherokee
3793,LEXUS,2014,2.5,Hybrid,Automatic,109494,Sedan,14426,ES 300
3794,FORD,2011,2.5,Petrol,Automatic,68182,Sedan,12074,Fusion
3795,OPEL,1999,1.8,Petrol,Manual,157207,Hatchback,7840,Astra
3796,HYUNDAI,2012,1.8,Petrol,Automatic,121292,Sedan,16308,Elantra
3797,CHEVROLET,2010,1.8,Petrol,Automatic,70041,Sedan,12570,Lacetti
3798,MERCEDES-BENZ,2014,3.5,Petrol,Automatic,90966,Sedan,1882,E 350
3799,BMW,2013,3.0,Petrol,Tiptronic,45981,Jeep,43278,X5
3800,MERCEDES-BENZ,2007,2.2,Diesel,Manual,154721,Microbus,24458,Sprinter
3801,TOYOTA,2017,1.8,Petrol,Tiptronic,16777,Hatchback,20385,Corolla Im
3802,FORD,1998,2.5,Diesel,Manual,83885,Universal,10976,Transit
3803,VOLKSWAGEN,2008,2.0,Petrol,Manual,8402,Sedan,16308,CC
3804,TOYOTA,2013,1.5,Hybrid,Automatic,60894,Hatchback,14426,Aqua
3805,FORD,2013,2.0,Hybrid,Variator,62137,Hatchback,14113,C-MAX
3806,TOYOTA,2016,2.5,Petrol,Tiptronic,34797,Jeep,46414,RAV 4
3807,KIA,2016,1.2,Petrol,Manual,86992,Hatchback,10976,Picanto
3808,SUBARU,2013,2.0,Petrol,Variator,83264,Hatchback,18189,XV
3809,DODGE,2010,2.0,Petrol,Variator,70836,Hatchback,13172,Caliber
3810,RENAULT,2007,1.5,Diesel,Manual,93206,Goods wagon,7213,Kangoo
3811,NISSAN,2004,2.0,CNG,Automatic,118060,Jeep,10663,X-Trail
3812,HONDA,2016,2.0,Petrol,Automatic,14044,Sedan,48261,Civic
3813,LEXUS,2011,4.6,Petrol,Automatic,121356,Sedan,32954,LS 460
3814,SUZUKI,2003,2.0,Petrol,Automatic,119303,Hatchback,6899,Aerio SX
3815,TOYOTA,2011,1.5,Hybrid,Automatic,155343,Sedan,16621,Prius
3816,TOYOTA,2011,1.8,Hybrid,Automatic,64001,Hatchback,13328,Prius
3817,CHEVROLET,2016,2.5,Petrol,Automatic,36702,Sedan,54697,Impala
3818,MERCEDES-BENZ,2001,2.2,Diesel,Manual,158450,Sedan,10349,E 220
3819,HYUNDAI,2007,1.6,Petrol,Automatic,94064,Sedan,11368,Elantra
3820,BMW,2013,2.0,Diesel,Tiptronic,52817,Sedan,43905,328
3821,OPEL,2004,1.3,Diesel,Tiptronic,67108,Hatchback,10663,Corsa
3822,SSANGYONG,2016,1.6,Petrol,Automatic,32179,Jeep,39201,Actyon
3823,OPEL,1996,2.0,CNG,Manual,14292,Sedan,3500,Vectra
3824,HYUNDAI,2011,1.6,Petrol,Automatic,70625,Sedan,11886,Elantra
3825,HYUNDAI,2014,2.0,LPG,Automatic,46818,Sedan,10641,Sonata
3826,HONDA,2011,1.5,Petrol,Automatic,49710,Hatchback,14269,FIT
3827,AUDI,2017,3.0,Petrol,Automatic,27739,Jeep,13328,Q7
3828,TOYOTA,2013,1.5,Hybrid,Automatic,41771,Hatchback,17562,Prius C
3829,TOYOTA,2012,2.5,Hybrid,Automatic,97256,Sedan,3607,Camry
3830,MITSUBISHI,2011,2.0,Petrol,Tiptronic,59030,Jeep,17249,Outlander sport
3831,HONDA,2016,1.5,Petrol,Variator,31317,Hatchback,21953,FIT
3832,FORD,2015,2.0,Petrol,Automatic,44399,Sedan,16935,Fusion
3833,CHEVROLET,2014,1.4,Petrol,Tiptronic,43634,Sedan,15053,Cruze
3834,MITSUBISHI,1998,1.8,Petrol,Automatic,155343,Jeep,5331,Pajero IO
3835,LEXUS,2010,3.5,Hybrid,Automatic,103907,Jeep,5018,RX 450
3836,HYUNDAI,2015,2.0,Petrol,Automatic,54181,Sedan,48575,Sonata
3837,TOYOTA,2010,1.8,Hybrid,Automatic,198404,Hatchback,5331,Prius
3838,HYUNDAI,2011,1.6,Petrol,Automatic,78355,Sedan,20005,Elantra
3839,HYUNDAI,2016,2.0,Diesel,Automatic,61516,Jeep,53154,Santa FE
3840,FORD,2010,2.5,Petrol,Automatic,71435,Sedan,1333,Fusion
3841,HONDA,2003,1.5,Petrol,Tiptronic,149129,Sedan,7213,FIT
3842,TOYOTA,2017,2.5,Petrol,Automatic,34175,Sedan,31361,Camry
3843,HYUNDAI,2014,2.4,Petrol,Automatic,44117,Sedan,15053,Sonata
3844,TOYOTA,2010,1.8,Hybrid,Automatic,67951,Hatchback,19757,Prius
3845,MITSUBISHI,2004,1.5,Petrol,Variator,138082,Hatchback,7213,Colt
3846,TOYOTA,2013,2.5,Hybrid,Automatic,58533,Sedan,21953,Camry
3847,HYUNDAI,2006,2.2,Diesel,Tiptronic,54681,Jeep,20385,Santa FE
3848,TOYOTA,2014,2.5,Petrol,Tiptronic,59652,Sedan,16308,Camry
3849,INFINITI,2004,3.5,Petrol,Tiptronic,139187,Jeep,15681,FX35
3850,MERCEDES-BENZ,2000,2.0,LPG,Automatic,93206,Sedan,8781,C 200
3851,OPEL,2000,1.6,CNG,Manual,167770,Hatchback,4077,Astra
3852,TOYOTA,2010,1.8,Hybrid,Automatic,100662,Sedan,15681,Prius
3853,HYUNDAI,2012,2.5,Diesel,Automatic,51114,Sedan,20385,H1
3854,MERCEDES-BENZ,2006,2.5,Petrol,Manual,134216,Sedan,15367,C 230 2.5
3855,HYUNDAI,2015,2.0,LPG,Automatic,195435,Sedan,15053,Sonata
3856,NISSAN,2000,2.3,Diesel,Manual,136702,Goods wagon,4704,Serena
3857,BMW,2001,2.5,Petrol,Manual,142915,Sedan,7213,325
3858,TOYOTA,2017,2.4,Petrol,Manual,49710,Pickup,45473,Hilux
3859,TOYOTA,2006,2.4,Petrol,Automatic,120447,Jeep,19130,Highlander 2.4 lit
3860,CHEVROLET,2009,1.2,Petrol,Automatic,106340,Sedan,4328,Aveo
3861,HYUNDAI,2014,2.4,Hybrid,Automatic,63628,Sedan,15053,Sonata
3862,TOYOTA,2013,2.7,Petrol,Automatic,115792,Jeep,3450,Venza
3863,FORD,2011,1.3,Petrol,Manual,86495,Hatchback,11447,Fiesta
3864,TOYOTA,2017,2.5,Petrol,Automatic,22991,Jeep,42337,RAV 4
3865,TOYOTA,2011,1.8,Hybrid,Automatic,143164,Sedan,10976,Prius
3866,HYUNDAI,2014,2.0,Diesel,Automatic,51884,Jeep,28909,Tucson
3867,LEXUS,2013,2.5,Hybrid,Automatic,94697,Sedan,6115,ES 300
3868,TOYOTA,2012,2.5,Petrol,Tiptronic,171995,Sedan,25000,Camry Le
3869,TOYOTA,2012,1.8,Petrol,Variator,99419,Hatchback,18503,Prius
3870,MERCEDES-BENZ,2009,3.2,Diesel,Automatic,152236,Jeep,29793,ML 320
3871,TOYOTA,2013,1.5,Hybrid,Automatic,43185,Hatchback,26491,Aqua
3872,BMW,2011,3.5,Petrol,Tiptronic,124274,Sedan,28225,535
3873,BMW,2014,2.0,Petrol,Automatic,66489,Coupe,5175,428
3874,BUICK,2015,2.4,Petrol,Automatic,65494,Sedan,2822,Century
3875,HYUNDAI,2016,2.0,Diesel,Automatic,76116,Jeep,50184,Santa FE
3876,MERCEDES-BENZ,2010,3.5,Petrol,Automatic,127983,Sedan,1646,E 350
3877,BMW,2004,3.0,Petrol,Tiptronic,127381,Jeep,15681,X5
3878,MAZDA,2017,2.5,Petrol,Tiptronic,44428,Sedan,44533,Mazda 6
3879,VOLKSWAGEN,2003,2.0,Petrol,Manual,111225,Sedan,6899,Jetta
3880,HYUNDAI,2011,2.4,Hybrid,Tiptronic,95269,Sedan,17249,Sonata
3881,CHRYSLER,2002,2.0,Petrol,Tiptronic,61516,Hatchback,6899,PT Cruiser
3882,SUZUKI,2010,0.6,Petrol,Manual,62758,Universal,8311,CERVO
3883,HYUNDAI,2010,2.0,Petrol,Automatic,105845,Sedan,15323,Sonata
3884,MERCEDES-BENZ,2013,3.0,Diesel,Tiptronic,203810,Microbus,25089,Sprinter Maxi-ს Max
3885,MERCEDES-BENZ,2002,2.7,Diesel,Tiptronic,190195,Sedan,15681,E 270
3886,HYUNDAI,2014,2.0,LPG,Automatic,26098,Sedan,24148,Sonata LPG
3887,TOYOTA,2008,2.4,Hybrid,Tiptronic,48771,Sedan,17562,Camry Hybrid
3888,HONDA,1999,2.3,Petrol,Automatic,42253,Minivan,3900,Odyssey
3889,AUDI,2001,2.8,CNG,Tiptronic,15534,Sedan,5018,A4
3890,TOYOTA,2011,3.5,Petrol,Tiptronic,69594,Jeep,45473,Highlander
3891,TOYOTA,2012,1.5,Hybrid,Variator,89477,Hatchback,9252,Aqua
3892,TOYOTA,2013,2.7,Petrol,Automatic,165010,Jeep,14583,Tacoma
3893,FORD,2002,2.0,Diesel,Manual,127381,Microbus,12231,Transit
3894,MITSUBISHI,2003,1.2,Petrol,Automatic,621,Hatchback,1350,Colt
3895,HYUNDAI,2015,1.6,Petrol,Automatic,20726,Sedan,27654,Elantra
3896,BMW,2004,3.0,Diesel,Tiptronic,142915,Jeep,20385,X5
3897,FORD,2014,2.0,Petrol,Automatic,88081,Sedan,18817,Fusion
3898,TOYOTA,2013,1.8,Hybrid,Automatic,62137,Hatchback,20385,Prius
3899,HYUNDAI,2016,2.0,Diesel,Automatic,10762,Jeep,61816,Santa FE
3900,HYUNDAI,2012,2.4,Hybrid,Automatic,129635,Sedan,4234,Sonata
3901,MERCEDES-BENZ,2008,3.0,Diesel,Automatic,109121,Sedan,2430,E 350
3902,SSANGYONG,2015,2.0,Diesel,Automatic,65900,Jeep,45342,REXTON
3903,SUZUKI,2010,2.4,Petrol,Variator,90099,Sedan,14113,Kizashi sporti
3904,BMW,2013,3.0,Petrol,Tiptronic,96313,Sedan,37633,535
3905,MERCEDES-BENZ,2011,3.5,Diesel,Automatic,115912,Jeep,2038,ML 350
3906,HYUNDAI,2017,2.0,Diesel,Automatic,45561,Jeep,57428,Santa FE
3907,SSANGYONG,2017,2.2,Diesel,Automatic,40817,Jeep,61521,REXTON
3908,MITSUBISHI,2000,2.0,Petrol,Automatic,71458,Jeep,8781,Pajero IO
3909,HYUNDAI,2014,2.4,Hybrid,Tiptronic,82021,Sedan,18817,Sonata hybrid
3910,HONDA,2019,1.5,Hybrid,Automatic,1452,Hatchback,26720,FIT
3911,HYUNDAI,2015,2.0,Diesel,Automatic,105633,Jeep,36733,Santa FE
3912,TOYOTA,2012,1.8,Hybrid,Automatic,111847,Hatchback,11917,Prius
3913,HYUNDAI,2012,1.8,Petrol,Tiptronic,75807,Sedan,17562,Elantra
3914,OPEL,1996,1.6,Petrol,Manual,69042,Hatchback,4391,Astra
3915,HONDA,2012,1.3,Hybrid,Automatic,50331,Hatchback,12544,FIT
3916,TOYOTA,2012,2.5,Petrol,Tiptronic,92584,Sedan,11604,Camry SPORT
3917,BMW,2011,4.4,Petrol,Automatic,68351,Hatchback,12858,550
3918,TOYOTA,2015,1.5,Petrol,Automatic,77287,Hatchback,25089,Aqua
3919,LEXUS,2011,4.6,Petrol,Automatic,99505,Jeep,43278,GX 460
3920,MERCEDES-BENZ,2005,2.2,Diesel,Manual,186411,Microbus,23521,Vito
3921,LEXUS,2012,1.8,Hybrid,Variator,129245,Hatchback,21953,CT 200h
3922,MERCEDES-BENZ,2005,3.5,Petrol,Tiptronic,106584,Jeep,13172,ML 350
3923,VOLKSWAGEN,2013,2.0,Petrol,Tiptronic,59030,Jeep,26657,Tiguan
3924,HYUNDAI,2009,2.5,Diesel,Automatic,102714,Minivan,16935,H1
3925,HYUNDAI,2016,2.0,LPG,Automatic,236826,Sedan,13172,Sonata
3926,HYUNDAI,2010,2.0,Diesel,Automatic,63466,Jeep,27065,Tucson
3927,INFINITI,2005,3.5,Petrol,Tiptronic,621,Jeep,11500,FX35
3928,FORD,2013,2.0,Plug-in Hybrid,Automatic,65244,Sedan,20200,C-MAX
3929,MITSUBISHI,2004,3.0,CNG,Automatic,155343,Jeep,8500,Montero Sport
3930,HYUNDAI,2016,2.5,Diesel,Automatic,113600,Universal,39201,H1
3931,HYUNDAI,2013,2.0,Petrol,Automatic,32726,Sedan,12858,Sonata
3932,BMW,2014,2.0,Petrol,Tiptronic,59030,Jeep,37633,X1 28Xdrive
3933,CHEVROLET,2016,1.5,Petrol,Automatic,56781,Sedan,18346,Malibu LT
3934,BMW,2010,3.0,Petrol,Tiptronic,102526,Jeep,36065,X5 restilling
3935,DAEWOO,2009,1.6,Petrol,Automatic,69769,Sedan,4704,Lacetti
3936,FORD,2016,2.0,Hybrid,Automatic,121151,Sedan,8781,Fusion
3937,MERCEDES-BENZ,2001,1.9,Petrol,Tiptronic,91342,Hatchback,5488,A 190
3938,TOYOTA,2011,3.5,Petrol,Automatic,228704,Jeep,22580,Highlander
3939,FORD,2004,1.8,Diesel,Manual,110037,Sedan,7213,Focus Fokusi
3940,NISSAN,2013,1.6,Petrol,Automatic,68681,Jeep,12231,Juke
3941,MERCEDES-BENZ,2012,3.0,Diesel,Automatic,106392,Sedan,9565,E 350
3942,MAZDA,2003,1.8,Petrol,Automatic,6381,Minivan,6272,Premacy
3943,TOYOTA,2012,2.5,Petrol,Tiptronic,52817,Sedan,20385,Camry
3944,SKODA,2009,1.4,Diesel,Manual,74565,Hatchback,13799,Fabia
3945,TOYOTA,2010,1.8,Hybrid,Automatic,124274,Sedan,14740,Prius
3946,FORD,2014,2.0,Petrol,Automatic,91960,Hatchback,12544,Focus
3947,HYUNDAI,2012,1.6,Petrol,Automatic,116507,Sedan,12980,Elantra
3948,HYUNDAI,2018,1.6,Petrol,Automatic,34092,Sedan,32929,Elantra
3949,SUZUKI,2008,2.0,Petrol,Automatic,76429,Jeep,11290,SX4
3950,TOYOTA,2018,2.0,Petrol,Automatic,25024,Jeep,19444,CHR
3951,LEXUS,2011,2.5,Petrol,Tiptronic,85749,Sedan,24775,IS 250 რესტაილინგი
3952,SSANGYONG,2013,2.0,Diesel,Automatic,233857,Jeep,20266,REXTON
3953,HYUNDAI,2013,2.2,Diesel,Automatic,26630,Jeep,37163,Santa FE
3954,TOYOTA,2008,1.5,Hybrid,Automatic,93206,Hatchback,8467,Prius
3955,TOYOTA,2013,1.5,Hybrid,Automatic,86992,Sedan,15053,Aqua
3956,HYUNDAI,2016,2.4,Petrol,Tiptronic,50952,Sedan,19444,Sonata
3957,DAEWOO,2009,1.6,Petrol,Automatic,57123,Sedan,3763,Gentra
3958,BMW,2008,3.0,Petrol,Manual,60770,Sedan,16465,335 335i
3959,KIA,2013,2.4,Hybrid,Tiptronic,79038,Sedan,21639,Optima
3960,TOYOTA,2013,1.5,Hybrid,Automatic,67605,Hatchback,18817,Prius C
3961,FORD,2013,1.5,Petrol,Automatic,62137,Sedan,19444,Fusion
3962,SSANGYONG,2009,2.7,Diesel,Automatic,72136,Jeep,30238,REXTON
3963,TOYOTA,2013,2.5,Hybrid,Automatic,77617,Sedan,3763,Camry
3964,LEXUS,2016,2.0,Petrol,Automatic,36243,Sedan,3763,IS 200
3965,LEXUS,2008,3.3,Hybrid,Automatic,146146,Jeep,24775,RX 400 RESTAILING
3966,VOLKSWAGEN,1997,1.8,CNG,Manual,108119,Sedan,4391,Vento
3967,HYUNDAI,2010,2.0,LPG,Automatic,72294,Sedan,7056,Sonata
3968,SCION,2014,2.5,Petrol,Tiptronic,57166,Coupe,21950,tC
3969,CHEVROLET,2016,1.6,Diesel,Automatic,31385,Jeep,29087,Orlando
3970,CHEVROLET,2012,1.8,Petrol,Automatic,80778,Sedan,12112,Cruze
3971,FORD,2014,2.0,Hybrid,Automatic,84293,Hatchback,15681,C-MAX
3972,MERCEDES-BENZ,2008,3.0,Diesel,Automatic,109121,Sedan,1568,E 350
3973,HYUNDAI,2016,2.0,LPG,Automatic,177771,Sedan,15681,Sonata
3974,DODGE,1999,2.7,Petrol,Automatic,133635,Sedan,2509,Intrepid
3975,HYUNDAI,2008,2.5,Diesel,Automatic,124274,Universal,11851,H1
3976,KIA,2007,2.0,Diesel,Automatic,99722,Jeep,5896,Sportage
3977,SSANGYONG,2016,1.6,Diesel,Automatic,42839,Jeep,39750,Actyon
3978,INFINITI,2012,3.3,Petrol,Automatic,32311,Hatchback,31361,EX37
3979,LEXUS,2012,4.6,Petrol,Automatic,142501,Jeep,34811,GX 460
3980,LEXUS,2008,3.3,Hybrid,Automatic,168039,Jeep,25402,RX 400 HYBRID
3981,CHEVROLET,2014,1.4,Hybrid,Automatic,86054,Hatchback,3763,Volt
3982,OPEL,2003,1.7,Diesel,Manual,94448,Goods wagon,9408,Combo
3983,BMW,2016,2.0,Hybrid,Automatic,45892,Jeep,27284,X5
3984,TOYOTA,2015,2.5,Hybrid,Variator,103148,Sedan,37633,Camry
3985,SUBARU,2005,2.0,Petrol,Manual,90099,Jeep,16621,Forester
3986,HONDA,2005,2.4,Petrol,Tiptronic,90099,Minivan,11760,Elysion
3987,TOYOTA,2012,1.8,Plug-in Hybrid,Automatic,163048,Hatchback,24148,Prius ფლაგინი
3988,MITSUBISHI,2002,2.4,CNG,Tiptronic,149129,Jeep,8311,Outlander
3989,HYUNDAI,2016,2.0,Diesel,Automatic,26573,Jeep,29144,Tucson
3990,BMW,1998,2.8,Petrol,Manual,77050,Sedan,7000,528
3991,BMW,2009,3.0,Petrol,Tiptronic,123280,Sedan,22266,535
3992,TOYOTA,2012,2.5,Hybrid,Variator,56296,Sedan,24148,Camry
3993,HYUNDAI,2009,2.5,Diesel,Automatic,109907,Minivan,15053,H1
3994,NISSAN,2017,2.5,Petrol,Automatic,83619,Sedan,3293,Altima
3995,HYUNDAI,2017,2.5,Diesel,Automatic,80679,Universal,41629,H1
3996,NISSAN,2006,1.6,LPG,Automatic,124274,Sedan,11917,Tiida
3997,TOYOTA,2011,1.8,Hybrid,Automatic,142580,Coupe,3293,Prius
3998,OPEL,2003,1.9,Petrol,Manual,1381,Sedan,3000,Astra
3999,TOYOTA,2018,2.5,Hybrid,Automatic,79234,Sedan,9722,Camry
4000,HYUNDAI,2011,1.6,Petrol,Automatic,79525,Sedan,19384,Elantra
4001,NISSAN,2002,1.4,Petrol,Automatic,124274,Sedan,4704,March
4002,TOYOTA,2016,2.5,Petrol,Automatic,94102,Sedan,13172,Camry
4003,HYUNDAI,2015,1.8,Petrol,Tiptronic,47721,Sedan,19757,Elantra
4004,MAZDA,2016,2.5,Petrol,Automatic,76378,Jeep,20385,CX-5 Touring
4005,HYUNDAI,2016,2.0,Hybrid,Tiptronic,89477,Sedan,35438,Sonata
4006,SUBARU,2014,2.0,Hybrid,Tiptronic,61640,Jeep,31047,XV
4007,VOLKSWAGEN,2012,2.0,Petrol,Automatic,190806,Jeep,4234,Tiguan
4008,HONDA,2011,2.4,Petrol,Automatic,124871,Jeep,1176,Cr-v
4009,FORD,2013,1.6,Petrol,Automatic,96499,Sedan,20300,Fusion
4010,HONDA,2004,1.7,Petrol,Automatic,621,Hatchback,8154,Edix
4011,HYUNDAI,1999,2.0,Petrol,Automatic,690,Sedan,2800,Elantra
4012,MERCEDES-BENZ,2010,3.0,Diesel,Tiptronic,42875,Jeep,37633,ML 350 BLUETEC
4013,HYUNDAI,2016,2.0,Diesel,Automatic,78582,Jeep,49858,Santa FE
4014,HYUNDAI,2017,2.0,Petrol,Automatic,53147,Sedan,42987,Sonata
4015,SSANGYONG,2016,1.6,Petrol,Automatic,15439,Jeep,42692,Actyon
4016,LEXUS,2002,3.0,Petrol,Automatic,124896,Jeep,11917,RX 300
4017,TOYOTA,2010,3.3,Hybrid,Automatic,164587,Jeep,4861,Highlander
4018,HYUNDAI,2016,2.0,Diesel,Automatic,15240,Jeep,37476,Santa FE
4019,HYUNDAI,2017,1.7,Diesel,Automatic,58235,Jeep,47537,Tucson
4020,VOLKSWAGEN,2004,2.0,Petrol,Tiptronic,83885,Minivan,7997,Touran
4021,CHEVROLET,2018,3.6,Petrol,Automatic,44238,Sedan,3293,Impala
4022,CHEVROLET,2016,1.4,Petrol,Automatic,66611,Sedan,15681,Cruze
4023,HYUNDAI,2015,1.6,Petrol,Automatic,6997,Sedan,27654,Elantra
4024,HYUNDAI,2013,2.0,Petrol,Automatic,128057,Sedan,14166,Sonata
4025,KIA,2015,2.0,Petrol,Automatic,39788,Sedan,14426,Optima
4026,HYUNDAI,2015,2.0,LPG,Automatic,134260,Sedan,12231,Sonata
4027,CHEVROLET,2019,3.6,Petrol,Automatic,11457,Sedan,3450,Impala
4028,NISSAN,2016,4.0,Petrol,Automatic,65509,Sedan,3136,Frontier
4029,MERCEDES-BENZ,2001,3.2,Diesel,Tiptronic,121372,Sedan,10349,E 320
4030,TOYOTA,2014,2.5,Petrol,Automatic,203985,Sedan,2195,Camry
4031,MERCEDES-BENZ,2014,3.0,Diesel,Automatic,35887,Jeep,46414,ML 350
4032,TOYOTA,2009,3.3,Hybrid,Automatic,197818,Sedan,1019,Highlander
4033,MERCEDES-BENZ,2017,3.5,Petrol,Automatic,36867,Jeep,4704,GLE 350
4034,TOYOTA,2013,2.5,Hybrid,Automatic,77617,Sedan,3763,Camry
4035,HYUNDAI,2014,1.6,Petrol,Manual,59652,Coupe,19757,Veloster R-spec
4036,MERCEDES-BENZ,2012,4.6,Diesel,Automatic,112256,Jeep,1725,ML 350
4037,HYUNDAI,2013,2.0,Petrol,Automatic,78700,Sedan,20883,Sonata
4038,MERCEDES-BENZ,2010,3.5,Diesel,Automatic,159639,Sedan,8938,E 350
4039,TOYOTA,2015,2.5,Hybrid,Variator,52817,Sedan,29793,Camry
4040,RENAULT,2010,1.5,Diesel,Automatic,118060,Hatchback,18817,Megane
4041,TOYOTA,2008,1.5,Petrol,Variator,59030,Hatchback,11917,Vitz RS
4042,FORD,2016,2.5,Petrol,Automatic,43807,Sedan,28225,Fusion
4043,HYUNDAI,2012,3.0,Petrol,Automatic,75807,Sedan,32302,Azera
4044,HYUNDAI,2017,2.0,Petrol,Automatic,23515,Sedan,53282,Sonata
4045,FORD,2015,1.5,Petrol,Automatic,101725,Sedan,15994,Fusion
4046,SSANGYONG,2013,2.0,Diesel,Automatic,105028,Jeep,29075,REXTON
4047,MERCEDES-BENZ,2015,3.5,Diesel,Automatic,49138,Jeep,22894,ML 350
4048,DAEWOO,2009,1.6,Petrol,Automatic,66564,Sedan,5802,Lacetti
4049,SUZUKI,2009,2.0,Petrol,Automatic,66487,Jeep,9408,SX4
4050,VAZ,1999,1.7,Petrol,Manual,621,Sedan,3700,2107 07
4051,TOYOTA,2011,2.5,Petrol,Tiptronic,129245,Sedan,14740,Camry
4052,TOYOTA,2010,1.8,Hybrid,Variator,129245,Sedan,14583,Prius
4053,HYUNDAI,2016,2.0,Diesel,Automatic,90309,Jeep,41553,Santa FE
4054,NISSAN,2011,2.5,Petrol,Automatic,165794,Sedan,2744,Altima
4055,NISSAN,2015,1.6,Petrol,Automatic,54976,Jeep,3763,Juke
4056,BMW,2012,3.0,Petrol,Tiptronic,77050,Sedan,34497,535
4057,TOYOTA,2013,2.5,Petrol,Tiptronic,63380,Sedan,20385,Camry
4058,MITSUBISHI,2004,1.2,Petrol,Variator,111847,Hatchback,7213,Colt
4059,FORD,2015,2.0,Diesel,Manual,74565,Microbus,30420,Transit Custom
4060,HYUNDAI,2017,2.0,Diesel,Automatic,54681,Jeep,56845,Santa FE
4061,HYUNDAI,2016,2.0,Petrol,Automatic,32311,Sedan,22580,Elantra
4062,LEXUS,2016,1.8,Hybrid,Automatic,44679,Hatchback,6743,CT 200h
4063,HONDA,2012,1.5,Hybrid,Automatic,90971,Sedan,2901,Civic
4064,TOYOTA,2015,2.5,Petrol,Automatic,94206,Sedan,7527,Camry
4065,HONDA,2016,1.3,Petrol,Automatic,10386,Universal,30602,FIT
4066,ACURA,2014,3.5,Petrol,Automatic,50704,Jeep,39201,RDX
4067,TOYOTA,2013,2.5,Hybrid,Automatic,77617,Sedan,3763,Camry
4068,SSANGYONG,2016,1.6,Diesel,Automatic,34890,Jeep,44134,Actyon
4069,HONDA,2004,3.0,Petrol,Automatic,136080,Minivan,7840,Elysion 3.0
4070,HYUNDAI,2015,2.0,Diesel,Automatic,100282,Jeep,27827,Tucson
4071,BMW,2004,3.0,Petrol,Tiptronic,186411,Jeep,16000,X5
4072,HYUNDAI,2014,2.0,Diesel,Automatic,106020,Jeep,35237,Santa FE
4073,HYUNDAI,2017,2.0,LPG,Automatic,214569,Sedan,11604,Sonata
4074,HYUNDAI,2018,1.6,Petrol,Automatic,34092,Sedan,32929,Elantra
4075,HYUNDAI,2011,2.0,Diesel,Automatic,80157,Jeep,19657,Tucson
4076,HYUNDAI,2010,2.0,Petrol,Automatic,105844,Coupe,16954,Genesis
4077,SSANGYONG,2011,2.0,Diesel,Automatic,117970,Sedan,16333,Actyon
4078,HYUNDAI,2016,2.5,Diesel,Automatic,25476,Minivan,41654,H1
4079,HYUNDAI,2010,2.5,Diesel,Automatic,51021,Minivan,19441,H1
4080,MERCEDES-BENZ,2011,3.0,Diesel,Automatic,169750,Sedan,9879,E 350
4081,MERCEDES-BENZ,2013,3.5,Petrol,Automatic,87489,Sedan,15681,E 350
4082,OPEL,2007,1.9,Diesel,Manual,164663,Minivan,13485,Zafira B
4083,TOYOTA,2009,1.5,Hybrid,Automatic,61516,Hatchback,11290,Prius
4084,TOYOTA,2008,2.4,Hybrid,Automatic,106379,Sedan,11800,Camry
4085,AUDI,2013,3.0,Petrol,Automatic,187472,Hatchback,4704,A7
4086,TOYOTA,2018,2.0,Petrol,Automatic,14177,Jeep,2195,CHR
4087,TOYOTA,2008,1.5,Hybrid,Variator,90099,Sedan,13799,Prius 1.5I
4088,HYUNDAI,2010,2.0,Petrol,Automatic,98589,Coupe,16280,Genesis
4089,HYUNDAI,2016,2.5,Diesel,Automatic,25400,Universal,30326,H1
4090,MERCEDES-BENZ,1998,2.8,CNG,Automatic,1988,Sedan,7840,E 280
4091,MERCEDES-BENZ,2011,3.5,Petrol,Automatic,154426,Sedan,11447,E 350
4092,CHEVROLET,2012,1.4,Petrol,Tiptronic,101283,Sedan,16308,Cruze
4093,MERCEDES-BENZ,2008,3.0,Diesel,Automatic,109121,Sedan,2430,E 350
4094,HYUNDAI,2018,2.0,Diesel,Automatic,29634,Jeep,53188,Santa FE
4095,CHEVROLET,2013,2.0,Petrol,Automatic,65895,Sedan,24283,Malibu
4096,HONDA,2002,1.3,Petrol,Automatic,100041,Hatchback,6272,FIT
4097,MERCEDES-BENZ,2012,3.0,Diesel,Automatic,168827,Jeep,26657,ML 350
4098,KIA,2011,2.7,Petrol,Automatic,42318,Sedan,10036,Cadenza
4099,VOLKSWAGEN,2007,2.5,Petrol,Automatic,123184,Sedan,9722,Jetta
4100,TOYOTA,2012,1.8,Hybrid,Variator,122410,Universal,21326,Prius V
4101,MERCEDES-BENZ,2013,2.2,Diesel,Manual,103769,Minivan,23521,Vito
4102,HYUNDAI,2011,2.5,Diesel,Automatic,147795,Universal,17054,H1
4103,HYUNDAI,2016,2.0,Hybrid,Automatic,44253,Sedan,5018,Sonata
4104,NISSAN,2016,1.6,Petrol,Automatic,113088,Jeep,2117,Juke
4105,BMW,2001,3.0,Petrol,Manual,205052,Coupe,10036,330
4106,HYUNDAI,2012,2.0,LPG,Automatic,22708,Sedan,8311,Sonata
4107,VOLKSWAGEN,2004,1.9,Diesel,Manual,111847,Minivan,4200,Sharan
4108,TOYOTA,2016,1.6,Hybrid,Automatic,52817,Hatchback,32929,Prius
4109,KIA,2013,2.0,Petrol,Automatic,32590,Sedan,8320,Optima
4110,FORD,2010,2.5,Hybrid,Automatic,112451,Sedan,12544,Fusion
4111,TOYOTA,2018,1.5,Hybrid,Automatic,6178,Universal,45825,Aqua
4112,MERCEDES-BENZ,2002,2.7,Diesel,Tiptronic,179314,Jeep,17249,ML 270 CDI
4113,HYUNDAI,2016,2.4,Petrol,Tiptronic,37282,Sedan,21169,Sonata
4114,HYUNDAI,2011,2.0,Petrol,Tiptronic,73336,Jeep,31047,IX35
4115,TOYOTA,2001,2.0,Petrol,Manual,155343,Jeep,4077,RAV 4
4116,HYUNDAI,2014,1.8,Petrol,Tiptronic,96536,Sedan,17876,Elantra
4117,TOYOTA,2015,3.5,Petrol,Automatic,76067,Sedan,6899,Avalon
4118,BMW,2014,3.0,Diesel,Automatic,68795,Jeep,16621,X5
4119,VOLKSWAGEN,2016,1.8,Petrol,Tiptronic,49710,Sedan,29793,Passat
4120,BMW,2001,1.9,Petrol,Tiptronic,99012,Sedan,8781,318
4121,VOLKSWAGEN,2012,1.9,Diesel,Tiptronic,5033,Sedan,18189,Jetta TDI
4122,HONDA,2015,1.5,Petrol,Automatic,81682,Hatchback,16960,FIT
4123,HYUNDAI,2014,1.6,Diesel,Automatic,51665,Sedan,28830,Elantra
4124,HYUNDAI,2014,1.8,Petrol,Automatic,68776,Sedan,3763,Elantra
4125,OPEL,2003,1.8,Petrol,Manual,125268,Minivan,11917,Zafira
4126,FORD,1996,2.5,Diesel,Manual,167770,Microbus,9722,Transit
4127,TOYOTA,2010,3.5,Petrol,Tiptronic,140181,Jeep,40769,Highlander
4128,FORD,2013,1.6,Petrol,Tiptronic,80530,Sedan,20385,Fusion
4129,HYUNDAI,2012,2.5,Diesel,Automatic,36850,Minivan,14301,H1
4130,HYUNDAI,2014,2.4,Petrol,Automatic,151780,Sedan,2587,Sonata
4131,KIA,2013,2.4,Petrol,Tiptronic,44263,Sedan,19400,Optima
4132,MAZDA,2016,2.0,Petrol,Automatic,60197,Sedan,13799,Mazda 3 SPORT
4133,HYUNDAI,2014,2.5,Diesel,Automatic,94358,Minivan,30517,H1
4134,HYUNDAI,2011,2.0,Diesel,Automatic,119356,Jeep,18647,Tucson
4135,OPEL,1996,1.6,CNG,Manual,690,Sedan,3000,Astra
4136,TOYOTA,2016,2.5,Petrol,Automatic,25488,Jeep,14897,RAV 4
4137,HYUNDAI,2017,2.0,Petrol,Automatic,55302,Sedan,20385,Elantra
4138,HYUNDAI,2017,2.0,Diesel,Automatic,105031,Jeep,37125,Tucson
4139,HYUNDAI,2011,1.6,Petrol,Automatic,77604,Sedan,19384,Elantra
4140,SSANGYONG,2009,2.7,Diesel,Automatic,101433,Jeep,20532,REXTON
4141,HYUNDAI,2012,2.0,Petrol,Automatic,96934,Pickup,14740,I30
4142,HYUNDAI,2016,2.0,LPG,Automatic,187547,Sedan,15530,Sonata
4143,BMW,2010,3.0,Petrol,Tiptronic,106254,Jeep,42337,X6
4144,KIA,2012,2.4,Hybrid,Automatic,6904,Sedan,20000,Optima
4145,VOLKSWAGEN,1996,2.0,Petrol,Manual,126547,Sedan,3000,Vento
4146,HYUNDAI,2008,2.5,Diesel,Automatic,57814,Minivan,25089,H1
4147,OPEL,1998,1.6,Petrol,Manual,2175,Sedan,5645,Vectra
4148,HONDA,2015,1.8,Petrol,Automatic,15345,Sedan,46866,Civic
4149,HYUNDAI,2016,3.0,LPG,Automatic,95453,Sedan,26262,Sonata
4150,MERCEDES-BENZ,2015,3.5,Diesel,Automatic,49138,Jeep,22894,ML 350
4151,VOLKSWAGEN,2012,2.5,Petrol,Tiptronic,52817,Sedan,18503,Passat
4152,FORD,2017,2.0,Petrol,Automatic,29826,Sedan,16308,Focus
4153,BMW,2015,3.0,Diesel,Automatic,124930,Jeep,3607,X5
4154,HONDA,2008,1.3,Hybrid,Automatic,100739,Sedan,5372,Civic
4155,OPEL,2004,1.6,Petrol,Manual,119040,Hatchback,10036,Astra
4156,LEXUS,2010,4.6,Petrol,Automatic,162036,Jeep,46728,GX 460
4157,BMW,2005,3.0,Petrol,Tiptronic,121789,Jeep,17249,X5
4158,DAEWOO,2009,1.6,Petrol,Automatic,102404,Sedan,8097,Lacetti
4159,BMW,2012,3.0,Petrol,Tiptronic,102402,Sedan,32929,535
4160,TOYOTA,2013,2.5,Hybrid,Tiptronic,75857,Sedan,25089,Camry
4161,KIA,2012,2.0,Petrol,Automatic,214791,Sedan,6743,Optima
4162,TOYOTA,2012,1.5,Hybrid,Variator,75807,Hatchback,10663,Aqua
4163,FORD,2014,2.0,Hybrid,Variator,27340,Hatchback,18817,C-MAX
4164,HYUNDAI,2012,1.8,Petrol,Manual,113338,Sedan,16621,Elantra GT
4165,CHEVROLET,2007,2.0,Diesel,Automatic,41902,Jeep,6241,Captiva
4166,DODGE,2012,3.6,Petrol,Tiptronic,99419,Minivan,21012,Caravan
4167,SUBARU,2014,2.0,Petrol,Tiptronic,111847,Jeep,19757,XV
4168,FORD,2017,2.0,Petrol,Tiptronic,62634,Sedan,23521,Focus TITANIUM
4169,HYUNDAI,2013,1.6,Petrol,Automatic,29880,Sedan,25591,Elantra
4170,KIA,2015,2.4,Hybrid,Tiptronic,29826,Sedan,21326,Optima ECO
4171,DAIHATSU,1998,1.3,Petrol,Manual,621,Jeep,6272,Terios
4172,HYUNDAI,2011,2.0,Diesel,Automatic,114374,Jeep,22357,Tucson
4173,FORD,2009,2.5,Hybrid,Automatic,88937,Jeep,14113,Escape Hybrid
4174,HONDA,2017,1.5,Hybrid,Automatic,68382,Hatchback,16750,FIT
4175,MITSUBISHI,2003,1.3,Petrol,Variator,152236,Hatchback,5018,Colt
4176,VOLKSWAGEN,2012,2.0,Petrol,Automatic,40389,Sedan,13485,Jetta
4177,HYUNDAI,2013,2.4,Hybrid,Automatic,134345,Sedan,1176,Sonata
4178,TOYOTA,2001,1.3,Petrol,Automatic,118371,Sedan,6899,Vitz
4179,HYUNDAI,2017,1.6,Petrol,Tiptronic,10563,Jeep,45473,Tucson
4180,HYUNDAI,2014,1.6,Diesel,Automatic,86121,Sedan,20266,Elantra
4181,BMW,2004,3.0,Petrol,Tiptronic,124896,Sedan,15053,530
4182,MERCEDES-BENZ,2005,3.7,Petrol,Tiptronic,173984,Jeep,17249,ML 350
4183,TOYOTA,2006,1.5,Hybrid,Automatic,71458,Hatchback,12000,Prius
4184,MERCEDES-BENZ,2006,3.5,CNG,Tiptronic,104119,Sedan,17249,E 350
4185,TOYOTA,2010,1.8,Hybrid,Automatic,119303,Hatchback,17562,Prius
4186,VOLKSWAGEN,2013,3.6,Petrol,Automatic,62758,Sedan,27598,CC
4187,MERCEDES-BENZ,2011,3.5,Diesel,Automatic,140586,Coupe,1568,E 350
4188,LEXUS,2010,4.6,Petrol,Automatic,96823,Jeep,26030,GX 460
4189,HYUNDAI,2011,2.0,Diesel,Automatic,80237,Jeep,28780,Santa FE
4190,TOYOTA,2009,1.8,Hybrid,Variator,155094,Hatchback,14700,Prius
4191,SUBARU,2014,2.5,Petrol,Variator,78914,Jeep,19444,Forester
4192,LEXUS,2013,4.6,Petrol,Automatic,125921,Jeep,54568,GX 470
4193,TOYOTA,2015,1.8,Hybrid,Automatic,41756,Sedan,21953,Prius
4194,MERCEDES-BENZ,2009,3.5,Diesel,Automatic,165323,Sedan,1411,E 350
4195,RENAULT,2009,1.5,Diesel,Manual,149129,Hatchback,13642,Megane
4196,TOYOTA,2013,2.5,Petrol,Automatic,87196,Sedan,17562,Camry
4197,TOYOTA,2008,1.5,Hybrid,Variator,85128,Hatchback,13485,Prius
4198,MITSUBISHI,1998,1.8,Petrol,Automatic,80778,Jeep,10036,Pajero IO
4199,HYUNDAI,2011,2.5,Diesel,Automatic,23788,Minivan,29636,H1
4200,HYUNDAI,2010,2.0,Petrol,Automatic,109756,Sedan,13953,Sonata
4201,BMW,2013,2.0,Petrol,Tiptronic,109361,Sedan,42337,528 i
4202,MAZDA,2015,2.5,Petrol,Automatic,29826,Jeep,31361,CX-5
4203,OPEL,2007,1.9,Diesel,Manual,138082,Universal,7840,Astra
4204,KIA,2009,1.0,Petrol,Automatic,55923,Sedan,4391,Picanto
4205,TOYOTA,2012,2.5,Petrol,Tiptronic,41004,Sedan,20385,Camry se
4206,LEXUS,2014,1.8,Hybrid,Tiptronic,50952,Hatchback,36692,CT 200h
4207,TOYOTA,2018,2.0,Petrol,Automatic,24055,Jeep,10349,CHR
4208,FORD,2016,2.0,Hybrid,Automatic,121151,Sedan,8781,Fusion
4209,FORD,2007,3.5,Petrol,Automatic,74565,Jeep,5000,Edge
4210,HYUNDAI,2012,2.4,Hybrid,Tiptronic,79722,Sedan,17249,Sonata Hybrid
4211,MERCEDES-BENZ,2010,3.5,Petrol,Tiptronic,124274,Coupe,34497,E 350
4212,TOYOTA,2007,1.5,Hybrid,Automatic,208781,Sedan,13172,Prius
4213,BMW,2017,3.0,Petrol,Tiptronic,29826,Jeep,61154,X5
4214,FORD,2013,2.5,Petrol,Automatic,44117,Sedan,16308,Fusion
4215,HYUNDAI,2013,2.0,Diesel,Automatic,90068,Jeep,37232,Santa FE
4216,MERCEDES-BENZ,2013,3.0,Diesel,Automatic,71141,Jeep,23207,ML 350
4217,HYUNDAI,2011,2.0,Petrol,Automatic,80210,Sedan,17158,Sonata
4218,HYUNDAI,2013,2.0,LPG,Automatic,30196,Sedan,9408,Sonata
4219,HYUNDAI,2014,2.0,Diesel,Automatic,98875,Jeep,37574,Santa FE
4220,CHEVROLET,2010,1.6,Petrol,Automatic,29720,Sedan,6209,Cruze
4221,HYUNDAI,2014,2.0,LPG,Automatic,219374,Sedan,10036,Sonata
4222,CHEVROLET,2010,1.6,Petrol,Automatic,36177,Sedan,5488,Cruze
4223,HYUNDAI,2016,2.0,LPG,Automatic,175288,Sedan,19914,Sonata
4224,HONDA,2012,2.4,Petrol,Tiptronic,65152,Jeep,24775,Cr-v
4225,MERCEDES-BENZ,2000,2.6,Petrol,Tiptronic,16777,Sedan,9095,C 240
4226,MERCEDES-BENZ,2014,3.5,Petrol,Automatic,90966,Sedan,1882,E 350
4227,MERCEDES-BENZ,2017,2.0,Petrol,Automatic,31646,Sedan,22580,E 300
4228,HYUNDAI,2016,1.7,Diesel,Automatic,71107,Jeep,35344,Tucson
4229,MERCEDES-BENZ,2001,2.0,LPG,Tiptronic,107497,Coupe,8154,C 200 KOMPRESSOR
4230,BMW,2004,4.4,Petrol,Tiptronic,114954,Jeep,18817,X5 rest
4231,TOYOTA,2014,2.5,Hybrid,Automatic,111462,Sedan,11133,Camry
4232,CHEVROLET,2014,2.0,Petrol,Automatic,89038,Sedan,18500,Malibu
4233,HONDA,2009,1.3,Hybrid,Tiptronic,152112,Sedan,12231,Insight
4234,TOYOTA,2013,1.8,Hybrid,Automatic,134456,Hatchback,21330,Prius
4235,TOYOTA,2006,2.4,Petrol,Automatic,188897,Jeep,16308,RAV 4
4236,LEXUS,2012,4.6,Petrol,Automatic,142501,Jeep,52059,GX 460
4237,HYUNDAI,2016,1.8,Petrol,Automatic,43633,Sedan,34877,Elantra
4238,CHEVROLET,2012,2.0,Diesel,Automatic,220756,Sedan,10506,Cruze
4239,TOYOTA,2012,1.8,Hybrid,Variator,59647,Sedan,20385,Prius
4240,TOYOTA,2017,2.5,Petrol,Automatic,10253,Jeep,47042,RAV 4
4241,KIA,2018,1.6,Petrol,Automatic,40669,Jeep,1646,RIO
4242,CHEVROLET,2014,1.4,Hybrid,Automatic,69670,Hatchback,6586,Volt
4243,HONDA,2014,1.5,Hybrid,Automatic,70836,Hatchback,10976,FIT
4244,SSANGYONG,2013,2.0,Diesel,Automatic,76864,Jeep,32311,REXTON
4245,SSANGYONG,2015,1.6,Petrol,Automatic,133595,Jeep,25139,Actyon
4246,VOLKSWAGEN,1999,1.6,LPG,Manual,111882,Universal,5645,Golf 4
4247,TOYOTA,2006,1.4,Hybrid,Variator,107497,Hatchback,11917,Prius
4248,NISSAN,2008,1.5,Petrol,Automatic,64623,Hatchback,8154,Note
4249,TOYOTA,2016,2.5,Hybrid,Automatic,29486,Jeep,19444,RAV 4
4250,VOLKSWAGEN,1999,1.8,CNG,Tiptronic,124274,Sedan,4704,Passat
4251,MERCEDES-BENZ,2004,2.2,Diesel,Automatic,767,Sedan,11604,C 230
4252,TOYOTA,2017,2.5,Petrol,Automatic,37282,Jeep,50178,RAV 4
4253,MERCEDES-BENZ,2000,2.0,Petrol,Manual,161556,Sedan,8467,C 200
4254,AUDI,2012,3.0,Petrol,Tiptronic,100041,Coupe,58018,A7
4255,HONDA,2018,1.5,Petrol,Automatic,37321,Sedan,11290,Accord
4256,TOYOTA,2017,2.5,Petrol,Automatic,29848,Sedan,4234,Camry
4257,CHEVROLET,2012,1.4,Plug-in Hybrid,Automatic,99419,Sedan,24462,Volt
4258,HYUNDAI,2011,2.5,Diesel,Automatic,138320,Universal,18500,H1
4259,SUBARU,2009,2.5,Petrol,Automatic,82642,Jeep,13172,Forester
4260,MITSUBISHI,2001,3.5,CNG,Tiptronic,92584,Jeep,10036,Pajero
4261,HYUNDAI,2018,1.6,Petrol,Automatic,32311,Sedan,31581,Elantra
4262,HYUNDAI,2014,2.0,Diesel,Automatic,83730,Jeep,30351,Tucson
4263,TOYOTA,2015,1.8,Hybrid,Automatic,65117,Jeep,2038,Prius
4264,SSANGYONG,2016,2.2,Diesel,Automatic,34492,Jeep,57108,REXTON
4265,HYUNDAI,2012,1.8,Petrol,Tiptronic,98177,Sedan,12544,Elantra SE
4266,HYUNDAI,2011,2.0,LPG,Automatic,56683,Sedan,7683,Sonata
4267,OPEL,2001,2.0,Diesel,Manual,24855,Sedan,7213,Astra
4268,HONDA,2012,1.3,Petrol,Variator,72079,Hatchback,8154,Fred
4269,FORD,2007,2.2,Diesel,Manual,108740,Microbus,12858,Transit
4270,MITSUBISHI,2007,2.4,Petrol,Automatic,994,Jeep,12544,Grandis
4271,HYUNDAI,2010,2.0,Diesel,Automatic,151336,Jeep,19309,Santa FE
4272,SSANGYONG,2011,2.0,Diesel,Automatic,33133,Jeep,32035,REXTON
4273,TOYOTA,2018,1.8,Hybrid,Automatic,1306,Hatchback,40769,Prius
4274,HYUNDAI,2013,1.6,Petrol,Tiptronic,100414,Hatchback,17562,Veloster
4275,MAZDA,2005,1.5,Petrol,Automatic,109361,Hatchback,7527,Verisa
4276,BMW,2011,3.0,Diesel,Automatic,148508,Jeep,51746,X5
4277,NISSAN,2018,1.6,Petrol,Tiptronic,4971,Jeep,24775,Kicks
4278,TOYOTA,2007,2.4,Hybrid,Variator,93827,Sedan,18817,Camry
4279,TOYOTA,2012,2.5,Petrol,Automatic,99358,Jeep,5959,RAV 4
4280,VOLKSWAGEN,2013,1.4,Hybrid,Automatic,99408,Sedan,2509,Jetta
4281,MERCEDES-BENZ,2015,2.0,Petrol,Automatic,96509,Jeep,16308,GLA 250
4282,TOYOTA,2010,1.8,Hybrid,Automatic,161556,Sedan,14740,Prius
4283,HYUNDAI,2017,2.0,Diesel,Automatic,44764,Jeep,42717,Santa FE
4284,NISSAN,2005,1.5,Petrol,Automatic,85749,Hatchback,8311,Tiida
4285,TOYOTA,2018,2.5,Petrol,Tiptronic,37282,Sedan,50178,Camry
4286,TOYOTA,2013,2.5,Hybrid,Automatic,104390,Sedan,24462,Camry
4287,CHEVROLET,2010,2.0,Diesel,Automatic,38616,Jeep,11917,Captiva
4288,TOYOTA,2008,1.6,Hybrid,Automatic,11185,Sedan,9408,Prius
4289,SUZUKI,2008,2.0,Petrol,Automatic,55302,Jeep,8154,SX4
4290,HYUNDAI,2016,2.5,Diesel,Automatic,57044,Minivan,37066,H1
4291,LEXUS,2010,3.5,Hybrid,Automatic,195900,Jeep,2509,RX 450
4292,MINI,2012,1.6,Petrol,Automatic,71926,Cabriolet,1176,Cooper
4293,INFINITI,2004,3.5,Petrol,Tiptronic,140181,Jeep,11604,FX35
4294,VOLKSWAGEN,2012,2.0,Diesel,Automatic,123189,Sedan,4391,Jetta
4295,CHEVROLET,2012,2.0,Diesel,Automatic,125450,Jeep,15125,Orlando
4296,CHEVROLET,2011,2.2,Diesel,Automatic,83573,Jeep,22549,Captiva
4297,HONDA,2010,3.5,Petrol,Automatic,83885,Minivan,25089,Odyssey
4298,CADILLAC,2015,3.6,Petrol,Automatic,52692,Coupe,42337,ATS
4299,HYUNDAI,2016,2.0,LPG,Automatic,159548,Sedan,15681,Sonata
4300,CHEVROLET,2011,1.8,Petrol,Manual,17398,Sedan,9408,Cruze
4301,TOYOTA,2012,2.5,Hybrid,Automatic,166952,Sedan,3136,Camry
4302,SSANGYONG,2013,2.0,Diesel,Automatic,95468,Jeep,32311,REXTON
4303,TOYOTA,2006,2.5,Petrol,Tiptronic,65865,Sedan,10663,Mark X
4304,SUZUKI,2019,1.0,Petrol,Tiptronic,2983,Jeep,46414,Vitara GL+
4305,LEXUS,2014,1.8,Hybrid,Automatic,82371,Hatchback,11447,CT 200h
4306,HYUNDAI,2018,2.5,Diesel,Automatic,16467,Universal,65040,H1
4307,BMW,2009,4.4,Petrol,Tiptronic,98177,Jeep,40000,X6
4308,HYUNDAI,2013,1.6,Petrol,Automatic,73011,Sedan,17158,Elantra
4309,SSANGYONG,2017,1.6,Petrol,Automatic,19349,Jeep,38311,Actyon
4310,SUBARU,2015,2.5,Petrol,Automatic,56167,Jeep,6899,Forester
4311,SSANGYONG,2014,2.0,Diesel,Automatic,83492,Jeep,25512,Korando
4312,KIA,2017,1.2,Petrol,Manual,58409,Sedan,15524,Picanto
4313,GMC,2019,2.0,Petrol,Automatic,22306,Sedan,14269,TERRAIN
4314,HYUNDAI,2011,1.6,Petrol,Automatic,83129,Sedan,19679,Elantra
4315,FIAT,2012,1.4,Petrol,Automatic,97752,Sedan,3293,500
4316,NISSAN,2017,1.6,Petrol,Automatic,37266,Jeep,3136,Versa
4317,TOYOTA,2018,2.5,Petrol,Tiptronic,24855,Jeep,48610,RAV 4
4318,HYUNDAI,2014,2.0,Diesel,Automatic,74734,Jeep,28617,Tucson
4319,MERCEDES-BENZ,2008,3.0,Diesel,Automatic,109121,Sedan,2430,E 350
4320,JEEP,2004,3.7,CNG,Automatic,124274,Jeep,9722,Liberty
4321,HYUNDAI,2014,2.5,Diesel,Automatic,75064,Minivan,37000,H1
4322,SSANGYONG,2017,1.6,Petrol,Automatic,50547,Jeep,35610,Actyon
4323,HONDA,2005,1.3,Petrol,Variator,75656,Hatchback,7213,FIT
4324,VOLKSWAGEN,2012,2.0,Petrol,Tiptronic,690,Sedan,16308,CC R line
4325,HYUNDAI,2016,2.5,Diesel,Automatic,32206,Universal,44247,H1
4326,FORD,2017,3.5,Petrol,Automatic,81088,Jeep,11917,Expedition
4327,HONDA,2011,1.3,Petrol,Automatic,114954,Sedan,8154,FIT
4328,KIA,2012,2.4,Petrol,Tiptronic,75186,Sedan,15681,Optima
4329,MERCEDES-BENZ,2015,2.0,Petrol,Automatic,61853,Jeep,11133,GLA 250
4330,MERCEDES-BENZ,1997,2.0,LPG,Manual,105633,Microbus,13000,Vito
4331,HYUNDAI,2016,2.5,Diesel,Automatic,84434,Minivan,36834,H1
4332,HONDA,2005,1.3,Petrol,Automatic,106876,Hatchback,7997,FIT
4333,MERCEDES-BENZ,2014,1.8,Petrol,Tiptronic,50704,Sedan,14113,C 250
4334,NISSAN,2006,1.5,Petrol,Variator,111847,Hatchback,9095,Tiida
4335,HYUNDAI,2016,2.0,Petrol,Automatic,22503,Sedan,50341,Sonata
4336,BMW,2011,1.8,Diesel,Tiptronic,43496,Jeep,26657,X1 X-Drive
4337,VOLKSWAGEN,2012,2.0,Petrol,Tiptronic,30061,Jeep,21326,Tiguan
4338,CHEVROLET,2012,1.6,Petrol,Automatic,18696,Sedan,9092,Aveo
4339,MERCEDES-BENZ,2004,2.2,Diesel,Manual,230839,Microbus,29793,Sprinter
4340,TOYOTA,2009,3.3,Hybrid,Automatic,197818,Sedan,1019,Highlander
4341,HYUNDAI,2011,3.8,Petrol,Automatic,84349,Coupe,21395,Genesis
4342,HYUNDAI,2011,2.0,Petrol,Automatic,64623,Jeep,26030,Tucson
4343,HYUNDAI,2015,2.0,Diesel,Automatic,50137,Jeep,39891,Tucson
4344,BMW,2010,3.0,Diesel,Tiptronic,122410,Sedan,25089,335
4345,FORD,2012,2.0,Hybrid,Automatic,126617,Hatchback,14113,C-MAX
4346,CHEVROLET,2009,2.0,Diesel,Automatic,41402,Sedan,7370,Cruze
4347,HYUNDAI,2015,2.0,LPG,Automatic,236164,Sedan,7056,Sonata
4348,TOYOTA,2013,1.5,Hybrid,Automatic,31814,Hatchback,21012,Prius C
4349,FORD,2007,2.3,Hybrid,Automatic,156088,Jeep,11917,Escape
4350,HYUNDAI,2012,1.6,Petrol,Automatic,91788,Sedan,20005,Elantra
4351,HYUNDAI,2017,2.0,Petrol,Automatic,21686,Sedan,54167,Sonata
4352,FORD,2008,2.3,Hybrid,Automatic,100041,Jeep,10663,Escape
4353,HYUNDAI,2018,1.7,Diesel,Automatic,29058,Jeep,47205,Tucson
4354,OPEL,2000,1.8,Petrol,Manual,152236,Sedan,8467,Vectra
4355,MERCEDES-BENZ,2006,3.5,Petrol,Tiptronic,109983,Sedan,17876,E 350
4356,LEXUS,2010,4.6,Petrol,Automatic,67214,Sedan,38060,LS 460
4357,CHEVROLET,2013,2.2,Diesel,Automatic,53661,Jeep,32104,Captiva
4358,BMW,2004,3.0,Diesel,Tiptronic,154100,Jeep,25089,X5
4359,MERCEDES-BENZ,2011,3.5,Diesel,Automatic,115912,Jeep,2038,ML 350
4360,TOYOTA,2014,1.8,Petrol,Automatic,105099,Sedan,4391,Corolla
4361,HYUNDAI,2010,2.2,Diesel,Automatic,115567,Jeep,19309,Santa FE
4362,HONDA,2015,1.5,Hybrid,Automatic,26098,Hatchback,15000,Shuttle
4363,FORD,2015,2.0,Petrol,Automatic,54497,Sedan,40092,Taurus
4364,LEXUS,2010,4.6,Petrol,Automatic,171026,Jeep,15681,GX 460
4365,HYUNDAI,2011,2.4,Hybrid,Tiptronic,32063,Sedan,17249,Sonata
4366,HYUNDAI,2009,2.0,Petrol,Automatic,77889,Coupe,16358,Genesis
4367,SSANGYONG,2017,1.6,Diesel,Automatic,50744,Jeep,43868,Actyon
4368,CHEVROLET,2007,2.0,Diesel,Manual,142915,Jeep,19444,Captiva
4369,TOYOTA,2015,1.5,Petrol,Tiptronic,48715,Sedan,17249,Yaris iA
4370,TOYOTA,2015,1.5,Hybrid,Automatic,89477,Hatchback,20385,Prius C
4371,AUDI,2011,3.2,Petrol,Tiptronic,108119,Jeep,14740,Q5
4372,FORD,2015,2.0,Petrol,Automatic,102909,Sedan,16308,Focus Flexfuel
4373,HONDA,2011,1.3,Petrol,Automatic,71458,Hatchback,11917,FIT
4374,TOYOTA,2013,1.8,Hybrid,Variator,71458,Sedan,23521,Prius
4375,MERCEDES-BENZ,2016,3.0,Petrol,Automatic,39108,Jeep,20071,GLE 350
4376,HYUNDAI,2010,2.2,Diesel,Automatic,42600,Jeep,12083,Santa FE
4377,NISSAN,2013,1.2,Petrol,Automatic,66571,Hatchback,4980,March
4378,SSANGYONG,2011,2.7,Diesel,Automatic,161556,Jeep,18240,REXTON
4379,CHEVROLET,2007,2.0,Diesel,Automatic,38734,Jeep,7683,Captiva
4380,KIA,2016,1.2,Petrol,Manual,56545,Sedan,16308,RIO
4381,HONDA,2006,1.3,Petrol,Variator,69041,Hatchback,8624,FIT
4382,CHEVROLET,2014,1.4,Petrol,Automatic,78929,Sedan,16766,Cruze
4383,TOYOTA,2016,2.5,Petrol,Automatic,59504,Jeep,7997,RAV 4
4384,LEXUS,2013,4.6,Petrol,Automatic,125921,Jeep,54568,GX 470
4385,MERCEDES-BENZ,2007,3.5,Petrol,Tiptronic,78914,Sedan,23521,CLS 350
4386,HYUNDAI,2015,2.4,Petrol,Tiptronic,105633,Sedan,15367,Sonata
4387,HYUNDAI,2020,2.0,Petrol,Automatic,15558,Sedan,15210,Elantra
4388,HONDA,2004,1.3,LPG,Variator,152236,Hatchback,6586,FIT
4389,BMW,2010,3.5,Petrol,Tiptronic,102526,Jeep,50178,X6
4390,TOYOTA,2007,1.5,Hybrid,Variator,131731,Hatchback,11290,Prius
4391,SUBARU,2003,2.0,Petrol,Automatic,96313,Jeep,12000,Forester
4392,HYUNDAI,2007,1.6,Diesel,Automatic,74847,Sedan,8643,Elantra
4393,TOYOTA,2014,1.5,Hybrid,Tiptronic,64747,Hatchback,11133,Aqua G
4394,TOYOTA,2007,1.5,Hybrid,Automatic,142915,Sedan,10976,Prius
4395,SUZUKI,2007,1.6,Petrol,Automatic,99419,Hatchback,9722,Swift Sport
4396,TOYOTA,2018,2.5,Hybrid,Automatic,79234,Sedan,9722,Camry
4397,MERCEDES-BENZ,2013,3.5,Petrol,Tiptronic,53352,Jeep,47042,ML 350
4398,FORD,2011,3.5,Petrol,Automatic,86951,Sedan,20469,Taurus
4399,CHEVROLET,2011,2.2,Diesel,Automatic,117439,Jeep,18616,Captiva
4400,FORD,2014,2.0,Petrol,Tiptronic,17137,Sedan,21326,Fusion
4401,HONDA,2012,1.3,Petrol,Automatic,67108,Hatchback,7840,FIT
4402,NISSAN,2012,1.2,Petrol,Variator,18020,Hatchback,10000,Note
4403,HYUNDAI,2014,2.0,Diesel,Automatic,46966,Jeep,40556,Tucson
4404,LEXUS,2014,1.8,Hybrid,Automatic,82371,Hatchback,11447,CT 200h
4405,MITSUBISHI,2010,2.4,Petrol,Automatic,80778,Jeep,17562,Outlander
4406,HONDA,2017,1.3,Petrol,Automatic,52817,Hatchback,28015,FIT
4407,HYUNDAI,2012,2.4,Hybrid,Tiptronic,43375,Sedan,17249,Sonata
4408,HYUNDAI,2012,2.5,Diesel,Automatic,127645,Universal,19369,H1
4409,FORD,2015,2.0,Petrol,Tiptronic,79535,Sedan,20385,Fusion
4410,JEEP,2015,2.4,Petrol,Automatic,70725,Jeep,2195,Patriot
4411,HYUNDAI,2013,1.8,Petrol,Tiptronic,59962,Hatchback,19000,Elantra
4412,SEAT,2002,1.9,Diesel,Manual,69041,Hatchback,5959,Leon
4413,HYUNDAI,2010,2.0,LPG,Automatic,82782,Sedan,9408,Genesis
4414,MERCEDES-BENZ,2010,3.0,Petrol,Automatic,103396,Sedan,15681,300
4415,RENAULT,2014,1.5,Diesel,Manual,57290,Jeep,21953,Duster
4416,TOYOTA,2007,1.5,Petrol,Automatic,143164,Hatchback,10976,Yaris
4417,HYUNDAI,2014,2.5,Diesel,Automatic,72990,Minivan,34673,H1
4418,HYUNDAI,2014,2.4,Hybrid,Tiptronic,59214,Sedan,22580,Sonata
4419,CHEVROLET,2015,2.0,Diesel,Automatic,54924,Jeep,37062,Captiva
4420,BMW,2003,4.4,LPG,Tiptronic,155343,Sedan,15681,545
4421,TOYOTA,2007,1.5,Hybrid,Automatic,48328,Hatchback,10036,Prius
4422,CHEVROLET,2013,1.8,Plug-in Hybrid,Automatic,125015,Hatchback,18189,Volt
4423,BMW,2009,3.5,Petrol,Tiptronic,621,Jeep,23834,X5
4424,HYUNDAI,2012,2.4,Hybrid,Automatic,54867,Sedan,22894,Sonata
4425,VOLKSWAGEN,1999,2.0,Petrol,Manual,114954,Sedan,4704,Jetta
4426,LEXUS,2015,4.6,Petrol,Automatic,66436,Jeep,47042,GX 470
4427,AUDI,2011,3.0,Diesel,Tiptronic,40389,Jeep,37633,Q7 sport
4428,VAZ,2014,1.7,Petrol,Manual,21748,Jeep,18503,2121 (Niva)
4429,HYUNDAI,2019,2.0,Petrol,Automatic,19387,Sedan,17876,Tucson
4430,MERCEDES-BENZ,2003,3.5,Petrol,Tiptronic,169860,Jeep,12858,ML 350
4431,HYUNDAI,2010,2.0,Petrol,Automatic,67718,Coupe,27755,Genesis
4432,TOYOTA,2014,2.5,Hybrid,Automatic,68225,Sedan,5488,Camry
4433,TOYOTA,2012,1.5,Hybrid,Automatic,87613,Hatchback,10036,Aqua
4434,OPEL,2007,1.4,Petrol,Manual,161556,Goods wagon,8154,Combo
4435,DAEWOO,2010,1.8,Petrol,Automatic,28911,Sedan,10192,Lacetti
4436,OPEL,2003,2.2,Petrol,Tiptronic,111847,Sedan,8467,Vectra C
4437,FORD,2012,1.8,Diesel,Manual,90099,Goods wagon,14113,Tourneo Connect
4438,HYUNDAI,2010,2.0,Petrol,Automatic,118845,Coupe,16756,Genesis
4439,FORD,2014,2.5,Petrol,Tiptronic,92460,Sedan,20385,Fusion
4440,HONDA,2013,1.5,Petrol,Automatic,73466,Hatchback,1568,FIT
4441,HONDA,2012,1.3,Petrol,Variator,107373,Hatchback,16621,Insight
4442,HYUNDAI,2010,2.0,Diesel,Automatic,134683,Jeep,22063,Tucson
4443,FORD,2005,1.8,Diesel,Manual,117439,Goods wagon,8938,Transit Connect Prastoi
4444,INFINITI,2003,3.5,Petrol,Tiptronic,126138,Jeep,16621,FX35
4445,HONDA,2011,2.4,Petrol,Automatic,82021,Minivan,15053,Elysion
4446,MAZDA,2007,1.4,Petrol,Automatic,111847,Hatchback,7840,Verisa 2007
4447,TOYOTA,2012,2.5,Petrol,Tiptronic,62137,Sedan,24775,Camry sport se
4448,FORD,2013,2.0,Hybrid,Automatic,100041,Hatchback,17249,C-MAX
4449,TOYOTA,2005,1.5,Hybrid,Variator,127381,Sedan,12544,Prius
4450,MERCEDES-BENZ,2009,3.0,Diesel,Tiptronic,98177,Jeep,34494,ML 280
4451,BMW,2003,3.0,Petrol,Tiptronic,621,Jeep,13172,X5
4452,TOYOTA,2012,1.5,Petrol,Automatic,66487,Hatchback,18422,Aqua
4453,FIAT,2013,1.4,Petrol,Tiptronic,59030,Sedan,10036,500
4454,TOYOTA,2010,1.8,Hybrid,Automatic,149129,Hatchback,18503,Prius
4455,HONDA,2016,2.4,Petrol,Automatic,55282,Jeep,10036,Cr-v
4456,SUZUKI,2005,2.7,Petrol,Manual,105633,Jeep,13172,Grand Vitara
4457,TOYOTA,2012,1.8,Hybrid,Variator,55302,Sedan,18503,Prius
4458,TOYOTA,2019,2.5,Hybrid,Automatic,5981,Sedan,3450,Camry
4459,TOYOTA,2017,1.5,Hybrid,Automatic,53847,Hatchback,15273,Aqua
4460,TOYOTA,2017,2.5,Petrol,Automatic,34400,Jeep,18189,RAV 4
4461,VOLKSWAGEN,1998,1.6,CNG,Manual,169013,Hatchback,6000,Golf 4
4462,TOYOTA,2012,1.8,Petrol,Automatic,143164,Hatchback,18817,Prius
4463,HYUNDAI,2015,2.0,LPG,Automatic,190712,Sedan,10663,Sonata
4464,LEXUS,2010,3.5,Hybrid,Automatic,103907,Jeep,5018,RX 450
4465,SSANGYONG,2011,2.0,Diesel,Automatic,62936,Jeep,29094,REXTON
4466,MERCEDES-BENZ,2007,1.7,Petrol,Automatic,63380,Sedan,11917,B 170
4467,HYUNDAI,2012,2.0,Diesel,Automatic,74136,Jeep,21103,Tucson
4468,TOYOTA,2013,1.5,Hybrid,Automatic,49088,Hatchback,17249,Prius C
4469,LEXUS,2012,4.6,Petrol,Automatic,158702,Jeep,12858,GX 460
4470,AUDI,2014,2.0,Petrol,Automatic,26343,Sedan,1254,A4
4471,KIA,2014,2.4,Petrol,Tiptronic,49710,Sedan,29793,Optima
4472,BMW,2013,3.0,Petrol,Automatic,104636,Jeep,13485,X5
4473,LEXUS,2005,3.3,Hybrid,Variator,118060,Jeep,18189,RX 400
4474,TOYOTA,2002,1.3,Petrol,Automatic,118060,Hatchback,8781,Ist
4475,TOYOTA,2019,3.5,Petrol,Automatic,10900,Sedan,31047,Tacoma
4476,TOYOTA,2009,3.3,Hybrid,Automatic,42632,Jeep,39201,Highlander LIMITED
4477,BMW,2000,2.8,Petrol,Manual,142915,Coupe,8311,328
4478,MERCEDES-BENZ,2006,2.9,Diesel,Manual,186411,Microbus,21953,Sprinter
4479,HONDA,2012,1.3,Petrol,Automatic,50331,Hatchback,7700,FIT
4480,BMW,2014,3.0,Diesel,Automatic,87852,Jeep,25089,X5
4481,HYUNDAI,2015,2.2,Diesel,Automatic,129296,Jeep,43548,Santa FE
4482,MERCEDES-BENZ,2012,3.0,Petrol,Tiptronic,99419,Sedan,28225,C 300
4483,BMW,2011,3.0,Diesel,Automatic,129055,Jeep,10036,X5
4484,CHEVROLET,2017,2.0,LPG,Automatic,17393,Jeep,21796,Orlando
4485,CHEVROLET,2012,1.4,Petrol,Automatic,98177,Sedan,11604,Cruze
4486,FIAT,2002,1.9,Diesel,Manual,105633,Goods wagon,8467,Doblo
4487,HYUNDAI,2012,1.6,Petrol,Automatic,42860,Sedan,16160,Elantra
4488,VOLKSWAGEN,2017,1.8,Petrol,Tiptronic,13981,Sedan,34497,Passat
4489,NISSAN,2004,1.2,CNG,Automatic,90099,Hatchback,6899,March
4490,HYUNDAI,2010,1.6,Petrol,Automatic,54457,Sedan,14834,Elantra
4491,TOYOTA,2014,1.5,Hybrid,Automatic,37282,Hatchback,20385,Prius C
4492,JEEP,2006,3.7,CNG,Tiptronic,97555,Jeep,18189,Grand Cherokee LAREDO
4493,HYUNDAI,2013,2.4,Petrol,Tiptronic,149129,Sedan,15053,Sonata
4494,SSANGYONG,2013,2.0,Diesel,Automatic,78365,Jeep,36808,REXTON
4495,SUZUKI,1998,2.5,Petrol,Automatic,198839,Jeep,4704,Grand Vitara
4496,HYUNDAI,2010,2.0,LPG,Automatic,55414,Sedan,7527,Sonata
4497,MERCEDES-BENZ,2017,2.0,Petrol,Automatic,31646,Sedan,22580,E 300
4498,NISSAN,2006,1.5,Petrol,Automatic,114332,Sedan,8467,Tiida
4499,BMW,2009,3.0,Diesel,Automatic,6214,Jeep,29793,X5
4500,MERCEDES-BENZ,1997,2.0,Petrol,Manual,8699,Coupe,6893,CLK 200
4501,TOYOTA,2012,3.5,Petrol,Automatic,177206,Jeep,9879,Highlander
4502,MERCEDES-BENZ,2001,2.7,Diesel,Tiptronic,152236,Sedan,10349,E 270 CDI
4503,FORD,2015,2.0,Petrol,Manual,13049,Hatchback,18189,Focus
4504,BMW,2011,3.0,Petrol,Tiptronic,64001,Sedan,26657,528
4505,MAZDA,2003,2.3,CNG,Automatic,105633,Minivan,4547,MPV
4506,HYUNDAI,2011,1.6,Petrol,Automatic,88110,Sedan,19416,Elantra
4507,MERCEDES-BENZ,2007,2.2,Diesel,Tiptronic,170877,Minivan,24148,Vito
4508,TOYOTA,2018,2.5,Hybrid,Automatic,21784,Sedan,18817,Camry
4509,VOLKSWAGEN,2011,2.0,Diesel,Automatic,80561,Hatchback,2352,Golf
4510,DODGE,2016,3.6,Petrol,Automatic,79066,Coupe,1646,Challenger
4511,TOYOTA,2012,2.5,Petrol,Automatic,124815,Sedan,4077,Camry
4512,HYUNDAI,2013,2.5,Diesel,Automatic,43070,Minivan,22433,H1
4513,FORD,2012,2.5,Petrol,Automatic,68062,Sedan,1176,Fusion
4514,FORD,2012,2.0,Hybrid,Automatic,90605,Sedan,25716,Fusion
4515,TOYOTA,2008,1.5,Hybrid,Variator,124274,Sedan,11917,Prius
4516,VOLKSWAGEN,2016,1.8,Petrol,Tiptronic,31069,Sedan,20385,Jetta
4517,HYUNDAI,2017,2.5,Diesel,Automatic,57788,Universal,52696,H1
4518,FORD,2016,2.3,Petrol,Tiptronic,49710,Coupe,47042,Mustang
4519,TOYOTA,2007,1.5,Hybrid,Tiptronic,87613,Hatchback,12231,Prius
4520,TOYOTA,2008,1.5,Hybrid,Automatic,174105,Sedan,14113,Prius
4521,HONDA,2018,2.0,Petrol,Automatic,16239,Sedan,56509,Civic
4522,BMW,1998,2.8,Petrol,Manual,180198,Sedan,7213,528
4523,HYUNDAI,2017,2.0,Diesel,Automatic,63078,Jeep,59087,Santa FE
4524,VOLKSWAGEN,2012,2.5,Petrol,Tiptronic,95691,Sedan,15681,Passat Se
4525,HYUNDAI,2018,2.0,Petrol,Automatic,15693,Sedan,64463,Sonata
4526,SUBARU,2005,3.0,LPG,Tiptronic,89477,Sedan,9095,Legacy
4527,BMW,2003,3.0,Petrol,Automatic,161556,Universal,16621,X5 3.0i
4528,NISSAN,2015,2.5,Petrol,Automatic,9010,Sedan,23207,Altima
4529,TOYOTA,1998,1.6,Petrol,Automatic,186411,Hatchback,1700,Corolla spacio
4530,TOYOTA,2014,2.5,Petrol,Automatic,120099,Sedan,27598,Camry XV50
4531,NISSAN,2004,1.2,Petrol,Automatic,108740,Hatchback,5959,March
4532,HYUNDAI,2016,2.5,Diesel,Automatic,82651,Universal,43655,H1
4533,CHEVROLET,2012,2.0,Petrol,Automatic,95154,Sedan,20542,Malibu
4534,TOYOTA,2009,1.5,Hybrid,Automatic,99419,Sedan,14113,Prius
4535,LEXUS,2013,1.8,Hybrid,Automatic,116938,Hatchback,1725,CT 200h
4536,MERCEDES-BENZ,2004,3.5,Petrol,Automatic,92584,Jeep,15053,ML 350
4537,HYUNDAI,2014,2.0,Diesel,Automatic,49566,Jeep,49858,Santa FE
4538,MERCEDES-BENZ,2004,3.2,LPG,Automatic,136702,Minivan,17562,Viano
4539,LEXUS,2010,4.6,Petrol,Automatic,162036,Jeep,46728,GX 460
4540,SSANGYONG,2016,1.6,Petrol,Automatic,14751,Jeep,45633,Actyon
4541,HYUNDAI,2015,2.0,LPG,Automatic,19884,Sedan,9565,Sonata
4542,HYUNDAI,2010,2.0,Diesel,Automatic,114103,Jeep,20817,Santa FE
4543,HYUNDAI,2014,2.4,Hybrid,Automatic,153997,Sedan,1882,Sonata
4544,TOYOTA,2018,2.0,Petrol,Tiptronic,28583,Jeep,46728,CHR
4545,HYUNDAI,2015,2.0,LPG,Automatic,231128,Sedan,12544,Sonata
4546,LEXUS,2012,1.8,Hybrid,Automatic,29382,Sedan,24738,CT 200h
4547,HYUNDAI,2017,1.7,Diesel,Automatic,24698,Jeep,49293,Tucson
4548,BMW,2003,2.5,Petrol,Tiptronic,113090,Sedan,10976,3.25E+48
4549,MITSUBISHI,2002,1.8,Petrol,Automatic,99419,Sedan,7500,Mirage
4550,SSANGYONG,2013,2.0,Diesel,Automatic,57998,Jeep,26149,Korando
4551,BMW,2017,3.0,Petrol,Automatic,38684,Jeep,54255,X5
4552,BMW,2011,3.0,Petrol,Automatic,79589,Sedan,17249,535
4553,TOYOTA,2014,1.5,Hybrid,Automatic,34079,Hatchback,15681,Prius
4554,HYUNDAI,2011,1.6,Petrol,Automatic,31821,Sedan,11604,Elantra
4555,MERCEDES-BENZ,2010,1.7,Petrol,Automatic,59652,Hatchback,6000,A 170
4556,FORD,2015,1.6,Petrol,Automatic,70265,Hatchback,15681,Fiesta
4557,TOYOTA,2008,1.5,Hybrid,Automatic,111847,Sedan,10036,Prius
4558,MERCEDES-BENZ,1996,1.8,Petrol,Manual,132032,Sedan,40769,C 180
4559,TOYOTA,2013,1.5,Hybrid,Automatic,56669,Hatchback,15950,Prius C
4560,HYUNDAI,2010,2.0,Petrol,Automatic,77711,Sedan,18826,Sonata
4561,HYUNDAI,2017,1.7,Diesel,Automatic,42929,Jeep,45210,Tucson
4562,FORD,2002,2.4,Diesel,Manual,130799,Microbus,20000,Transit
4563,SUBARU,2015,2.5,Petrol,Automatic,56167,Jeep,6899,Forester
4564,PORSCHE,1998,3.4,Petrol,Manual,65553,Coupe,37354,911 meqanika
4565,HYUNDAI,2014,2.0,Diesel,Automatic,81828,Jeep,40443,Santa FE
4566,HYUNDAI,2016,2.5,Diesel,Automatic,74286,Universal,38737,H1
4567,FORD,2013,2.0,Petrol,Automatic,55302,Sedan,18503,Fusion
4568,TOYOTA,2013,2.5,Petrol,Automatic,115388,Sedan,2352,Camry
4569,MERCEDES-BENZ,2003,2.3,Diesel,Manual,78329,Microbus,19444,Vito
4570,BMW,2003,3.0,Petrol,Manual,138574,Sedan,14113,530
4571,HYUNDAI,2010,2.0,Petrol,Automatic,71683,Coupe,15289,Genesis
4572,BMW,2005,4.4,Petrol,Tiptronic,138082,Cabriolet,24148,645
4573,HYUNDAI,2013,2.4,Petrol,Tiptronic,113649,Sedan,22423,Sonata
4574,HONDA,2007,2.4,Petrol,Automatic,54681,Jeep,18503,Cr-v
4575,CHEVROLET,2016,1.6,Diesel,Automatic,78357,Jeep,23994,Orlando
4576,VOLKSWAGEN,2014,1.8,Petrol,Tiptronic,67108,Sedan,15994,Passat
4577,TOYOTA,2015,2.5,Petrol,Tiptronic,46603,Sedan,27284,Camry
4578,MERCEDES-BENZ,2010,3.0,Diesel,Tiptronic,149129,Jeep,35438,GL 320
4579,LEXUS,2015,4.6,Petrol,Automatic,66436,Jeep,47042,GX 470
4580,VAZ,1998,1.7,Petrol,Manual,31069,Jeep,5645,2121 (Niva)
4581,HYUNDAI,2016,1.8,Petrol,Automatic,64790,Sedan,2117,Elantra
4582,VOLKSWAGEN,2012,2.0,Petrol,Tiptronic,120921,Jeep,18817,Tiguan
4583,SUBARU,2013,2.0,Petrol,Manual,79535,Jeep,10036,XV
4584,HONDA,2002,2.0,Petrol,Automatic,124274,Jeep,10349,Cr-v
4585,HYUNDAI,2017,2.0,Petrol,Automatic,38276,Sedan,50018,Sonata
4586,MERCEDES-BENZ,1999,2.4,CNG,Tiptronic,186908,Sedan,5018,C 240
4587,FORD,2004,2.4,Diesel,Manual,100998,Microbus,19914,Transit T330
4588,TOYOTA,2010,1.8,Hybrid,Variator,74565,Hatchback,16621,Prius ჰიბრიდი
4589,KIA,2011,2.7,Petrol,Automatic,26406,Sedan,11917,Cadenza
4590,HONDA,2012,1.3,Hybrid,Automatic,83885,Hatchback,7213,FIT
4591,KIA,2011,2.4,Petrol,Tiptronic,52817,Jeep,24148,Sportage
4592,FORD,2013,1.6,Petrol,Tiptronic,8699,Jeep,21639,Escape SE
4593,LEXUS,2016,4.6,Petrol,Automatic,96919,Jeep,31988,GX 460
4594,BMW,1997,2.0,Petrol,Manual,15534,Sedan,9408,3.20E+38
4595,MERCEDES-BENZ,2012,3.5,Petrol,Tiptronic,90099,Sedan,34184,E 350
4596,SSANGYONG,2011,2.0,Diesel,Automatic,120741,Sedan,16160,Actyon
4597,OPEL,2009,1.6,CNG,Manual,94448,Goods wagon,10976,Combo
4598,TOYOTA,2009,1.8,Hybrid,Automatic,100677,Hatchback,14897,Prius
4599,HYUNDAI,2016,2.5,Diesel,Automatic,68120,Minivan,36235,H1
4600,TOYOTA,2013,1.5,Petrol,Automatic,30447,Hatchback,19002,Aqua
4601,DAEWOO,2010,1.6,Petrol,Automatic,80778,Sedan,9252,Lacetti
4602,KIA,2014,1.6,Petrol,Automatic,47224,Sedan,21326,Cerato
4603,MERCEDES-BENZ,1998,2.9,Diesel,Manual,167770,Microbus,11290,Sprinter
4604,TOYOTA,2017,3.5,Petrol,Automatic,21178,Sedan,17876,Highlander
4605,HYUNDAI,2017,1.6,Petrol,Automatic,15929,Sedan,1019,Elantra
4606,TOYOTA,2019,2.5,Hybrid,Automatic,5981,Sedan,3450,Camry
4607,HYUNDAI,2012,1.6,Petrol,Automatic,70536,Sedan,19416,Elantra
4608,TOYOTA,2002,1.5,Petrol,Automatic,72700,Hatchback,8781,Ist
4609,CHEVROLET,2011,1.4,Plug-in Hybrid,Automatic,135210,Hatchback,22894,Volt
4610,LEXUS,2014,2.5,Hybrid,Automatic,81400,Sedan,21953,ES 300
4611,FORD,2003,1.7,Diesel,Manual,98798,Goods wagon,9095,Transit Connect
4612,HYUNDAI,2012,2.4,Petrol,Automatic,111888,Sedan,1490,Sonata
4613,TOYOTA,2013,2.5,Hybrid,Automatic,77617,Sedan,3763,Camry
4614,VOLKSWAGEN,2017,1.8,Petrol,Automatic,30944,Sedan,34497,Passat
4615,TOYOTA,2010,1.8,Petrol,Automatic,126138,Hatchback,14113,Ist
4616,HONDA,2018,1.3,Petrol,Automatic,3720,Hatchback,22291,FIT
4617,HYUNDAI,2008,2.5,Diesel,Automatic,32416,Minivan,15524,H1
4618,CHEVROLET,2017,1.6,Diesel,Automatic,42047,Jeep,35328,Orlando
4619,CHEVROLET,2014,1.0,Petrol,Automatic,22099,Sedan,8778,Spark
4620,FORD,2002,3.0,CNG,Automatic,162799,Jeep,6899,Escape
4621,LEXUS,2012,4.6,Petrol,Automatic,158702,Jeep,12858,GX 460
4622,HYUNDAI,2017,2.0,Petrol,Tiptronic,37692,Sedan,15681,Elantra
4623,VOLKSWAGEN,2011,2.5,Petrol,Automatic,73943,Sedan,18189,Passat
4624,OPEL,2006,1.6,Diesel,Manual,124274,Goods wagon,10976,Combo TDI
4625,HYUNDAI,2015,2.0,Diesel,Automatic,55923,Jeep,46621,Santa FE
4626,HYUNDAI,2011,2.5,Diesel,Automatic,117655,Universal,17923,H1
4627,CHEVROLET,2013,1.6,Petrol,Automatic,54527,Hatchback,13297,Aveo
4628,HONDA,2014,1.5,Petrol,Automatic,69221,Hatchback,22502,FIT
4629,HYUNDAI,2010,2.0,Diesel,Automatic,31151,Jeep,14385,Tucson
4630,OPEL,1996,1.8,Petrol,Manual,161556,Sedan,4704,Vectra B
4631,MERCEDES-BENZ,2012,3.0,Petrol,Automatic,130006,Sedan,15367,C 300
4632,MERCEDES-BENZ,2014,3.5,Diesel,Automatic,205763,Sedan,30107,E 350
4633,TOYOTA,2010,1.8,Petrol,Automatic,114778,Hatchback,17249,Prius
4634,TOYOTA,2014,2.5,Petrol,Automatic,45981,Sedan,23521,Camry
4635,CHEVROLET,2012,1.4,Petrol,Tiptronic,35791,Sedan,14113,Cruze
4636,CHRYSLER,2015,2.4,Petrol,Automatic,122286,Sedan,20385,200
4637,FORD,2013,3.5,Petrol,Automatic,62816,Sedan,29965,Taurus
4638,NISSAN,2013,1.6,Petrol,Automatic,77050,Jeep,21326,Juke
4639,MERCEDES-BENZ,2011,3.5,Diesel,Automatic,115912,Jeep,2038,ML 350
4640,TOYOTA,2018,2.0,Petrol,Automatic,24055,Jeep,10349,CHR
4641,MAZDA,2018,2.5,Petrol,Tiptronic,12427,Jeep,51746,CX-5
4642,SSANGYONG,2013,2.0,Diesel,Automatic,94975,Jeep,32035,REXTON
4643,HONDA,2016,2.0,Petrol,Automatic,21127,Sedan,48202,Civic
4644,TOYOTA,2016,2.0,Petrol,Tiptronic,56545,Jeep,47042,RAV 4
4645,HYUNDAI,2015,2.4,Petrol,Automatic,50432,Sedan,47989,Sonata
4646,HYUNDAI,2014,2.0,Diesel,Automatic,108281,Jeep,36137,Santa FE
4647,MERCEDES-BENZ,2002,2.2,Diesel,Manual,160935,Sedan,17249,E 220
4648,HYUNDAI,2011,1.6,Petrol,Automatic,26229,Sedan,11290,Accent
4649,HYUNDAI,2015,2.0,LPG,Automatic,53612,Sedan,10349,Sonata
4650,SSANGYONG,2016,2.2,Diesel,Automatic,51516,Jeep,54167,REXTON
4651,HYUNDAI,2011,1.6,Petrol,Automatic,64679,Sedan,16894,Elantra
4652,VOLKSWAGEN,2007,2.5,Petrol,Manual,9321,Hatchback,12858,Golf
4653,HYUNDAI,2010,2.0,Petrol,Automatic,64636,Coupe,19613,Genesis
4654,LEXUS,2012,1.5,Hybrid,Automatic,98177,Hatchback,21012,CT 200h
4655,TOYOTA,2013,1.5,Hybrid,Automatic,71458,Hatchback,15677,Aqua HIBRID
4656,CHEVROLET,2017,1.4,Petrol,Automatic,29080,Sedan,22894,Cruze
4657,MERCEDES-BENZ,2009,3.7,Petrol,Tiptronic,129245,Jeep,29166,ML 350
4658,TOYOTA,2013,1.8,Hybrid,Automatic,161612,Hatchback,14426,Prius V
4659,LEXUS,2018,3.5,Petrol,Automatic,5355,Jeep,3293,RX 350
4660,TOYOTA,2000,1.8,Petrol,Manual,126138,Coupe,5645,Celica
4661,CHEVROLET,2015,2.0,Diesel,Automatic,10119,Jeep,42845,Captiva
4662,VOLKSWAGEN,2015,1.8,Petrol,Automatic,43496,Sedan,17249,Jetta
4663,SUBARU,2013,2.5,Petrol,Automatic,105633,Jeep,18817,Forester
4664,CHEVROLET,2012,1.4,Plug-in Hybrid,Tiptronic,76429,Hatchback,21639,Volt
4665,HYUNDAI,2015,1.6,Petrol,Tiptronic,39768,Jeep,32929,Tucson
4666,CHEVROLET,2014,1.8,Petrol,Automatic,50840,Sedan,16879,Cruze
4667,MERCEDES-BENZ,2002,3.2,Diesel,Tiptronic,217480,Sedan,10976,S 320
4668,HYUNDAI,2012,2.0,Diesel,Automatic,91047,Jeep,22947,Tucson
4669,CHEVROLET,2015,2.0,Diesel,Automatic,57011,Jeep,22840,Captiva
4670,HYUNDAI,2016,1.7,Diesel,Automatic,80654,Jeep,36733,Tucson
4671,TOYOTA,2011,3.5,Petrol,Automatic,228704,Jeep,22580,Highlander
4672,FORD,2013,1.5,Petrol,Automatic,62137,Sedan,19444,Fusion
4673,MERCEDES-BENZ,2005,2.2,Diesel,Manual,175227,Goods wagon,17249,Vito
4674,SSANGYONG,2012,2.0,Diesel,Automatic,71366,Jeep,21181,Korando
4675,MERCEDES-BENZ,2017,2.0,Petrol,Automatic,39760,Coupe,1646,C 300
4676,MITSUBISHI,2018,2.0,Hybrid,Automatic,49264,Jeep,1725,Outlander
4677,MERCEDES-BENZ,2001,3.2,Petrol,Tiptronic,133284,Sedan,11133,E 320
4678,HYUNDAI,2010,2.5,Diesel,Automatic,218168,Minivan,9888,H1
4679,KIA,2009,2.0,Diesel,Automatic,29528,Jeep,6899,Sportage
4680,HYUNDAI,2011,2.0,Diesel,Automatic,93916,Jeep,25591,Tucson
4681,MERCEDES-BENZ,2016,3.5,Diesel,Automatic,47973,Sedan,1568,E 350
4682,BMW,2010,2.0,Diesel,Manual,170256,Hatchback,25089,X1
4683,HYUNDAI,2015,1.8,Petrol,Automatic,40217,Sedan,1333,Elantra
4684,CHEVROLET,2011,1.6,Petrol,Automatic,92438,Sedan,12980,Cruze
4685,DODGE,2011,2.0,Petrol,Variator,124274,Hatchback,10976,Caliber
4686,SSANGYONG,2016,1.6,Diesel,Automatic,35911,Jeep,42400,Actyon
4687,HYUNDAI,2016,2.5,Diesel,Automatic,63590,Universal,42171,H1
4688,INFINITI,2012,3.3,Petrol,Automatic,32311,Hatchback,31361,EX37
4689,BMW,2014,3.0,Diesel,Automatic,87852,Jeep,25089,X5
4690,MITSUBISHI,2019,2.4,Petrol,Automatic,2906,Sedan,1333,Outlander
4691,CHEVROLET,2018,1.4,Petrol,Automatic,18494,Coupe,2509,1500
4692,HYUNDAI,2013,1.6,Petrol,Automatic,48860,Sedan,19121,Elantra
4693,SKODA,2009,1.6,Petrol,Manual,18641,Sedan,14113,Octavia
4694,TOYOTA,2013,1.5,Hybrid,Automatic,62268,Hatchback,13485,Aqua
4695,LEXUS,2008,3.3,Hybrid,Automatic,139578,Jeep,8154,RX 400
4696,TOYOTA,2012,1.8,Hybrid,Variator,118806,Hatchback,21326,Prius
4697,CHEVROLET,2015,2.0,Diesel,Automatic,63725,Jeep,27093,Captiva
4698,MERCEDES-BENZ,2003,3.7,CNG,Tiptronic,105633,Jeep,15053,ML 350 3.7
4699,MAZDA,2001,2.5,CNG,Automatic,11806,Minivan,4704,MPV
4700,DAEWOO,2008,1.2,Petrol,Automatic,78729,Hatchback,3920,Gentra
4701,TOYOTA,2012,1.3,Hybrid,Variator,49710,Hatchback,9408,Aqua
4702,HYUNDAI,2010,1.6,Petrol,Automatic,76798,Sedan,18240,Elantra
4703,HONDA,2005,1.3,Petrol,Automatic,12427,Sedan,9095,FIT
4704,HYUNDAI,2014,2.0,Diesel,Automatic,75303,Jeep,33908,Tucson
4705,CHEVROLET,2014,1.4,Petrol,Tiptronic,94448,Sedan,16308,Cruze
4706,SSANGYONG,2011,2.0,Diesel,Automatic,96573,Jeep,19579,Korando
4707,FORD,2008,2.3,Hybrid,Variator,115733,Jeep,17500,Escape მერკური მერინერი
4708,PORSCHE,2018,2.0,Petrol,Automatic,17920,Sedan,46414,macan
4709,HYUNDAI,2014,2.2,Diesel,Automatic,32252,Jeep,33378,Santa FE
4710,CHEVROLET,2015,2.0,Diesel,Automatic,83256,Sedan,27770,Malibu
4711,TOYOTA,2009,1.8,Hybrid,Automatic,121167,Sedan,15053,Prius
4712,SSANGYONG,2015,1.6,Petrol,Automatic,74963,Jeep,27105,Actyon
4713,LEXUS,2017,2.5,Hybrid,Automatic,54889,Sedan,14269,ES 350
4714,SSANGYONG,2013,2.0,Diesel,Automatic,65809,Jeep,42692,REXTON
4715,SUBARU,2015,2.5,Petrol,Automatic,57893,Jeep,9722,Forester
4716,DODGE,2014,3.6,Petrol,Automatic,107976,Sedan,4391,Ramcharger
4717,AUDI,2011,2.0,Petrol,Tiptronic,621,Coupe,16500,A5
4718,HONDA,2013,1.5,Hybrid,Automatic,90019,Sedan,8311,Civic
4719,MERCEDES-BENZ,2003,3.7,Petrol,Tiptronic,136702,Jeep,12000,ML 350
4720,FIAT,2012,1.4,Petrol,Manual,74565,Coupe,12544,500 Sport
4721,TOYOTA,2013,1.8,Hybrid,Automatic,110799,Minivan,3607,Prius V
4722,NISSAN,2003,1.2,Petrol,Manual,146644,Hatchback,5959,Micra
4723,HYUNDAI,2014,2.0,LPG,Automatic,220368,Sedan,11917,Sonata
4724,KIA,2018,1.6,Hybrid,Automatic,38741,Jeep,38888,Niro
4725,HYUNDAI,2011,1.6,Petrol,Automatic,74515,Sedan,18240,Elantra
4726,FORD,2002,2.0,Diesel,Manual,9321,Microbus,15053,Transit
4727,LEXUS,2013,3.5,Petrol,Automatic,160801,Jeep,4547,RX 350
4728,HYUNDAI,2016,2.4,Petrol,Tiptronic,44739,Sedan,20385,Sonata
4729,HYUNDAI,2014,2.4,Petrol,Tiptronic,107373,Sedan,17876,Sonata
4730,TOYOTA,2013,1.5,Hybrid,Variator,31069,Hatchback,17249,Aqua
4731,HYUNDAI,2014,2.0,LPG,Automatic,181091,Sedan,11604,Sonata
4732,NISSAN,2002,2.0,Petrol,Automatic,130488,Jeep,10976,X-Trail gt
4733,TOYOTA,2010,1.8,Hybrid,Variator,70836,Hatchback,15367,Prius
4734,SUZUKI,2006,1.6,Petrol,Automatic,111847,Hatchback,6272,SX4
4735,MERCEDES-BENZ,2015,3.0,Petrol,Automatic,18311,Sedan,4861,C 400
4736,KIA,2016,1.0,Petrol,Automatic,19405,Sedan,12074,Picanto
4737,HYUNDAI,2015,2.0,LPG,Automatic,26719,Sedan,13642,Sonata
4738,HYUNDAI,2015,1.6,Petrol,Automatic,23307,Sedan,15336,Elantra
4739,HYUNDAI,2016,2.0,Petrol,Automatic,16137,Sedan,49751,Sonata
4740,TOYOTA,2018,2.5,Petrol,Tiptronic,7456,Sedan,64290,Camry
4741,HYUNDAI,2017,2.5,Diesel,Automatic,62669,Universal,44542,H1
4742,FORD,2013,2.0,Petrol,Tiptronic,99419,Sedan,10976,Fusion
4743,LEXUS,2012,1.8,Hybrid,Automatic,65244,Hatchback,21796,CT 200h
4744,MERCEDES-BENZ,2014,2.0,Petrol,Tiptronic,52817,Sedan,43905,CLA 250
4745,HYUNDAI,2016,2.0,LPG,Automatic,160877,Sedan,11290,Sonata
4746,BMW,2015,3.0,Diesel,Automatic,49710,Sedan,61154,535 Diesel
4747,HYUNDAI,2016,2.5,Diesel,Automatic,84434,Minivan,36834,H1
4748,TOYOTA,2010,2.5,Petrol,Tiptronic,68706,Jeep,24775,RAV 4 SPORT
4749,HYUNDAI,2016,2.0,Diesel,Automatic,76987,Jeep,51517,Santa FE
4750,VOLKSWAGEN,2013,2.0,Diesel,Automatic,105012,Sedan,1411,Jetta
4751,TOYOTA,2010,2.4,Hybrid,Tiptronic,82021,Sedan,12231,Camry
4752,HYUNDAI,2011,2.0,Diesel,Automatic,115392,Jeep,16788,Tucson
4753,MERCEDES-BENZ,2006,2.5,Petrol,Tiptronic,144779,Sedan,15053,C 230
4754,VOLKSWAGEN,2017,1.4,Petrol,Tiptronic,8078,Sedan,22894,Jetta
4755,HYUNDAI,2015,2.0,LPG,Automatic,32311,Sedan,9879,Sonata
4756,HONDA,2013,1.3,Petrol,Variator,70215,Sedan,14113,FIT
4757,HONDA,2011,1.3,Hybrid,Variator,79535,Hatchback,13172,FIT
4758,HYUNDAI,2010,2.0,Diesel,Automatic,95689,Jeep,22693,Santa FE
4759,MITSUBISHI,2001,1.6,Petrol,Manual,160314,Sedan,5645,Carisma
4760,TOYOTA,2013,2.5,Petrol,Tiptronic,6214,Sedan,20385,Camry
4761,TOYOTA,2012,2.5,Petrol,Automatic,55923,Sedan,21326,Camry
4762,TOYOTA,2013,3.5,Petrol,Tiptronic,88235,Sedan,28225,Camry
4763,TOYOTA,2018,2.5,Petrol,Automatic,65390,Sedan,4234,Camry
4764,HYUNDAI,2016,1.7,Diesel,Automatic,62063,Jeep,43880,Tucson
4765,CHEVROLET,2009,1.6,Petrol,Automatic,101631,Sedan,12861,Lacetti
4766,FORD,2017,2.0,Petrol,Automatic,65342,Sedan,1725,Focus
4767,TOYOTA,2007,1.5,Hybrid,Automatic,49107,Hatchback,11760,Prius
4768,HONDA,2015,1.5,Petrol,Automatic,23367,Hatchback,37238,FIT
4769,TOYOTA,2011,1.8,Hybrid,Automatic,113338,Hatchback,7840,Prius
4770,HYUNDAI,2008,1.6,Petrol,Automatic,83108,Sedan,10381,Elantra
4771,CHEVROLET,2014,1.0,Petrol,Automatic,19333,Sedan,9405,Spark
4772,OPEL,1997,1.6,CNG,Manual,182851,Universal,4391,Astra
4773,MERCEDES-BENZ,2011,3.0,Diesel,Tiptronic,75807,Jeep,48610,GL 350
4774,HYUNDAI,2015,2.4,Petrol,Tiptronic,42154,Sedan,23207,Sonata SPORT
4775,HONDA,2011,1.5,Hybrid,Automatic,80233,Hatchback,1098,CR-Z
4776,NISSAN,2010,2.0,LPG,Variator,74565,Minivan,15681,Serena
4777,FORD,2014,2.5,Petrol,Tiptronic,117439,Sedan,20385,Fusion
4778,TOYOTA,2013,1.5,Hybrid,Variator,104390,Hatchback,16935,Prius C
4779,BMW,2011,3.0,Diesel,Automatic,206446,Jeep,3607,X5
4780,FIAT,2013,1.4,Petrol,Automatic,30447,Hatchback,11917,500
4781,TOYOTA,2013,2.5,Hybrid,Automatic,118402,Sedan,5018,Camry
4782,HYUNDAI,2017,2.0,LPG,Automatic,163932,Sedan,17405,Sonata
4783,HYUNDAI,2012,2.4,Petrol,Automatic,98798,Jeep,25089,Tucson
4784,TOYOTA,2015,1.8,Hybrid,Automatic,65117,Jeep,2038,Prius
4785,VAZ,2005,1.7,Petrol,Manual,77671,Sedan,4400,2107
4786,MERCEDES-BENZ,2015,2.0,Petrol,Automatic,34013,Sedan,28852,C 300
4787,NISSAN,2015,1.2,Petrol,Automatic,50173,Hatchback,6275,March
4788,BMW,2014,3.0,Diesel,Automatic,87852,Jeep,7056,X5
4789,HONDA,2011,1.3,Hybrid,Tiptronic,72109,Hatchback,8500,FIT
4790,HYUNDAI,2012,2.4,Petrol,Tiptronic,76969,Sedan,17249,Sonata
4791,FORD,2012,2.0,Petrol,Tiptronic,97431,Universal,17249,Fusion
4792,TOYOTA,2015,2.5,Petrol,Automatic,107560,Sedan,1568,Camry
4793,OPEL,2003,1.7,Diesel,Manual,124274,Goods wagon,7213,Combo
4794,MERCEDES-BENZ,2011,3.5,Diesel,Automatic,140586,Coupe,1568,E 350
4795,TOYOTA,2012,2.0,Petrol,Automatic,57415,Hatchback,16383,Aqua
4796,NISSAN,2003,1.5,Diesel,Manual,114954,Hatchback,8467,March
4797,FORD,2007,2.4,Diesel,Manual,152292,Microbus,23521,Transit
4798,SSANGYONG,2011,2.0,Diesel,Automatic,44788,Jeep,21473,Actyon
4799,HYUNDAI,2013,2.0,Diesel,Automatic,128740,Jeep,33409,Santa FE
4800,CHEVROLET,2013,2.4,Hybrid,Tiptronic,72700,Sedan,14113,Malibu eco
4801,LEXUS,2012,1.8,Hybrid,Tiptronic,202815,Hatchback,26030,CT 200h
4802,BMW,1996,2.0,Petrol,Manual,27616,Sedan,7527,520
4803,MITSUBISHI,2003,2.4,CNG,Tiptronic,69041,Minivan,8154,Grandis
4804,HYUNDAI,2010,2.0,Diesel,Automatic,49783,Jeep,27065,Tucson
4805,HYUNDAI,2016,2.0,Diesel,Automatic,29260,Jeep,36564,Tucson
4806,SUBARU,2015,2.5,Petrol,Automatic,57893,Jeep,9722,Forester
4807,TOYOTA,2012,1.8,Hybrid,Automatic,93454,Hatchback,13172,Prius
4808,HYUNDAI,2007,1.6,Petrol,Automatic,78407,Sedan,12585,Elantra
4809,CHEVROLET,2016,1.8,Petrol,Tiptronic,32933,Sedan,15681,Cruze
4810,TOYOTA,2013,2.5,Hybrid,Automatic,125268,Sedan,24148,Camry XLE
4811,CHEVROLET,2014,2.0,Diesel,Automatic,24053,Sedan,17719,Malibu
4812,LEXUS,2009,2.5,Petrol,Automatic,78737,Sedan,23602,IS 250
4813,LEXUS,2018,3.5,Petrol,Automatic,9783,Sedan,55195,RX 350
4814,TOYOTA,2012,1.8,Hybrid,Automatic,63380,Hatchback,11917,Prius
4815,HYUNDAI,2010,2.5,Diesel,Automatic,44965,Minivan,27755,H1
4816,TOYOTA,2012,2.5,Hybrid,Variator,97441,Sedan,28225,Camry
4817,CHEVROLET,2009,2.0,Diesel,Automatic,96328,Sedan,11992,Lacetti
4818,SUBARU,2000,2.0,Petrol,Manual,76636,Hatchback,8467,Forester stb
4819,MITSUBISHI,2003,1.5,Petrol,Automatic,99419,Hatchback,6899,Colt
4820,NISSAN,2004,2.0,CNG,Automatic,118060,Jeep,13172,X-Trail
4821,TOYOTA,2017,1.5,Hybrid,Automatic,89477,Hatchback,25089,Prius C
4822,FORD,2014,2.0,Petrol,Tiptronic,71458,Sedan,19444,Fusion
4823,SUBARU,2018,2.5,Petrol,Automatic,20154,Sedan,10663,Forester
4824,TOYOTA,2012,1.5,Petrol,Automatic,39146,Hatchback,19823,Aqua
4825,DAEWOO,2009,1.6,Petrol,Automatic,66564,Sedan,5802,Lacetti
4826,FORD,2010,3.0,Petrol,Automatic,93206,Sedan,2822,Fusion
4827,LEXUS,2014,4.6,Petrol,Automatic,90856,Jeep,17562,GX 470
4828,CHRYSLER,2006,2.7,Petrol,Tiptronic,68634,Sedan,7840,300
4829,BMW,2002,2.5,Petrol,Tiptronic,78293,Sedan,7683,335
4830,NISSAN,2004,1.3,LPG,Automatic,78914,Hatchback,5331,March
4831,HYUNDAI,2010,2.0,Petrol,Automatic,62137,Coupe,16091,Genesis
4832,FORD,2015,2.5,Petrol,Tiptronic,59652,Sedan,11447,Fusion
4833,HYUNDAI,2018,1.6,Petrol,Automatic,19884,Sedan,62697,Sonata
4834,TOYOTA,2017,1.8,Hybrid,Automatic,56329,Sedan,33556,Prius
4835,NISSAN,2005,1.5,Petrol,Variator,118060,Hatchback,6272,Note
4836,LEXUS,2015,3.5,Petrol,Tiptronic,223771,Jeep,58018,RX 350
4837,TOYOTA,2011,2.5,Petrol,Automatic,107373,Jeep,23521,RAV 4
4838,SKODA,2009,2.0,Petrol,Manual,46603,Sedan,8154,Octavia
4839,CHEVROLET,2012,2.0,Diesel,Automatic,94818,Jeep,17449,Orlando
4840,TOYOTA,2013,2.5,Petrol,Tiptronic,77671,Sedan,22580,Camry
4841,TOYOTA,2018,2.0,Petrol,Automatic,24055,Jeep,10349,CHR
4842,MERCEDES-BENZ,2006,4.5,LPG,Automatic,112468,Jeep,21000,GL 450
4843,HONDA,2002,2.0,Petrol,Automatic,98177,Jeep,7997,Cr-v
4844,TOYOTA,2019,2.5,Petrol,Automatic,2837,Sedan,6429,Camry
4845,HYUNDAI,2010,2.0,LPG,Automatic,50485,Sedan,7119,Sonata
4846,MITSUBISHI,1996,2.8,Diesel,Automatic,99419,Minivan,15367,Delica
4847,TOYOTA,2012,1.5,Hybrid,Automatic,69594,Hatchback,18817,Prius C
4848,HYUNDAI,2013,1.6,Diesel,Tiptronic,36040,Hatchback,19444,Elantra GT
4849,HYUNDAI,2013,2.0,Diesel,Automatic,86674,Jeep,39226,Santa FE
4850,MERCEDES-BENZ,2013,3.5,Diesel,Automatic,66984,Sedan,5802,E 350
4851,FORD,2017,2.0,Petrol,Automatic,9353,Jeep,24932,EcoSport SE
4852,HYUNDAI,2016,2.0,Diesel,Automatic,93947,Jeep,37564,Santa FE
4853,TOYOTA,2003,2.0,CNG,Automatic,130488,Minivan,7527,VOXY
4854,HYUNDAI,2016,1.6,LPG,Automatic,85899,Sedan,21395,Elantra
4855,SSANGYONG,2015,2.0,Diesel,Automatic,65900,Jeep,45342,REXTON
4856,LEXUS,2012,4.6,Petrol,Automatic,93770,Jeep,4077,GX 460
4857,HONDA,2011,1.3,Hybrid,Tiptronic,62137,Hatchback,9722,FIT Premiym
4858,SUBARU,2014,2.0,Hybrid,Automatic,81941,Jeep,12074,XV
4859,CHEVROLET,2013,1.8,Petrol,Manual,99419,Hatchback,12544,Sonic
4860,FORD,2018,2.0,Hybrid,Automatic,17904,Sedan,10192,Fusion
4861,MERCEDES-BENZ,2012,1.8,Petrol,Automatic,61516,Sedan,32929,C 250
4862,BMW,2003,2.2,Petrol,Tiptronic,89477,Sedan,5331,320
4863,MAZDA,2013,2.5,Petrol,Automatic,57663,Sedan,14426,Mazda 6
4864,NISSAN,2012,3.5,Petrol,Tiptronic,82021,Jeep,21639,Murano
4865,TOYOTA,2013,2.5,Hybrid,Automatic,46603,Sedan,17562,Camry
4866,LEXUS,2010,3.5,Hybrid,Automatic,115578,Jeep,13328,RX 450
4867,OPEL,1999,1.6,Petrol,Manual,138566,Goods wagon,6272,Astra
4868,TOYOTA,2016,2.5,Petrol,Automatic,37779,Jeep,45473,RAV 4
4869,HYUNDAI,2018,2.0,Petrol,Automatic,17055,Sedan,65052,Sonata
4870,SUBARU,2003,2.0,Petrol,Tiptronic,134838,Sedan,7840,Legacy Bl5
4871,TOYOTA,2010,3.3,Hybrid,Automatic,164587,Jeep,4861,Highlander
4872,TOYOTA,2011,2.7,Petrol,Automatic,67355,Jeep,7213,Venza
4873,HYUNDAI,2016,2.0,Petrol,Automatic,69613,Coupe,49143,Genesis
4874,MERCEDES-BENZ,2010,3.0,Petrol,Tiptronic,73322,Sedan,21953,C 300
4875,TOYOTA,2010,1.8,Hybrid,Automatic,159671,Jeep,2509,Prius
4876,MERCEDES-BENZ,2004,3.2,CNG,Tiptronic,180198,Sedan,15681,E 320
4877,MERCEDES-BENZ,2000,2.4,CNG,Tiptronic,159071,Sedan,8467,E 240
4878,CHEVROLET,2011,2.2,Petrol,Automatic,78768,Jeep,1019,HHR
4879,TOYOTA,2012,1.8,Hybrid,Automatic,49710,Hatchback,24148,Prius TSS LIMITED
4880,TOYOTA,2014,1.8,Petrol,Tiptronic,53127,Sedan,15053,Corolla
4881,BMW,2012,3.0,Diesel,Automatic,64286,Jeep,8154,X5
4882,CHEVROLET,2015,1.4,Petrol,Automatic,54681,Sedan,19444,Cruze
4883,TOYOTA,2014,2.5,Petrol,Automatic,231276,Sedan,10506,Camry
4884,HONDA,2015,1.8,Petrol,Automatic,40092,Sedan,5018,Civic
4885,NISSAN,2007,1.6,Petrol,Manual,93206,Hatchback,8624,Tiida
4886,HYUNDAI,2011,2.0,Diesel,Automatic,118986,Jeep,17948,Tucson
4887,FORD,2012,1.6,Petrol,Automatic,54681,Hatchback,13172,Fiesta
4888,MINI,2003,1.6,Petrol,Variator,106733,Coupe,7840,Cooper r50
4889,HONDA,2008,1.8,Petrol,Automatic,138367,Coupe,12544,Civic
4890,HONDA,2012,1.3,Hybrid,Automatic,61516,Hatchback,8154,FIT
4891,FORD,2011,3.0,Petrol,Tiptronic,43496,Jeep,9095,Escape
4892,FORD,1998,2.5,Diesel,Manual,141673,Goods wagon,9408,Transit
4893,VAZ,1997,1.7,Petrol,Manual,124274,Jeep,6900,2121 (Niva)
4894,FORD,2017,2.5,Petrol,Tiptronic,60894,Sedan,21482,Fusion
4895,CHEVROLET,2012,1.4,Petrol,Tiptronic,71582,Sedan,15053,Cruze
4896,MERCEDES-BENZ,2010,3.5,Petrol,Automatic,86992,Sedan,21326,E 350
4897,CITROEN,2012,2.0,Petrol,Automatic,119825,Jeep,23834,C8
4898,KIA,2014,2.0,Petrol,Automatic,27818,Sedan,16621,Optima
4899,HONDA,1998,2.0,CNG,Automatic,12427,Jeep,6272,Cr-v Cr-v
4900,CHEVROLET,2013,1.2,Petrol,Automatic,93141,Hatchback,3293,Spark
4901,HYUNDAI,2016,2.5,Diesel,Automatic,70397,Minivan,35005,H1
4902,CHEVROLET,2007,0.8,Petrol,Automatic,83800,Sedan,3293,Matiz
4903,NISSAN,2005,2.0,Petrol,Automatic,68972,Minivan,10036,Serena
4904,TOYOTA,2012,2.5,Petrol,Tiptronic,99916,Sedan,24148,Camry
4905,TOYOTA,2020,1.8,Hybrid,Automatic,4640,Sedan,6899,Corolla
4906,HYUNDAI,2012,2.4,Hybrid,Automatic,161515,Sedan,4077,Sonata
4907,CHEVROLET,2012,3.6,Petrol,Tiptronic,81524,Coupe,22894,Camaro
4908,HYUNDAI,2014,2.0,Diesel,Tiptronic,31069,Jeep,51746,IX35
4909,NISSAN,2011,2.0,Petrol,Variator,65244,Minivan,10349,Serena
4910,HYUNDAI,2013,1.8,Petrol,Tiptronic,73570,Hatchback,21953,Elantra Gt
4911,MERCEDES-BENZ,2016,3.0,Petrol,Automatic,30757,Jeep,19130,GLE 350
4912,HYUNDAI,2014,2.0,Diesel,Tiptronic,42875,Jeep,45160,Santa FE
4913,TOYOTA,2012,1.8,Hybrid,Automatic,54059,Hatchback,10663,Prius
4914,TOYOTA,2013,2.5,Hybrid,Automatic,118402,Sedan,5018,Camry
4915,FORD,2004,2.4,Petrol,Manual,621,Microbus,10000,Transit
4916,MERCEDES-BENZ,2017,3.5,Petrol,Automatic,24739,Jeep,4077,GLE 350
4917,LEXUS,2015,2.5,Petrol,Automatic,62932,Sedan,9095,IS 250
4918,AUDI,2018,2.0,Petrol,Automatic,11361,Sedan,21950,A3 4X4
4919,NISSAN,2015,2.0,Petrol,Automatic,43741,Sedan,5331,100 NX
4920,TOYOTA,2005,1.5,Hybrid,Variator,13201,Sedan,10036,Prius
4921,FORD,2008,2.4,Diesel,Manual,132973,Microbus,19444,Transit
4922,AUDI,2013,2.0,Petrol,Tiptronic,109361,Sedan,29793,A4
4923,TOYOTA,2013,2.5,Hybrid,Automatic,118402,Sedan,5018,Camry
4924,TOYOTA,2012,1.0,Petrol,Variator,11185,Hatchback,8000,Vitz
4925,HYUNDAI,2008,1.6,Petrol,Automatic,85087,Sedan,10976,I30
4926,MERCEDES-BENZ,2016,2.0,Petrol,Automatic,47360,Sedan,7213,C 300
4927,TOYOTA,2010,2.4,Hybrid,Automatic,49710,Sedan,18817,Camry
4928,HYUNDAI,2016,2.0,LPG,Automatic,187547,Sedan,15681,Sonata
4929,KIA,2012,1.0,Petrol,Automatic,122837,Sedan,8311,Picanto
4930,TOYOTA,2012,3.5,Hybrid,Automatic,97686,Jeep,9879,Highlander
4931,TOYOTA,2012,2.5,Hybrid,Tiptronic,73870,Sedan,13015,Camry
4932,HONDA,2012,1.5,Hybrid,Automatic,90971,Jeep,2352,Civic
4933,TOYOTA,2013,1.8,Hybrid,Automatic,90099,Sedan,22894,Prius
4934,AUDI,2012,2.0,Petrol,Automatic,181646,Sedan,2666,A4
4935,TOYOTA,2012,1.0,Petrol,Variator,121167,Hatchback,8000,Vitz
4936,NISSAN,2005,1.5,Petrol,Variator,93206,Hatchback,7527,Tiida
4937,HONDA,2012,1.5,Hybrid,Automatic,51574,Minivan,9000,Fred
4938,HYUNDAI,2014,2.2,Diesel,Automatic,51652,Jeep,54458,Santa FE
4939,FORD,2015,2.0,Petrol,Tiptronic,49088,Sedan,16621,Focus Titanium
4940,TOYOTA,2012,1.5,Petrol,Automatic,100662,Hatchback,21326,Prius C
4941,KIA,2012,2.4,Petrol,Tiptronic,110932,Sedan,15053,Optima
4942,HYUNDAI,2016,2.5,Diesel,Automatic,57044,Minivan,37066,H1
4943,BMW,2002,3.2,Petrol,Manual,132890,Coupe,19800,M3
4944,VOLKSWAGEN,2017,1.4,Petrol,Manual,42253,Sedan,22400,Jetta
4945,HYUNDAI,2016,2.5,Diesel,Automatic,64692,Minivan,36567,H1
4946,BMW,2014,3.0,Diesel,Automatic,68519,Sedan,2195,535
4947,HYUNDAI,2016,3.0,LPG,Automatic,19290,Sedan,23301,Grandeur
4948,TOYOTA,2013,2.5,Hybrid,Automatic,118402,Sedan,5018,Camry
4949,SSANGYONG,2016,2.2,Diesel,Automatic,220518,Jeep,27654,Korando
4950,HYUNDAI,2013,2.2,Diesel,Automatic,86210,Jeep,46919,Santa FE
4951,HONDA,2013,1.3,Hybrid,Automatic,94271,Hatchback,5134,FIT
4952,LEXUS,2010,4.6,Petrol,Automatic,221982,Jeep,40142,GX 470
4953,MITSUBISHI,1999,1.8,Petrol,Automatic,139808,Jeep,7840,Pajero IO
4954,TOYOTA,2012,2.5,Petrol,Tiptronic,68351,Sedan,21953,Camry
4955,TOYOTA,2016,1.8,Hybrid,Automatic,148930,Sedan,32615,Prius
4956,TOYOTA,2012,2.5,Hybrid,Automatic,75807,Sedan,27911,Camry
4957,HYUNDAI,2015,1.6,Diesel,Automatic,27003,Sedan,17038,Accent
4958,VOLKSWAGEN,2014,1.8,Petrol,Tiptronic,66611,Sedan,19130,Passat
4959,TOYOTA,2014,2.5,Petrol,Automatic,33125,Sedan,8154,Camry
4960,TOYOTA,2010,2.5,Hybrid,Automatic,114332,Sedan,15524,Camry
4961,HYUNDAI,2014,1.6,Petrol,Automatic,79455,Sedan,2430,Veloster
4962,NISSAN,2015,2.5,Petrol,Automatic,67108,Sedan,25089,Altima
4963,OPEL,1998,1.6,CNG,Manual,124274,Goods wagon,6586,Astra
4964,TOYOTA,2010,1.8,Hybrid,Automatic,101905,Hatchback,17092,Prius S
4965,DAEWOO,2009,1.6,Petrol,Automatic,31410,Sedan,6899,Lacetti
4966,DAEWOO,2010,1.6,Petrol,Automatic,79670,Sedan,8963,Lacetti
4967,FORD,2006,2.4,Diesel,Manual,122721,Goods wagon,30577,Transit
4968,TOYOTA,2013,2.5,Petrol,Tiptronic,109361,Sedan,13877,Camry
4969,HONDA,2005,1.3,Petrol,Variator,149020,Sedan,7527,FIT
4970,RENAULT,2017,1.6,Petrol,Manual,24233,Jeep,37006,Duster
4971,TOYOTA,2012,3.5,Hybrid,Automatic,70836,Jeep,46728,Highlander
4972,HYUNDAI,2013,1.6,Petrol,Automatic,80778,Sedan,18679,Elantra
4973,KIA,2013,2.0,Petrol,Tiptronic,45981,Sedan,24462,Optima
4974,HYUNDAI,2013,1.8,Petrol,Automatic,46603,Hatchback,11227,Elantra GT
4975,NISSAN,2005,1.5,Petrol,Variator,690,Hatchback,8467,Tiida
4976,NISSAN,2005,4.0,LPG,Manual,121789,Jeep,15367,X-Terra
4977,TOYOTA,2008,1.5,Hybrid,Variator,57166,Hatchback,13485,Prius
4978,SUBARU,2002,2.0,Petrol,Tiptronic,10377,Sedan,3763,Legacy
4979,TOYOTA,2011,1.8,Hybrid,Variator,77050,Hatchback,16400,Prius
4980,FORD,2006,2.0,Diesel,Manual,13981,Microbus,16308,Transit
4981,CHEVROLET,2009,1.6,Petrol,Automatic,60248,Sedan,10092,Lacetti
4982,HYUNDAI,2014,2.5,Diesel,Automatic,53396,Minivan,36068,H1
4983,VOLKSWAGEN,2004,4.2,Petrol,Automatic,155343,Jeep,13000,Touareg
4984,CHEVROLET,2013,1.4,Petrol,Automatic,62137,Sedan,4077,Cruze
4985,SSANGYONG,2013,2.0,Diesel,Automatic,54681,Jeep,24709,Korando
4986,TOYOTA,2013,2.5,Hybrid,Automatic,118402,Sedan,5018,Camry
4987,HONDA,2009,1.3,Petrol,Variator,114954,Hatchback,10036,FIT
4988,NISSAN,2014,1.6,Petrol,Automatic,56545,Hatchback,10976,Versa
4989,HONDA,2015,1.8,Petrol,Automatic,38610,Sedan,44047,Civic
4990,LEXUS,2010,4.6,Petrol,Automatic,171026,Jeep,15681,GX 460
4991,BMW,2002,2.5,Petrol,Tiptronic,127381,Coupe,7840,325
4992,MERCEDES-BENZ,2016,3.5,Diesel,Automatic,47973,Sedan,1568,E 350
4993,HYUNDAI,2015,2.0,Petrol,Automatic,22508,Sedan,20382,Sonata
4994,NISSAN,2004,3.3,CNG,Manual,134216,Jeep,9722,X-Terra
4995,HYUNDAI,2016,2.0,Diesel,Automatic,76061,Jeep,42717,Santa FE
4996,TOYOTA,2007,1.3,Petrol,Automatic,127381,Hatchback,10036,Vitz i.ll
4997,KIA,2007,2.5,Diesel,Automatic,45281,Jeep,5645,Sorento
4998,HYUNDAI,2013,2.4,Petrol,Automatic,93479,Jeep,2901,Santa FE
4999,VOLKSWAGEN,2013,2.5,Petrol,Automatic,71458,Sedan,18817,Passat
5000,MERCEDES-BENZ,2009,2.2,Diesel,Tiptronic,172741,Sedan,27598,C 220
5001,BMW,2012,3.0,Diesel,Automatic,64286,Jeep,8154,X5
5002,OPEL,2000,2.0,CNG,Manual,126138,Sedan,10663,Vectra
5003,HYUNDAI,2016,1.7,Diesel,Automatic,107409,Jeep,32409,Tucson
5004,HYUNDAI,2010,2.0,Diesel,Automatic,85871,Jeep,15423,Tucson
5005,LEXUS,2010,4.6,Petrol,Automatic,96823,Jeep,39829,GX 460
5006,HYUNDAI,2016,2.0,LPG,Automatic,161391,Sedan,11290,Sonata
5007,HYUNDAI,2012,2.0,Diesel,Automatic,55085,Jeep,26927,Tucson
5008,VOLKSWAGEN,2010,2.5,Petrol,Tiptronic,65244,Hatchback,13172,Golf
5009,CHEVROLET,2015,1.4,Petrol,Automatic,56669,Sedan,17249,Cruze
5010,OPEL,2005,1.6,CNG,Manual,90907,Goods wagon,8781,Combo
5011,HONDA,2001,1.7,Petrol,Automatic,621,Minivan,6272,Stream
5012,MERCEDES-BENZ,1999,1.8,CNG,Manual,155343,Sedan,7683,C 180
5013,CHEVROLET,2012,1.8,Petrol,Automatic,80171,Sedan,6272,Cruze
5014,CHEVROLET,2012,1.4,Petrol,Automatic,72700,Hatchback,21639,Volt
5015,TOYOTA,2019,2.5,Petrol,Automatic,1594,Jeep,47042,RAV 4
5016,TOYOTA,2017,2.5,Petrol,Automatic,45999,Sedan,14583,Camry
5017,SSANGYONG,2010,2.7,Diesel,Automatic,121167,Jeep,22947,REXTON
5018,BMW,2011,3.0,Petrol,Tiptronic,93206,Sedan,24148,528
5019,CHEVROLET,2015,2.0,Petrol,Automatic,19817,Jeep,13642,Orlando
5020,BMW,2017,3.0,Petrol,Automatic,44673,Coupe,26343,428
5021,HYUNDAI,2011,2.0,Diesel,Automatic,108310,Jeep,24415,Tucson
5022,VOLKSWAGEN,1997,1.6,Petrol,Manual,2217,Hatchback,2600,T3
5023,FORD,2015,1.6,Petrol,Tiptronic,60894,Jeep,28225,Escape
5024,HYUNDAI,2010,3.3,Petrol,Automatic,146475,Sedan,17484,Genesis
5025,TOYOTA,2014,2.5,Petrol,Tiptronic,12925,Jeep,40769,RAV 4 XLE
5026,SUBARU,2015,2.5,Petrol,Automatic,50367,Jeep,10663,Forester
5027,HYUNDAI,2011,2.5,Diesel,Automatic,136702,Universal,17346,H1
5028,TOYOTA,2013,2.5,Hybrid,Automatic,77164,Sedan,5018,Camry
5029,CHEVROLET,2007,2.0,Diesel,Automatic,46959,Jeep,6115,Captiva
5030,HYUNDAI,2015,1.6,Diesel,Automatic,54383,Sedan,27654,Elantra
5031,BMW,2015,2.0,Petrol,Automatic,54282,Sedan,5488,320
5032,CHEVROLET,2016,1.0,Petrol,Automatic,19201,Sedan,11604,Spark
5033,MAZDA,2004,2.3,LPG,Automatic,105633,Minivan,8781,MPV
5034,SSANGYONG,2014,2.0,Diesel,Automatic,47014,Jeep,25591,Korando
5035,SSANGYONG,2007,2.7,Diesel,Automatic,47450,Jeep,6115,REXTON
5036,GMC,2018,1.5,Petrol,Automatic,31721,Sedan,9879,TERRAIN
5037,TOYOTA,2010,1.8,Hybrid,Variator,105633,Sedan,14426,Prius
5038,MERCEDES-BENZ,2014,3.5,Petrol,Automatic,90966,Sedan,1882,E 350
5039,TOYOTA,2011,2.4,Hybrid,Tiptronic,154211,Sedan,9408,Camry
5040,NISSAN,2005,4.0,LPG,Tiptronic,9942,Jeep,22894,X-Terra
5041,HYUNDAI,2014,2.5,Diesel,Automatic,73270,Minivan,35902,H1
5042,HYUNDAI,2010,2.0,Petrol,Automatic,96669,Sedan,15850,Sonata
5043,NISSAN,2017,1.6,Petrol,Automatic,40243,Sedan,10976,Versa
5044,HONDA,2010,1.3,Hybrid,Variator,2071,Hatchback,3920,Insight
5045,MERCEDES-BENZ,2003,3.2,Petrol,Tiptronic,88110,Jeep,14113,ML 320
5046,HONDA,2010,1.5,Petrol,Automatic,72700,Minivan,4300,Fred
5047,TOYOTA,2013,2.4,Petrol,Automatic,57663,Jeep,39201,RAV 4
5048,LEXUS,2010,4.6,Petrol,Automatic,96823,Jeep,26030,GX 460
5049,FORD,2014,2.0,Petrol,Automatic,65786,Sedan,11917,Fusion
5050,JEEP,2013,3.6,Petrol,Manual,23301,Jeep,47042,Wrangler
5051,OPEL,1999,3.0,CNG,Manual,111847,Sedan,4700,Omega
5052,TOYOTA,2007,1.6,Hybrid,Automatic,113338,Hatchback,13799,Prius
5053,HYUNDAI,2017,1.6,Petrol,Automatic,25819,Jeep,51689,Tucson
5054,MERCEDES-BENZ,2009,3.0,Diesel,Automatic,102526,Jeep,36065,GLK 300
5055,HYUNDAI,2010,1.6,Petrol,Automatic,64094,Sedan,15132,Elantra
5056,KIA,2016,2.4,Petrol,Automatic,22680,Sedan,22894,Optima
5057,FORD,2014,2.3,Petrol,Automatic,36872,Coupe,58391,Mustang
5058,MERCEDES-BENZ,2011,4.5,Petrol,Tiptronic,99419,Jeep,31988,GL 450
5059,LANCIA,2006,1.4,Petrol,Tiptronic,35418,Minivan,12231,Musa
5060,NISSAN,2006,2.5,Diesel,Manual,99419,Jeep,21326,Pathfinder
5061,HYUNDAI,2014,1.6,Petrol,Automatic,46603,Sedan,10976,Elantra
5062,CHEVROLET,2014,2.0,Diesel,Automatic,60915,Jeep,25763,Captiva
5063,FORD,2016,2.0,Hybrid,Automatic,121151,Sedan,8781,Fusion
5064,TOYOTA,2007,2.4,Hybrid,Automatic,126760,Sedan,10976,Camry
5065,TOYOTA,2013,4.0,Petrol,Automatic,35762,Sedan,19130,Tacoma
5066,TOYOTA,2014,1.8,Hybrid,Automatic,49088,Sedan,22580,Prius
5067,HONDA,2005,1.7,Petrol,Variator,99419,Hatchback,8154,Civic
5068,TOYOTA,2001,2.7,CNG,Automatic,153479,Jeep,14740,Land Cruiser Prado
5069,KIA,2017,2.0,Petrol,Automatic,20508,Sedan,21639,Optima
5070,BMW,2010,3.0,Diesel,Tiptronic,111847,Jeep,50178,X5
5071,BMW,2001,2.5,Petrol,Manual,124896,Sedan,10976,325
5072,OPEL,2007,1.4,Petrol,Manual,124274,Hatchback,7840,Astra
5073,VOLKSWAGEN,2013,2.5,Petrol,Tiptronic,38463,Sedan,18503,Passat
5074,HYUNDAI,2012,2.0,Diesel,Automatic,74565,Jeep,28909,Santa FE
5075,MERCEDES-BENZ,1999,2.2,Diesel,Manual,690,Sedan,8467,C 220
5076,TOYOTA,2010,1.8,Hybrid,Automatic,87613,Hatchback,12388,Prius
5077,BMW,2012,2.0,Petrol,Automatic,147845,Sedan,2509,328
5078,OPEL,1998,1.6,CNG,Manual,18641,Sedan,4391,Vectra
5079,FORD,2015,2.0,Petrol,Automatic,44399,Sedan,16935,Fusion
5080,KIA,2011,1.6,LPG,Automatic,24855,Sedan,20385,Forte
5081,VOLKSWAGEN,2006,2.5,Petrol,Manual,178955,Sedan,11290,Jetta
5082,CHEVROLET,2011,1.4,Plug-in Hybrid,Automatic,154100,Hatchback,22580,Volt
5083,JEEP,2013,2.4,Petrol,Automatic,65597,Jeep,30185,Compass
5084,HYUNDAI,2016,1.7,Diesel,Automatic,108864,Jeep,33236,Tucson
5085,SSANGYONG,2011,2.0,Diesel,Automatic,112920,Jeep,16741,Actyon
5086,VOLKSWAGEN,1996,2.0,CNG,Manual,69041,Hatchback,2822,Golf 3
5087,CHEVROLET,2013,2.0,Diesel,Automatic,105633,Jeep,20347,Captiva
5088,SUBARU,2018,2.5,Petrol,Automatic,20154,Sedan,10663,Forester
5089,HYUNDAI,2015,2.0,Petrol,Automatic,57788,Coupe,38737,Genesis
5090,VOLKSWAGEN,2018,3.6,Petrol,Automatic,41064,Sedan,12544,"1500,1600 Schtufenheck"
5091,HYUNDAI,2014,2.0,Diesel,Automatic,26533,Jeep,24183,Tucson
5092,HYUNDAI,2016,2.5,Diesel,Automatic,124023,Universal,26306,H1
5093,TOYOTA,2010,3.3,Hybrid,Automatic,164587,Jeep,5645,Highlander
5094,HYUNDAI,2013,2.0,Petrol,Automatic,19499,Sedan,15367,Sonata
5095,MERCEDES-BENZ,2003,2.7,Diesel,Tiptronic,130488,Jeep,14426,ML 270
5096,TOYOTA,2011,1.8,Hybrid,Automatic,142580,Coupe,3293,Prius
5097,MERCEDES-BENZ,2001,2.0,Petrol,Manual,12427,Sedan,10976,C 180
5098,HYUNDAI,2015,1.8,Petrol,Automatic,111030,Sedan,1490,Elantra
5099,TOYOTA,2012,3.5,Petrol,Automatic,87592,Jeep,23521,Highlander
5100,MERCEDES-BENZ,2012,3.0,Diesel,Automatic,112003,Jeep,3136,ML 350
5101,MERCEDES-BENZ,2002,2.6,LPG,Tiptronic,186411,Sedan,10036,C 240
5102,HYUNDAI,2016,2.0,Petrol,Automatic,11182,Sedan,49751,Sonata
5103,LEXUS,2015,3.5,Petrol,Automatic,50242,Sedan,2352,IS 350
5104,KIA,2015,2.0,Petrol,Automatic,21117,Sedan,18660,Optima
5105,NISSAN,2014,1.6,Petrol,Tiptronic,10936,Jeep,21953,Juke
5106,FORD,1999,2.5,Petrol,Manual,80778,Coupe,2300,Cougar
5107,TOYOTA,2017,1.5,Petrol,Automatic,41854,Hatchback,3450,Yaris
5108,TOYOTA,2014,2.5,Petrol,Automatic,57720,Sedan,1646,Camry
5109,LAND ROVER,2003,4.4,Petrol,Tiptronic,93206,Jeep,14113,Range Rover
5110,CHEVROLET,2010,2.0,Petrol,Automatic,41869,Sedan,6272,Cruze
5111,HONDA,2018,1.5,Petrol,Automatic,34959,Sedan,20698,Cr-v
5112,MERCEDES-BENZ,2012,3.5,Diesel,Automatic,79661,Sedan,4861,E 350
5113,TOYOTA,2011,3.5,Hybrid,Automatic,228704,Sedan,21639,Highlander
5114,MERCEDES-BENZ,1996,4.2,LPG,Automatic,77671,Sedan,15681,E 420
5115,HONDA,2010,1.3,Petrol,Automatic,78914,Hatchback,12544,FIT
5116,HYUNDAI,2012,2.0,Petrol,Automatic,136561,Sedan,1254,Elantra
5117,HYUNDAI,2010,2.5,Diesel,Automatic,40565,Minivan,12544,H1
5118,HYUNDAI,2016,2.0,LPG,Automatic,159756,Sedan,15681,Sonata
5119,HYUNDAI,2015,2.0,Petrol,Automatic,78224,Sedan,3450,Elantra
5120,SSANGYONG,2014,2.0,Diesel,Automatic,55923,Jeep,43576,REXTON
5121,TOYOTA,2014,2.5,Petrol,Tiptronic,59030,Sedan,22580,Camry Se
5122,MERCEDES-BENZ,2012,3.0,Diesel,Automatic,168827,Jeep,26657,ML 350
5123,BMW,2009,3.5,Petrol,Tiptronic,82642,Jeep,42337,X6
5124,DAEWOO,2009,1.6,Petrol,Automatic,73126,Sedan,5883,Lacetti
5125,FIAT,2014,1.4,Petrol,Automatic,68686,Jeep,1725,500
5126,MERCEDES-BENZ,2004,0.8,Diesel,Tiptronic,13670,Cabriolet,6272,Smart
5127,TOYOTA,2018,2.5,Petrol,Tiptronic,4350,Sedan,53000,Camry
5128,MERCEDES-BENZ,2017,3.5,Petrol,Automatic,13159,Jeep,37947,GLE 350
5129,HYUNDAI,2014,2.0,Diesel,Automatic,82747,Jeep,41547,Santa FE
5130,HYUNDAI,2011,2.0,Petrol,Automatic,66490,Coupe,16549,Genesis
5131,TOYOTA,2012,1.8,Hybrid,Automatic,119925,Sedan,18814,Prius
5132,TOYOTA,2010,2.7,Petrol,Automatic,109633,Jeep,1725,Venza
5133,HYUNDAI,2013,2.0,Diesel,Automatic,89477,Jeep,32412,Santa FE
5134,BMW,2000,2.5,Petrol,Manual,97555,Sedan,6800,525
5135,TOYOTA,2012,2.5,Hybrid,Variator,32311,Sedan,23521,Camry
5136,MERCEDES-BENZ,2002,2.7,Diesel,Tiptronic,220152,Sedan,13799,270
5137,MERCEDES-BENZ,2002,2.2,Diesel,Manual,173984,Goods wagon,19726,Sprinter 411
5138,MERCEDES-BENZ,2013,1.8,Petrol,Tiptronic,103396,Sedan,18189,C 250 luxury
5139,VOLKSWAGEN,2015,1.8,Petrol,Tiptronic,72063,Sedan,8467,Passat sport
5140,HYUNDAI,2010,2.0,Diesel,Automatic,62487,Jeep,27654,Tucson
5141,MERCEDES-BENZ,1999,3.2,LPG,Tiptronic,97555,Sedan,9095,S 320
5142,SSANGYONG,2012,2.0,Diesel,Automatic,48754,Jeep,24092,Korando
5143,TOYOTA,2008,1.5,Hybrid,Automatic,82652,Sedan,8938,Prius
5144,HYUNDAI,2016,2.0,LPG,Automatic,178420,Sedan,18817,Sonata
5145,TOYOTA,2007,1.5,Hybrid,Variator,82021,Sedan,13485,Prius
5146,HYUNDAI,2010,2.0,Diesel,Automatic,78979,Jeep,25889,Tucson
5147,CHEVROLET,2013,1.8,Petrol,Automatic,38260,Sedan,18519,Cruze
5148,MERCEDES-BENZ,2004,3.2,CNG,Automatic,196350,Sedan,15500,E 320 4×4
5149,CHEVROLET,2014,1.4,Petrol,Tiptronic,54059,Sedan,10000,Cruze
5150,MAZDA,2014,2.0,Petrol,Automatic,5530,Jeep,28539,CX-5
5151,LEXUS,2008,3.3,Hybrid,Automatic,139578,Jeep,8154,RX 300
5152,CHEVROLET,2009,1.6,Petrol,Automatic,36040,Sedan,10349,Aveo
5153,HYUNDAI,2014,1.8,Petrol,Tiptronic,68351,Sedan,16308,Elantra
5154,MERCEDES-BENZ,2000,2.2,Diesel,Manual,146022,Sedan,9722,E 220
5155,HONDA,2011,1.3,Hybrid,Variator,73322,Hatchback,8467,FIT
5156,TOYOTA,2007,1.5,Hybrid,Variator,105633,Sedan,10036,Prius
5157,TOYOTA,2011,2.5,Petrol,Automatic,65617,Jeep,24775,RAV 4
5158,TOYOTA,2018,2.5,Petrol,Tiptronic,19263,Sedan,40769,Camry
5159,FORD,2015,2.0,Petrol,Manual,73943,Sedan,12544,Focus
5160,VOLKSWAGEN,2014,1.8,Petrol,Tiptronic,80778,Sedan,14113,Jetta se
5161,CHEVROLET,2013,2.0,Diesel,Automatic,61583,Jeep,26017,Captiva
5162,HYUNDAI,2012,1.6,Petrol,Automatic,72633,Sedan,18826,Elantra
5163,HYUNDAI,2015,2.0,Petrol,Automatic,19990,Sedan,57698,Sonata
5164,LEXUS,2013,4.6,Petrol,Automatic,125921,Jeep,54568,GX 470
5165,HONDA,2014,1.5,Petrol,Automatic,74024,Hatchback,28592,FIT
5166,DAIHATSU,2002,0.7,Petrol,Automatic,54681,Jeep,1568,Terios
5167,TOYOTA,2013,2.5,Hybrid,Automatic,118402,Sedan,5018,Camry
5168,TOYOTA,2012,1.0,Petrol,Variator,83885,Hatchback,9700,Vitz
5169,FIAT,2014,1.4,Petrol,Tiptronic,35065,Jeep,17249,500L
5170,LEXUS,2010,3.5,Hybrid,Automatic,103907,Jeep,5018,RX 450
5171,TOYOTA,2019,3.5,Petrol,Automatic,11530,Sedan,26971,Tacoma
5172,CHEVROLET,2013,2.0,Diesel,Automatic,38964,Jeep,32973,Captiva
5173,BMW,2009,3.0,Petrol,Tiptronic,100662,Sedan,20385,328
5174,TOYOTA,2009,2.4,Hybrid,Variator,10141,Sedan,18189,Camry
5175,LEXUS,2016,3.5,Hybrid,Automatic,37194,Jeep,11917,RX 450
5176,TOYOTA,2019,2.5,Petrol,Automatic,16041,Sedan,46101,Camry
5177,TOYOTA,2011,2.4,Hybrid,Variator,93206,Sedan,20385,Camry
5178,HYUNDAI,2016,2.0,Petrol,Automatic,38911,Sedan,44134,Sonata
5179,VOLKSWAGEN,2012,2.5,Petrol,Automatic,65865,Sedan,13485,Jetta
5180,HYUNDAI,2017,2.0,Petrol,Automatic,43496,Sedan,26657,Elantra
5181,HONDA,2013,1.3,Hybrid,Variator,111847,Hatchback,11290,FIT
5182,TOYOTA,2008,2.4,Hybrid,Variator,167025,Sedan,20698,Camry
5183,MERCEDES-BENZ,2009,3.0,Diesel,Tiptronic,74779,Jeep,39201,ML 320
5184,TOYOTA,2016,2.5,Hybrid,Automatic,24694,Jeep,3763,Camry
5185,TOYOTA,2012,1.0,Petrol,Variator,73322,Hatchback,7527,Passo
5186,MITSUBISHI,2015,2.4,Petrol,Variator,27962,Jeep,26343,Outlander
5187,FORD,2013,2.0,Hybrid,Automatic,99424,Sedan,21012,C-MAX C-MAX
5188,VOLKSWAGEN,2005,2.5,Petrol,Tiptronic,115575,Sedan,10976,Jetta
5189,TOYOTA,2015,2.5,Petrol,Tiptronic,54681,Jeep,39201,RAV 4
5190,FORD,2009,1.8,Diesel,Manual,133595,Goods wagon,10500,Transit Connect
5191,TOYOTA,2012,1.8,Hybrid,Automatic,106379,Hatchback,20071,Prius
5192,OPEL,2002,1.6,Petrol,Manual,134216,Universal,5645,Zafira
5193,LEXUS,2015,2.5,Petrol,Tiptronic,55923,Sedan,37633,IS 250
5194,HONDA,2012,1.5,Hybrid,Variator,87801,Hatchback,6272,FIT
5195,BMW,2005,4.4,Petrol,Tiptronic,136702,Sedan,19444,545
5196,BMW,2012,3.0,Diesel,Automatic,44114,Jeep,34811,X5
5197,CHEVROLET,2012,1.4,Petrol,Tiptronic,67605,Sedan,14426,Cruze
5198,BMW,2012,2.0,Petrol,Tiptronic,63628,Jeep,29479,X1 4X4
5199,HYUNDAI,2013,3.3,Petrol,Tiptronic,57788,Sedan,26657,Azera
5200,OPEL,1998,1.6,Petrol,Manual,62137,Universal,6899,Astra
5201,SSANGYONG,2016,1.6,Diesel,Automatic,28098,Jeep,44166,Actyon
5202,TOYOTA,2019,2.5,Hybrid,Automatic,5981,Sedan,3450,Camry
5203,LEXUS,2015,4.6,Petrol,Automatic,169941,Jeep,61154,GX 470
5204,TOYOTA,2014,2.5,Petrol,Tiptronic,71458,Sedan,15681,Camry
5205,HYUNDAI,2014,2.0,Diesel,Automatic,71089,Jeep,32245,Tucson
5206,HONDA,2018,1.3,Petrol,Automatic,6816,Hatchback,21683,FIT
5207,HYUNDAI,2012,1.8,Petrol,Tiptronic,49710,Sedan,17876,Elantra
5208,HONDA,2010,1.3,Hybrid,Automatic,107497,Sedan,12544,Insight
5209,BMW,2002,2.0,Petrol,Manual,137944,Coupe,9408,318
5210,HYUNDAI,2017,2.5,Diesel,Automatic,114450,Universal,34419,H1
5211,HYUNDAI,2016,2.0,LPG,Automatic,35723,Sedan,25716,Sonata
5212,KIA,2007,2.5,Diesel,Automatic,48126,Jeep,5645,Sorento
5213,HYUNDAI,2014,2.5,Diesel,Automatic,60279,Minivan,34108,H1
5214,TOYOTA,2014,2.7,Petrol,Automatic,40385,Jeep,3763,Tacoma
5215,MITSUBISHI,1999,1.8,Petrol,Automatic,621,Jeep,2822,Pajero
5216,BMW,2010,3.0,Diesel,Automatic,102526,Hatchback,43905,530 GT
5217,TOYOTA,2014,1.8,Hybrid,Variator,68972,Sedan,21953,Prius
5218,HYUNDAI,2014,2.0,Petrol,Tiptronic,9321,Jeep,35438,Santa FE
5219,TOYOTA,2019,1.2,Petrol,Tiptronic,52195,Jeep,24000,CHR
5220,NISSAN,2000,1.0,Petrol,Manual,186411,Coupe,4547,Micra
5221,CHEVROLET,2012,2.0,Petrol,Automatic,40393,Sedan,21699,Malibu
5222,HYUNDAI,2016,2.0,Petrol,Automatic,15582,Sedan,20228,Elantra Limited
5223,TOYOTA,2016,2.5,Petrol,Automatic,71078,Sedan,2195,Camry
5224,FORD,2011,1.6,Petrol,Automatic,134216,Sedan,9722,Fiesta
5225,HYUNDAI,2013,1.8,Petrol,Automatic,27962,Sedan,15994,Elantra
5226,MERCEDES-BENZ,2013,3.0,Diesel,Automatic,152112,Jeep,40769,ML 350
5227,HYUNDAI,2010,2.0,Petrol,Automatic,105633,Coupe,13796,Genesis
5228,MERCEDES-BENZ,2002,2.7,Diesel,Tiptronic,217480,Sedan,14426,E 270
5229,HYUNDAI,2016,2.0,Diesel,Automatic,63574,Jeep,53154,Santa FE
5230,BMW,2014,2.0,Petrol,Tiptronic,78914,Sedan,33086,328
5231,TOYOTA,2010,1.8,Petrol,Automatic,140181,Sedan,14426,Prius
5232,HYUNDAI,2010,2.2,Diesel,Automatic,37994,Jeep,14583,Santa FE
5233,FORD,2000,2.0,Diesel,Manual,233635,Microbus,8467,Transit
5234,HYUNDAI,2016,1.8,Petrol,Automatic,42875,Sedan,21953,Elantra
5235,FORD,2015,1.6,Petrol,Automatic,58098,Sedan,6272,Fiesta
5236,HYUNDAI,2016,2.5,Diesel,Automatic,57168,Universal,40183,H1
5237,CHEVROLET,2013,2.0,Petrol,Automatic,125276,Sedan,22567,Malibu
5238,MERCEDES-BENZ,1996,1.8,CNG,Manual,173984,Sedan,5959,C 180
5239,HONDA,2015,1.3,Petrol,Automatic,63330,Hatchback,13310,FIT
5240,MITSUBISHI,2004,2.4,CNG,Variator,690,Minivan,7213,Grandis
5241,TOYOTA,2013,1.5,Hybrid,Variator,62137,Hatchback,14113,Aqua
5242,TOYOTA,2014,1.8,Hybrid,Automatic,94401,Hatchback,4391,Prius
5243,AUDI,2010,4.2,Diesel,Tiptronic,110604,Jeep,49550,Q7
5244,TOYOTA,2016,2.5,Petrol,Automatic,43745,Jeep,40000,RAV 4
5245,CHEVROLET,2012,1.8,Petrol,Manual,134216,Sedan,12544,Cruze
5246,HYUNDAI,2014,2.0,Diesel,Automatic,136851,Jeep,25597,Tucson
5247,SSANGYONG,2016,1.6,Diesel,Automatic,86021,Jeep,33230,Actyon
5248,HYUNDAI,2016,1.6,LPG,Automatic,18557,Sedan,18503,Elantra
5249,HYUNDAI,2010,2.0,Petrol,Automatic,77750,Coupe,10349,Genesis
5250,SSANGYONG,2007,2.7,Diesel,Automatic,47363,Jeep,6272,REXTON
5251,TOYOTA,2008,1.5,Petrol,Automatic,124274,Sedan,12544,Prius
5252,MERCEDES-BENZ,2016,4.0,Petrol,Automatic,46597,Jeep,1882,G 550
5253,FORD,2011,3.7,Petrol,Automatic,88245,Coupe,29075,Mustang
5254,LEXUS,2012,4.6,Petrol,Automatic,142501,Jeep,52059,GX 460
5255,TOYOTA,2014,1.5,Hybrid,Automatic,31069,Hatchback,10100,Aqua
5256,HYUNDAI,2011,1.8,Petrol,Automatic,101408,Sedan,12544,Elantra
5257,OPEL,1999,1.6,Petrol,Manual,97555,Universal,8154,Astra
5258,AUDI,2013,2.0,Petrol,Tiptronic,48467,Coupe,9095,A5
5259,FORD,1996,2.5,Diesel,Manual,6835,Goods wagon,4500,Transit
5260,CHRYSLER,2004,3.5,Petrol,Automatic,112344,Limousine,29793,300
5261,BMW,2001,3.0,LPG,Automatic,155343,Jeep,11447,X5
5262,HONDA,2019,2.0,Petrol,Automatic,5042,Sedan,59827,Civic
5263,TOYOTA,2010,1.8,Hybrid,Automatic,113624,Hatchback,13799,Prius
5264,NISSAN,2015,1.6,Petrol,Tiptronic,56545,Jeep,26343,Juke
5265,HYUNDAI,2016,2.0,LPG,Automatic,177393,Sedan,15681,Sonata
5266,HONDA,2007,1.3,Petrol,Variator,118060,Hatchback,8154,FIT
5267,FORD,2017,2.0,Hybrid,Automatic,146115,Sedan,3293,Fusion
5268,AUDI,2013,2.0,Petrol,Automatic,97918,Sedan,21012,A4
5269,MERCEDES-BENZ,2012,3.5,Diesel,Automatic,79661,Sedan,4861,E 350
5270,HYUNDAI,2016,1.6,LPG,Automatic,19356,Sedan,18503,Elantra
5271,TOYOTA,1997,2.7,Petrol,Automatic,132787,Jeep,16308,Land Cruiser Prado RX
5272,MERCEDES-BENZ,2017,2.0,Petrol,Automatic,31646,Sedan,22580,E 300
5273,TOYOTA,2015,1.5,Hybrid,Automatic,621,Universal,12231,Aqua
5274,VOLKSWAGEN,2005,1.9,Diesel,Manual,87091,Goods wagon,7840,Caddy
5275,HONDA,2005,1.3,Petrol,Variator,110604,Hatchback,8467,FIT
5276,HYUNDAI,2010,2.0,Diesel,Automatic,73402,Jeep,23414,Tucson
5277,OPEL,2000,2.0,Diesel,Manual,133595,Sedan,7840,Astra
5278,BMW,2004,4.4,Petrol,Tiptronic,120546,Jeep,17500,X5
5279,MERCEDES-BENZ,2011,3.5,Petrol,Tiptronic,115326,Jeep,31361,GLK 350
5280,FIAT,2016,1.6,Petrol,Automatic,26719,Coupe,17249,500
5281,TOYOTA,2012,2.5,Hybrid,Automatic,52817,Sedan,31988,Camry XLE
5282,HYUNDAI,2012,1.6,Petrol,Automatic,51697,Sedan,20266,Elantra
5283,OPEL,1996,1.6,Petrol,Manual,188897,Goods wagon,4077,Astra
5284,TOYOTA,2012,2.5,Hybrid,Automatic,224337,Sedan,9252,Camry
5285,HYUNDAI,2012,2.5,Diesel,Automatic,33924,Minivan,23772,H1
5286,TOYOTA,2012,2.5,Hybrid,Tiptronic,88691,Sedan,15053,Camry
5287,HYUNDAI,2012,1.6,Petrol,Automatic,81187,Sedan,11917,Elantra
5288,SSANGYONG,2017,1.6,Diesel,Automatic,44682,Jeep,40901,Actyon
5289,CHEVROLET,2011,1.4,Hybrid,Automatic,188897,Sedan,21012,Volt
5290,KIA,2013,2.0,Petrol,Automatic,34161,Sedan,12701,Optima
5291,HONDA,2013,1.3,Hybrid,Variator,80778,Hatchback,11917,FIT
5292,HYUNDAI,2010,2.0,Diesel,Automatic,84332,Jeep,24123,Tucson
5293,BMW,2014,4.4,Petrol,Automatic,52407,Sedan,32302,M6
5294,VOLKSWAGEN,1997,1.8,Petrol,Manual,69041,Sedan,4000,Golf
5295,FORD,2014,3.8,LPG,Automatic,210023,Sedan,13485,Taurus
5296,HONDA,2001,1.5,Petrol,Variator,130488,Hatchback,7213,Civic
5297,TOYOTA,2011,1.8,Petrol,Automatic,108672,Hatchback,14113,Prius
5298,CHEVROLET,2010,1.8,Petrol,Automatic,84321,Sedan,12570,Lacetti
5299,CHEVROLET,2016,1.4,Petrol,Tiptronic,32311,Sedan,18817,Cruze
5300,MERCEDES-BENZ,2010,3.5,Petrol,Tiptronic,9942,Sedan,30734,E 350
5301,JEEP,2012,2.4,Petrol,Automatic,57048,Jeep,26262,Compass
5302,FORD,2011,2.2,Diesel,Manual,197596,Microbus,20385,Transit
5303,HYUNDAI,2014,1.6,Petrol,Automatic,45750,Sedan,28241,Elantra
5304,TOYOTA,2015,1.5,Hybrid,Automatic,27509,Universal,31819,Aqua
5305,BMW,2000,2.5,Petrol,Tiptronic,149129,Coupe,7840,325 i
5306,TOYOTA,2013,2.7,Petrol,Automatic,165010,Jeep,14583,Tacoma
5307,RENAULT,2006,1.5,Diesel,Manual,155343,Universal,12074,Megane
5308,HYUNDAI,2012,1.6,Petrol,Automatic,135459,Sedan,13589,Elantra
5309,TOYOTA,2012,1.8,Hybrid,Automatic,59030,Sedan,21169,Prius
5310,KIA,2012,2.0,Petrol,Automatic,54754,Sedan,16621,Optima
5311,MERCEDES-BENZ,2012,3.0,Petrol,Tiptronic,99419,Sedan,26030,C 300 4matic
5312,HYUNDAI,2011,2.0,Diesel,Automatic,101288,Jeep,22947,Tucson
5313,FORD,2015,2.0,Petrol,Automatic,44399,Sedan,16935,Fusion
5314,HYUNDAI,2015,2.4,Petrol,Automatic,89393,Jeep,1960,Santa FE
5315,CHEVROLET,2012,1.6,Petrol,Automatic,38615,Hatchback,7514,Aveo
5316,HYUNDAI,2016,2.0,Diesel,Automatic,95070,Jeep,43216,Santa FE
5317,HONDA,2008,1.3,Petrol,Automatic,111847,Sedan,9095,FIT
5318,KIA,2011,2.0,Petrol,Automatic,46610,Sedan,7370,Optima
5319,TOYOTA,2012,1.8,Hybrid,Automatic,105633,Hatchback,19800,Prius
5320,TOYOTA,2006,2.4,Petrol,Automatic,118060,Jeep,18189,RAV 4
5321,MERCEDES-BENZ,2017,2.0,Petrol,Automatic,31646,Sedan,22580,E 300
5322,MERCEDES-BENZ,2007,3.2,Diesel,Automatic,198839,Jeep,23207,ML 320
5323,DAEWOO,2009,2.0,Diesel,Automatic,47003,Sedan,5959,Lacetti
5324,TOYOTA,2016,2.5,Petrol,Tiptronic,10688,Sedan,37633,Camry LE
5325,MERCEDES-BENZ,2014,3.5,Diesel,Automatic,124385,Sedan,30734,E 350
5326,HYUNDAI,2013,2.4,Petrol,Automatic,33378,Jeep,3763,Tucson
5327,SSANGYONG,2013,2.0,Diesel,Automatic,33109,Jeep,39750,REXTON
5328,SSANGYONG,2017,1.6,Petrol,Automatic,31069,Jeep,41547,Actyon
5329,HYUNDAI,2015,2.0,Diesel,Automatic,42573,Jeep,41547,Santa FE
5330,KIA,2016,2.0,Petrol,Automatic,16424,Sedan,20228,Optima
5331,PEUGEOT,2008,1.6,Petrol,Automatic,7891,Hatchback,6899,207
5332,HYUNDAI,2014,2.0,LPG,Automatic,218754,Sedan,11604,Sonata
5333,TOYOTA,2019,2.0,Petrol,Automatic,48730,Jeep,5488,CHR
5334,OPEL,2008,1.3,Diesel,Manual,105012,Hatchback,9722,Corsa
5335,MERCEDES-BENZ,1996,1.8,Petrol,Automatic,180198,Sedan,5331,C 180
5336,CHEVROLET,2014,1.8,Petrol,Tiptronic,39837,Sedan,13485,Cruze
5337,FORD,2015,2.0,Petrol,Automatic,36873,Sedan,18189,Focus se
5338,HYUNDAI,2008,2.5,Diesel,Automatic,26372,Minivan,19914,H1
5339,HYUNDAI,2010,1.6,Petrol,Automatic,80191,Sedan,14069,Elantra
5340,MERCEDES-BENZ,2003,3.2,LPG,Tiptronic,136702,Sedan,13172,E 320
5341,HYUNDAI,2010,1.6,Petrol,Automatic,49707,Sedan,16543,Elantra
5342,HYUNDAI,2014,2.5,Diesel,Automatic,122195,Minivan,30085,H1
5343,MITSUBISHI,2010,2.5,Diesel,Manual,173984,Pickup,33243,L 200
5344,HYUNDAI,2011,2.0,Petrol,Automatic,69834,Coupe,15991,Genesis
5345,BMW,2014,0.7,Hybrid,Automatic,67062,Hatchback,12231,i3
5346,HYUNDAI,2016,2.5,Diesel,Automatic,84013,Universal,40688,H1
5347,FORD,2010,3.0,Petrol,Automatic,222681,Jeep,1254,Escape
5348,SUBARU,2016,2.5,Petrol,Variator,39146,Jeep,21953,Forester
5349,BMW,2013,3.0,Petrol,Tiptronic,58094,Sedan,29479,535 I
5350,SUBARU,2015,2.5,Petrol,Variator,22991,Jeep,28225,Forester
5351,HYUNDAI,2016,1.6,LPG,Automatic,44117,Sedan,27065,Elantra
5352,FORD,2009,2.5,Hybrid,Automatic,105012,Jeep,22894,Escape
5353,TOYOTA,2014,1.5,Petrol,Automatic,75387,Hatchback,12334,Aqua
5354,TOYOTA,2017,2.5,Petrol,Tiptronic,95070,Sedan,23521,Camry sport
5355,HONDA,2011,1.5,Petrol,Tiptronic,69594,Hatchback,14426,FIT RS MODELI
5356,HYUNDAI,2017,2.0,Diesel,Automatic,18550,Jeep,42337,Santa FE
5357,HYUNDAI,2014,2.5,Diesel,Automatic,152611,Universal,30326,H1
5358,DODGE,2010,2.0,Petrol,Variator,83885,Universal,12544,Caliber
5359,HYUNDAI,2012,2.0,LPG,Automatic,41642,Sedan,15053,Sonata
5360,HYUNDAI,2010,2.5,Diesel,Automatic,37604,Minivan,10036,H1
5361,TOYOTA,2009,2.5,Petrol,Variator,94448,Sedan,20385,Camry
5362,KIA,2015,2.0,Petrol,Automatic,24281,Sedan,18033,Optima
5363,TOYOTA,2002,1.5,Petrol,Automatic,621,Hatchback,9722,Ist
5364,HONDA,2013,1.8,CNG,Automatic,74565,Sedan,20385,Civic
5365,LEXUS,2010,2.5,Petrol,Automatic,92720,Sedan,20610,IS 250
5366,VOLKSWAGEN,2012,2.0,Diesel,Manual,32908,Sedan,22580,Jetta TDI
5367,HYUNDAI,2011,4.6,Petrol,Automatic,73590,Sedan,28523,Genesis
5368,HONDA,2004,3.0,Petrol,Automatic,200703,Minivan,8700,Elysion
5369,FORD,2014,2.0,Petrol,Tiptronic,20505,Sedan,15053,Focus
5370,TOYOTA,2014,2.5,Petrol,Tiptronic,103396,Sedan,25089,Camry
5371,HYUNDAI,2014,2.0,Petrol,Automatic,108531,Jeep,2587,Santa FE
5372,VOLKSWAGEN,2015,2.0,Petrol,Tiptronic,37288,Sedan,15053,Jetta
5373,NISSAN,2015,1.6,Petrol,Automatic,64224,Jeep,3607,Juke
5374,HONDA,2017,1.5,Petrol,Automatic,4459,Sedan,63152,Civic
5375,MERCEDES-BENZ,2013,3.5,Petrol,Automatic,87489,Sedan,15681,E 350
5376,VOLKSWAGEN,2013,2.5,Petrol,Tiptronic,111847,Sedan,18817,Passat
5377,HYUNDAI,2012,1.6,Petrol,Tiptronic,84506,Sedan,11290,Veloster
5378,HYUNDAI,2016,2.0,Diesel,Automatic,59112,Jeep,54186,Santa FE
5379,MERCEDES-BENZ,2014,3.5,Diesel,Automatic,124385,Sedan,30734,E 350
5380,KIA,2011,2.4,Petrol,Automatic,64001,Sedan,17249,Optima
5381,MERCEDES-BENZ,2011,3.0,Diesel,Automatic,169750,Sedan,9879,E 350
5382,TOYOTA,2014,1.8,Hybrid,Automatic,69594,Hatchback,21012,Prius
5383,HYUNDAI,2015,2.0,LPG,Automatic,99865,Sedan,15060,Sonata
5384,KIA,2014,2.0,Petrol,Automatic,28573,Sedan,17876,Optima
5385,TOYOTA,2014,1.5,Hybrid,Automatic,39768,Sedan,18817,Aqua
5386,BMW,2013,3.0,Diesel,Automatic,85626,Jeep,1019,X5
5387,HYUNDAI,2010,2.0,LPG,Automatic,55414,Sedan,7527,Sonata
5388,CHEVROLET,2009,1.6,Petrol,Automatic,28121,Sedan,4234,Cruze
5389,HYUNDAI,2013,2.0,Petrol,Automatic,100662,Sedan,16443,Sonata
5390,MERCEDES-BENZ,2006,3.7,Petrol,Tiptronic,152236,Sedan,17249,E 350
5391,HYUNDAI,2016,2.0,Diesel,Automatic,36661,Jeep,54807,Santa FE
5392,HYUNDAI,2014,1.8,Petrol,Tiptronic,68351,Sedan,16308,Elantra
5393,HYUNDAI,2013,1.8,Petrol,Automatic,63799,Sedan,15681,Elantra
5394,FORD,2016,2.0,Hybrid,Automatic,121151,Sedan,8781,Fusion
5395,MERCEDES-BENZ,2013,1.8,Petrol,Tiptronic,114954,Sedan,31361,C 250 1.8 ტურბო
5396,VOLKSWAGEN,2015,1.8,Petrol,Tiptronic,40638,Sedan,17249,Passat
5397,HYUNDAI,2014,1.6,Diesel,Automatic,30601,Sedan,13454,Accent
5398,MERCEDES-BENZ,1999,1.8,Petrol,Manual,135691,Sedan,8450,C 180
5399,CHEVROLET,2014,2.4,Petrol,Automatic,156284,Jeep,1568,Equinox
5400,HONDA,2014,1.5,Petrol,Automatic,32808,Hatchback,30906,FIT
5401,HYUNDAI,2016,2.0,Diesel,Automatic,44631,Jeep,38060,Tucson
5402,CHEVROLET,2017,1.4,Petrol,Tiptronic,9942,Sedan,21953,Cruze
5403,HONDA,2013,1.3,Hybrid,Automatic,60606,Hatchback,5300,FIT
5404,CITROEN,2005,1.4,Petrol,Manual,130488,Sedan,5331,C4
5405,KIA,2012,3.0,Petrol,Automatic,38191,Sedan,17876,Cadenza
5406,NISSAN,2003,1.5,LPG,Automatic,146233,Universal,7840,Wingroad
5407,MERCEDES-BENZ,2014,3.5,Petrol,Automatic,90966,Sedan,1882,E 350
5408,TOYOTA,2015,1.5,Petrol,Automatic,18020,Hatchback,33494,Aqua
5409,TOYOTA,2012,1.8,Hybrid,Automatic,161556,Hatchback,15524,Prius
5410,NISSAN,2003,2.0,LPG,Manual,88235,Jeep,10976,X-Trail
5411,NISSAN,2001,2.0,Petrol,Automatic,167770,Jeep,5645,X-Trail
5412,CHEVROLET,2005,1.6,Petrol,Manual,124274,Sedan,7213,Lacetti
5413,TOYOTA,2011,3.5,Petrol,Automatic,228704,Jeep,22580,Highlander
5414,CHEVROLET,2017,1.4,Petrol,Automatic,64623,Sedan,19130,Cruze LT
5415,CHEVROLET,2007,0.8,Petrol,Automatic,64303,Sedan,3136,Matiz
5416,NISSAN,2018,1.6,Petrol,Automatic,5847,Jeep,29950,Kicks SR
5417,FIAT,2012,1.4,Petrol,Automatic,50362,Coupe,12855,500 Sport
5418,TOYOTA,2008,1.5,Hybrid,Automatic,91342,Hatchback,10976,Prius
5419,LEXUS,2015,4.6,Petrol,Automatic,169941,Jeep,61154,GX 470
5420,HYUNDAI,2012,1.6,Petrol,Automatic,111847,Sedan,19121,Elantra
5421,VOLKSWAGEN,2004,1.9,Diesel,Manual,198914,Universal,12231,Caddy
5422,FORD,2009,1.8,Diesel,Manual,105633,Goods wagon,10976,Transit Connect
5423,BMW,2004,3.0,Diesel,Tiptronic,152857,Jeep,21639,X5
5424,DODGE,2010,2.0,Petrol,Variator,76429,Hatchback,10976,Caliber sxt
5425,TOYOTA,2018,2.0,Petrol,Automatic,48827,Jeep,10349,4Runner
5426,RENAULT,1996,1.2,Petrol,Manual,68972,Hatchback,3000,Twingo
5427,MITSUBISHI,2018,2.0,Petrol,Tiptronic,2684,Jeep,33870,Outlander sport
5428,SSANGYONG,2015,2.0,Diesel,Automatic,80262,Jeep,23533,Korando
5429,CHEVROLET,2007,2.0,Diesel,Automatic,49071,Jeep,6272,Captiva
5430,TOYOTA,2012,1.5,Hybrid,Variator,56793,Hatchback,16935,Prius C
5431,JAGUAR,2007,2.5,Petrol,Tiptronic,99419,Sedan,11000,X-type
5432,MITSUBISHI,2005,2.4,Petrol,Manual,99419,Jeep,13172,Outlander
5433,LEXUS,2009,3.5,Petrol,Automatic,51166,Jeep,35570,RX 350
5434,CHEVROLET,2013,2.0,Diesel,Automatic,89412,Jeep,21181,Orlando
5435,MERCEDES-BENZ,2013,3.5,Diesel,Automatic,66984,Sedan,5802,E 350
5436,NISSAN,2004,2.0,Petrol,Automatic,96934,Jeep,10349,X-Trail
5437,SUBARU,2013,2.5,Petrol,Tiptronic,49710,Jeep,23521,Forester
5438,BMW,2014,2.0,Petrol,Tiptronic,43496,Sedan,45473,528
5439,HONDA,2010,1.3,LPG,Automatic,198839,Hatchback,14740,Insight
5440,TOYOTA,2007,1.4,Petrol,Manual,149750,Sedan,14740,Corolla
5441,HYUNDAI,2014,2.5,Diesel,Automatic,122195,Minivan,30085,H1
5442,NISSAN,2006,2.0,CNG,Automatic,66699,Sedan,6899,Cefiro
5443,HYUNDAI,2012,1.8,Petrol,Automatic,79055,Sedan,15681,Elantra
5444,HYUNDAI,2016,1.8,Petrol,Tiptronic,49710,Sedan,15053,Elantra
5445,TOYOTA,2007,1.5,Hybrid,Automatic,124274,Sedan,13172,Prius
5446,SSANGYONG,2016,1.6,Petrol,Automatic,44784,Jeep,40092,Actyon
5447,MERCEDES-BENZ,1998,2.0,CNG,Manual,111849,Sedan,7840,E 200
5448,BMW,2011,3.0,Diesel,Tiptronic,155343,Jeep,34497,X5
5449,NISSAN,2004,2.5,Petrol,Automatic,194489,Jeep,10976,X-Trail
5450,KIA,2016,2.4,Petrol,Tiptronic,32311,Sedan,29793,Optima
5451,BMW,2012,2.0,Petrol,Tiptronic,113711,Sedan,41710,328
5452,SSANGYONG,2016,1.6,Diesel,Automatic,55821,Jeep,42102,Actyon
5453,MERCEDES-BENZ,2005,3.5,Petrol,Tiptronic,57663,Coupe,24775,CLS 350
5454,FORD,2011,3.0,Petrol,Automatic,64623,Jeep,16621,Escape
5455,HYUNDAI,2016,2.0,Diesel,Automatic,74092,Jeep,53154,Santa FE
5456,MERCEDES-BENZ,2012,3.5,Petrol,Automatic,43496,Sedan,15681,E 350
5457,HONDA,2009,1.3,Hybrid,Variator,96934,Sedan,14740,Insight
5458,HYUNDAI,2011,2.2,Diesel,Automatic,46636,Jeep,15470,Santa FE
5459,TOYOTA,2017,1.5,Petrol,Automatic,63580,Sedan,3058,Yaris
5460,MERCEDES-BENZ,2004,3.7,CNG,Tiptronic,173830,Jeep,16308,ML 350
5461,KIA,2014,2.0,Petrol,Automatic,25353,Sedan,18189,Optima
5462,HONDA,2015,1.5,Petrol,Automatic,37617,Hatchback,38182,FIT
5463,HONDA,2010,1.5,Hybrid,Tiptronic,114954,Coupe,13172,CR-Z ჰიბრიდი
5464,TOYOTA,2014,2.5,Petrol,Tiptronic,7456,Sedan,18189,Camry
5465,CHEVROLET,2013,2.0,Diesel,Automatic,23057,Jeep,32973,Orlando
5466,HYUNDAI,2017,2.5,Diesel,Automatic,116818,Universal,34692,H1
5467,MERCEDES-BENZ,2000,3.2,CNG,Tiptronic,69041,Jeep,7997,ML 320
5468,MERCEDES-BENZ,1998,3.2,Petrol,Automatic,157207,Sedan,7213,E 320
5469,AUDI,2008,3.2,Petrol,Tiptronic,98287,Sedan,21953,A6 С6
5470,TOYOTA,2013,1.5,Hybrid,Automatic,83885,Hatchback,10400,Aqua
5471,BMW,2010,3.5,Petrol,Tiptronic,58409,Sedan,23521,335
5472,TOYOTA,2016,2.5,Hybrid,Automatic,19503,Sedan,4704,Avalon
5473,TOYOTA,2012,2.5,Petrol,Tiptronic,60894,Jeep,23521,RAV 4
5474,LEXUS,2013,3.5,Hybrid,Automatic,85773,Jeep,1019,RX 450
5475,FORD,2012,2.0,Plug-in Hybrid,Automatic,123869,Hatchback,13956,C-MAX PREMIUM
5476,FORD,2010,1.8,Diesel,Manual,99419,Goods wagon,9095,Transit Connect
5477,HYUNDAI,2013,1.8,Petrol,Automatic,80778,Sedan,13799,Elantra
5478,MERCEDES-BENZ,2011,3.0,Diesel,Automatic,169750,Sedan,9879,E 350
5479,MERCEDES-BENZ,2000,2.3,Petrol,Manual,43682,Minivan,3450,Vito
5480,MERCEDES-BENZ,2015,2.0,Petrol,Tiptronic,39146,Jeep,55823,GLA 250
5481,VOLKSWAGEN,2000,1.4,Petrol,Manual,142915,Hatchback,4391,Golf
5482,OPEL,2009,1.6,CNG,Manual,149129,Goods wagon,10036,Combo
5483,HYUNDAI,2013,2.0,Petrol,Automatic,32726,Sedan,12858,Sonata
5484,AUDI,2014,3.0,Petrol,Automatic,118914,Hatchback,9565,A7
5485,MERCEDES-BENZ,1997,2.9,Diesel,Manual,68972,Microbus,13500,A 140 140
5486,JEEP,2014,2.8,Diesel,Automatic,109548,Jeep,58971,Wrangler
5487,HYUNDAI,2014,2.5,Diesel,Automatic,71717,Minivan,34406,H1
5488,TOYOTA,2005,1.3,Petrol,Automatic,85749,Hatchback,8467,Ist
5489,HONDA,2013,1.3,Petrol,Automatic,81524,Hatchback,13397,FIT
5490,HYUNDAI,2011,1.6,Petrol,Automatic,100363,Sedan,18240,Elantra
5491,TOYOTA,2007,1.5,Hybrid,Automatic,124274,Hatchback,9400,Prius
5492,SUBARU,2015,2.0,Petrol,Automatic,38047,Hatchback,22110,Forester XT
5493,HYUNDAI,2015,1.6,Petrol,Tiptronic,38525,Hatchback,11604,Veloster
5494,MITSUBISHI,2005,2.0,Petrol,Automatic,143668,Jeep,11650,Pajero IO
5495,HYUNDAI,2017,2.0,Diesel,Automatic,93555,Jeep,35269,Tucson
5496,HYUNDAI,2011,2.5,Diesel,Automatic,40740,Minivan,18669,H1
5497,VOLKSWAGEN,2019,1.4,Petrol,Automatic,3107,Sedan,39201,Jetta
5498,HYUNDAI,2016,1.6,Diesel,Automatic,66731,Sedan,21652,Accent
5499,HYUNDAI,2016,3.3,Petrol,Automatic,20943,Sedan,44533,Genesis
5500,HYUNDAI,2016,2.0,LPG,Automatic,177393,Sedan,15681,Sonata
5501,TOYOTA,2014,1.5,Petrol,Automatic,44117,Hatchback,19306,Aqua
5502,DAEWOO,2010,2.0,Diesel,Automatic,33071,Sedan,7997,Lacetti
5503,LEXUS,2014,2.5,Hybrid,Automatic,70216,Sedan,17876,ES 300
5504,FORD,2014,3.5,Petrol,Automatic,96056,Sedan,32311,Taurus
5505,AUDI,2015,3.0,Petrol,Tiptronic,33978,Jeep,39201,Q5
5506,TOYOTA,2017,4.6,Petrol,Automatic,118604,Sedan,6429,Tundra
5507,HYUNDAI,2011,2.0,Diesel,Automatic,152430,Jeep,16480,Tucson
5508,FORD,2009,2.5,Hybrid,Automatic,164042,Sedan,12544,Fusion
5509,TOYOTA,2014,2.5,Petrol,Automatic,70588,Sedan,27284,Camry
5510,HYUNDAI,2014,2.0,Diesel,Automatic,82747,Jeep,41547,Santa FE
5511,KIA,2012,2.4,Petrol,Automatic,93359,Sedan,2666,Optima
5512,CHEVROLET,2017,1.4,Petrol,Automatic,93487,Sedan,4704,Cruze
5513,SSANGYONG,2011,2.7,Diesel,Automatic,75589,Jeep,29711,REXTON
5514,NISSAN,2002,1.2,Petrol,Automatic,112468,Sedan,2822,March 231212
5515,HYUNDAI,2014,2.5,Diesel,Automatic,96109,Minivan,34657,H1
5516,NISSAN,2013,1.6,Petrol,Tiptronic,46603,Jeep,20385,Juke
5517,HONDA,2017,1.3,Petrol,Automatic,30447,Hatchback,23659,FIT
5518,TOYOTA,2017,1.5,Hybrid,Automatic,4094,Universal,40954,Aqua
5519,BMW,2001,3.0,Diesel,Tiptronic,69041,Jeep,15681,X5
5520,LEXUS,2017,4.6,Petrol,Automatic,43445,Jeep,33243,GX 460
5521,TOYOTA,2010,1.8,Hybrid,Variator,114954,Hatchback,16308,Prius
5522,HYUNDAI,2016,1.6,Diesel,Automatic,23242,Sedan,19736,Elantra
5523,CHEVROLET,2012,1.6,Petrol,Automatic,51725,Sedan,7370,Aveo
5524,LEXUS,2012,4.6,Petrol,Automatic,158702,Jeep,54568,GX 460
5525,FORD,2016,2.0,Hybrid,Automatic,178444,Sedan,1098,Fusion
5526,HYUNDAI,2014,1.8,Petrol,Tiptronic,69594,Sedan,22894,Elantra
5527,HYUNDAI,2015,1.6,LPG,Automatic,22125,Sedan,19601,Elantra
5528,TOYOTA,2012,1.8,Hybrid,Variator,93206,Hatchback,20071,Prius
5529,CHEVROLET,2003,1.3,Petrol,Automatic,99419,Hatchback,7213,Cruze Cruze
5530,CHEVROLET,2013,1.4,Petrol,Tiptronic,10439,Sedan,15053,Cruze
5531,BMW,2010,3.0,Petrol,Tiptronic,58409,Sedan,21326,328 i
5532,BMW,2013,2.8,Petrol,Tiptronic,67605,Sedan,31361,328
5533,MERCEDES-BENZ,2015,3.5,Diesel,Automatic,49138,Jeep,22894,ML 350
5534,HONDA,2017,2.0,Petrol,Automatic,17957,Sedan,54822,Civic
5535,SSANGYONG,2010,2.0,Diesel,Automatic,124896,Sedan,15555,Actyon
5536,HYUNDAI,2011,2.0,Diesel,Automatic,32856,Jeep,13360,Santa FE
5537,HYUNDAI,2014,2.5,Diesel,Automatic,118060,Minivan,28423,H1
5538,MITSUBISHI,1996,2.4,CNG,Automatic,123031,Jeep,9408,Pajero
5539,TOYOTA,2011,1.8,Petrol,Automatic,86557,Hatchback,18817,Prius
5540,MERCEDES-BENZ,2004,2.2,Diesel,Tiptronic,160935,Sedan,12544,E 220
5541,HONDA,2012,1.3,Petrol,Automatic,67108,Hatchback,7840,FIT
5542,HYUNDAI,2015,1.6,Petrol,Automatic,60830,Sedan,26770,Elantra
5543,HYUNDAI,2016,2.0,Diesel,Automatic,25895,Jeep,31653,Tucson
5544,HYUNDAI,2017,1.7,Diesel,Automatic,71387,Jeep,35846,Tucson
5545,NISSAN,2005,3.5,CNG,Automatic,96437,Jeep,20385,Murano
5546,MERCEDES-BENZ,2014,3.5,Diesel,Automatic,136099,Sedan,29793,E 350
5547,HYUNDAI,2015,2.0,Petrol,Automatic,8928,Sedan,20165,Sonata
5548,CHEVROLET,2016,2.0,LPG,Automatic,70872,Jeep,27924,Orlando
5549,LEXUS,2010,4.6,Petrol,Automatic,162036,Jeep,46728,GX 460
5550,KIA,2017,2.0,Petrol,Automatic,20508,Sedan,21639,Optima
5551,TOYOTA,2012,1.8,Hybrid,Automatic,80282,Hatchback,15681,Prius V
5552,MERCEDES-BENZ,2010,3.5,Diesel,Automatic,117768,Sedan,12388,E 350
5553,MERCEDES-BENZ,2008,3.5,LPG,Tiptronic,93827,Jeep,25089,ML 350 4matic
5554,TOYOTA,2012,1.5,Hybrid,Automatic,110057,Hatchback,20385,Prius C
5555,TOYOTA,2014,1.5,Hybrid,Automatic,74565,Hatchback,17249,Prius C
5556,TOYOTA,2016,2.5,Hybrid,Automatic,27962,Sedan,36065,Camry
5557,TOYOTA,2015,1.5,Petrol,Automatic,42235,Hatchback,26491,Aqua
5558,TOYOTA,2012,1.5,Hybrid,Automatic,79535,Hatchback,10663,Aqua
5559,HONDA,2014,1.5,Hybrid,Automatic,60591,Hatchback,10569,FIT
5560,HONDA,2012,1.3,Petrol,Tiptronic,38525,Hatchback,7527,FIT
5561,HYUNDAI,2016,2.0,Diesel,Automatic,72630,Jeep,38894,Tucson
5562,JEEP,2018,2.4,Petrol,Automatic,7780,Sedan,8154,Compass
5563,OPEL,2008,1.7,Diesel,Manual,97555,Universal,12858,Astra
5564,CHEVROLET,2009,2.0,Diesel,Automatic,47572,Jeep,7840,Captiva
5565,KIA,2013,3.0,Petrol,Automatic,38112,Sedan,10349,Cadenza
5566,FIAT,2012,1.4,Petrol,Manual,85501,Sedan,14113,500
5567,CHEVROLET,2013,1.4,Plug-in Hybrid,Automatic,65865,Hatchback,24462,Volt
5568,HYUNDAI,2016,1.6,Petrol,Automatic,32494,Jeep,26186,Tucson Limited
5569,FORD,2013,2.0,Petrol,Automatic,57029,Sedan,13015,Fusion
5570,HYUNDAI,2016,2.0,Petrol,Automatic,48133,Sedan,41161,Sonata
5571,MINI,2013,1.6,Petrol,Tiptronic,76429,Jeep,25716,Countryman
5572,TOYOTA,2015,1.5,Hybrid,Automatic,86068,Hatchback,8467,Aqua
5573,HYUNDAI,2012,2.0,Diesel,Automatic,76182,Jeep,23207,Tucson
5574,CHEVROLET,2010,1.8,Petrol,Automatic,46482,Sedan,6272,Cruze
5575,NISSAN,2011,1.6,Petrol,Tiptronic,34175,Jeep,19757,Juke
5576,MASERATI,2014,3.0,Petrol,Automatic,27160,Sedan,17562,Ghibli
5577,NISSAN,2013,1.6,Petrol,Tiptronic,137237,Jeep,14800,Juke
5578,MERCEDES-BENZ,2001,3.2,Petrol,Tiptronic,167770,Sedan,26657,S 320
5579,HYUNDAI,2011,1.8,Petrol,Automatic,191694,Sedan,2195,Elantra
5580,MERCEDES-BENZ,2015,2.0,Petrol,Automatic,61853,Jeep,11133,GLA 250
5581,HYUNDAI,2012,1.6,Petrol,Automatic,75411,Sedan,19121,Elantra
5582,FORD,2014,2.0,Petrol,Automatic,94353,Sedan,18817,Fusion
5583,BMW,2014,4.4,Petrol,Automatic,52760,Sedan,26657,550
5584,HYUNDAI,2009,2.0,Petrol,Automatic,73956,Coupe,14062,Genesis
5585,HYUNDAI,2011,1.8,Petrol,Tiptronic,93206,Sedan,13172,Elantra
5586,HYUNDAI,2015,2.0,Petrol,Automatic,31761,Sedan,47694,Sonata
5587,FORD,2015,2.0,Petrol,Automatic,135210,Hatchback,13172,Focus
5588,OPEL,2007,1.4,Petrol,Manual,111847,Hatchback,10349,Corsa
5589,CHEVROLET,2016,1.4,Petrol,Tiptronic,8152,Sedan,20385,Cruze
5590,LEXUS,2012,4.6,Petrol,Automatic,158702,Jeep,12858,GX 460
5591,SSANGYONG,2016,2.2,Diesel,Automatic,27264,Jeep,59464,REXTON
5592,BMW,2006,3.0,LPG,Tiptronic,161556,Jeep,16935,X5
5593,MERCEDES-BENZ,2003,1.8,LPG,Automatic,99419,Coupe,8154,C 230
5594,TOYOTA,2012,1.8,Hybrid,Automatic,44918,Hatchback,15210,Prius
5595,CHEVROLET,2016,1.5,Plug-in Hybrid,Automatic,52195,Hatchback,43592,Volt
5596,MERCEDES-BENZ,2009,3.5,Diesel,Automatic,165323,Sedan,1411,E 350
5597,TOYOTA,2009,1.5,Hybrid,Automatic,107630,Hatchback,6586,Prius
5598,MERCEDES-BENZ,2015,3.5,Diesel,Automatic,49138,Jeep,22894,ML 350
5599,FORD,2013,1.5,Petrol,Automatic,62137,Sedan,19444,Fusion
5600,SSANGYONG,2011,2.0,Diesel,Automatic,71190,Jeep,22947,Korando
5601,FORD,2011,1.8,Diesel,Manual,136157,Goods wagon,9408,Transit Connect
5602,HYUNDAI,2010,3.3,Petrol,Automatic,120797,Sedan,23207,Genesis
5603,HYUNDAI,2011,2.0,Petrol,Automatic,92584,Sedan,13297,Sonata
5604,HYUNDAI,2011,1.8,Petrol,Automatic,94448,Sedan,12544,Elantra
5605,TOYOTA,2012,2.5,Petrol,Automatic,63435,Sedan,21953,Camry
5606,SUZUKI,2005,1.3,Petrol,Manual,118060,Hatchback,7840,Ignis
5607,HYUNDAI,2016,2.5,Diesel,Automatic,30323,Minivan,42218,H1
5608,MERCEDES-BENZ,2008,2.2,Diesel,Manual,123466,Minivan,17000,Vito
5609,SUBARU,2019,2.0,Petrol,Automatic,3967,Sedan,7213,Crosstrek
5610,TOYOTA,2019,2.0,Petrol,Automatic,18356,Jeep,17876,CHR
5611,HYUNDAI,2011,2.0,Diesel,Automatic,89581,Jeep,28830,Tucson
5612,TOYOTA,2016,2.5,Hybrid,Automatic,86992,Sedan,32929,Camry
5613,LEXUS,2010,4.6,Petrol,Automatic,96823,Jeep,39201,GX 460
5614,TOYOTA,2013,1.5,Hybrid,Variator,80157,Hatchback,10349,Aqua
5615,CHEVROLET,2013,3.6,Petrol,Manual,96470,Coupe,23521,Camaro LS
5616,CHEVROLET,2014,1.4,Petrol,Manual,91466,Sedan,10976,Cruze
5617,LEXUS,2007,3.3,Hybrid,Automatic,8699,Jeep,23834,RX 400
5618,TOYOTA,2017,1.8,Petrol,Tiptronic,7994,Sedan,30420,Corolla ECO
5619,HYUNDAI,2016,2.0,Diesel,Automatic,76539,Jeep,41055,Santa FE
5620,TOYOTA,2008,1.5,Hybrid,Variator,123031,Hatchback,11604,Prius
5621,FORD,2015,2.0,Hybrid,Automatic,62601,Sedan,2666,Fusion
5622,MERCEDES-BENZ,2005,1.8,CNG,Automatic,116397,Sedan,15994,E 200
5623,OPEL,1999,1.6,Petrol,Manual,124274,Sedan,8154,Astra G
5624,TOYOTA,2010,2.5,Petrol,Tiptronic,68061,Jeep,23521,RAV 4 SPORT
5625,CADILLAC,2000,3.0,CNG,Manual,111847,Sedan,4800,Catera
5626,TOYOTA,2008,1.5,Hybrid,Automatic,126760,Hatchback,7840,Prius
5627,TOYOTA,2020,3.5,Petrol,Automatic,1037,Sedan,31675,Tacoma
5628,TOYOTA,2013,2.5,Hybrid,Automatic,118402,Sedan,5018,Camry
5629,KIA,2011,2.0,Petrol,Automatic,25652,Sedan,14269,Optima
5630,AUDI,2008,3.6,Petrol,Tiptronic,136702,Jeep,16935,Q7
5631,OPEL,1999,1.6,Petrol,Manual,126117,Goods wagon,6899,Astra
5632,NISSAN,2015,1.2,Petrol,Automatic,47174,Hatchback,5378,March
5633,HONDA,2014,2.4,Petrol,Automatic,36040,Coupe,41538,Civic
5634,PORSCHE,2018,2.0,Petrol,Automatic,725,Jeep,25716,Cayman
5635,LEXUS,2012,4.6,Petrol,Automatic,93770,Jeep,4077,GX 460
5636,LAND ROVER,2006,4.4,Petrol,Tiptronic,121167,Jeep,19444,Land Rover Sport
5637,MERCEDES-BENZ,2010,3.0,Petrol,Tiptronic,90720,Sedan,20385,C 300
5638,NISSAN,1999,3.3,CNG,Automatic,994,Jeep,8467,Pathfinder
5639,TOYOTA,2013,1.8,Hybrid,Automatic,100414,Hatchback,23521,Prius
5640,HYUNDAI,2016,2.5,Diesel,Automatic,83069,Universal,44843,H1
5641,HYUNDAI,2013,2.0,Diesel,Automatic,96934,Jeep,43815,Santa FE
5642,KIA,2014,2.0,Petrol,Automatic,24158,Sedan,16151,Optima
5643,TOYOTA,2015,1.5,Petrol,Automatic,32907,Hatchback,25396,Aqua
5644,HYUNDAI,2017,2.4,Petrol,Automatic,60655,Sedan,3293,Sonata
5645,HYUNDAI,2017,1.7,Diesel,Automatic,80802,Jeep,44545,Tucson
5646,MERCEDES-BENZ,2011,3.5,Petrol,Automatic,57477,Sedan,28225,E 350
5647,HYUNDAI,2010,2.0,Diesel,Automatic,102264,Jeep,24123,Tucson
5648,SSANGYONG,2011,2.7,Diesel,Automatic,81643,Jeep,30596,REXTON
5649,TOYOTA,2010,1.8,Petrol,Variator,69041,Hatchback,17562,Prius
5650,NISSAN,2010,1.5,Petrol,Automatic,24233,Hatchback,6586,Tiida 15 M
5651,BMW,2014,2.0,Petrol,Tiptronic,49710,Sedan,48610,528
5652,FORD,2013,1.6,Petrol,Tiptronic,60519,Jeep,24148,Escape
5653,TOYOTA,2014,1.8,Petrol,Automatic,41159,Sedan,17876,Corolla LE
5654,HYUNDAI,2019,2.4,Petrol,Automatic,14187,Sedan,13799,Santa FE
5655,MERCEDES-BENZ,2009,3.0,Diesel,Tiptronic,138566,Sedan,44000,320
5656,CHEVROLET,2015,2.2,Diesel,Automatic,39218,Jeep,20068,Captiva
5657,VOLKSWAGEN,2013,1.4,Hybrid,Tiptronic,82269,Sedan,21953,Jetta
5658,MERCEDES-BENZ,2012,3.5,Petrol,Automatic,92584,Sedan,21639,E 350 4 MATIC
5659,MITSUBISHI,2005,1.5,Petrol,Tiptronic,64623,Hatchback,8781,Colt
5660,MERCEDES-BENZ,2019,2.0,Petrol,Automatic,9467,Sedan,32615,A 140
5661,TOYOTA,2019,2.0,Petrol,Automatic,11775,Jeep,15681,CHR
5662,HONDA,2000,1.5,Petrol,Variator,114954,Hatchback,4704,Civic
5663,OPEL,2000,2.0,Diesel,Automatic,162886,Sedan,6586,Astra
5664,KIA,2015,2.0,Petrol,Automatic,78057,Sedan,2038,Avella
5665,FORD,2010,2.5,Hybrid,Variator,93206,Jeep,22580,Escape
5666,TOYOTA,2018,2.5,Hybrid,Automatic,21784,Sedan,18817,Camry
5667,MITSUBISHI,2004,2.0,Petrol,Automatic,155343,Jeep,9408,Pajero IO
5668,HUMMER,2008,3.7,Petrol,Manual,55923,Jeep,23207,H3
5669,MAZDA,2003,1.4,CNG,Manual,114954,Hatchback,7213,Demio evropuli
5670,HYUNDAI,2017,2.0,Petrol,Automatic,41010,Sedan,17559,Elantra
5671,HYUNDAI,2017,2.0,LPG,Automatic,147902,Sedan,19914,Sonata
5672,FORD,2013,2.0,Petrol,Automatic,68972,Jeep,20385,Escape
5673,LEXUS,2010,4.6,Petrol,Automatic,171026,Jeep,15681,GX 460
5674,LEXUS,2010,3.5,Hybrid,Automatic,103907,Jeep,5018,RX 450
5675,TOYOTA,2002,2.0,CNG,Automatic,124274,Jeep,10976,RAV 4
5676,HONDA,2003,1.3,Petrol,Variator,100041,Hatchback,1900,FIT
5677,HONDA,2013,2.4,Petrol,Automatic,64578,Coupe,35567,Civic
5678,FORD,2017,1.5,Petrol,Automatic,48074,Sedan,3136,Fusion
5679,DODGE,2015,2.4,Petrol,Tiptronic,68972,Sedan,17876,Dart
5680,TOYOTA,2013,1.5,Hybrid,Automatic,621,Sedan,13350,Aqua
5681,HYUNDAI,2014,2.0,LPG,Automatic,217339,Sedan,10036,Sonata
5682,MERCEDES-BENZ,2012,3.0,Diesel,Automatic,106392,Sedan,9252,E 350
5683,SSANGYONG,2010,2.0,Diesel,Automatic,166568,Jeep,16741,Actyon
5684,TOYOTA,2006,1.5,Hybrid,Automatic,104390,Sedan,11290,Prius
5685,HYUNDAI,2010,2.5,Diesel,Automatic,83879,Minivan,12522,H1
5686,TOYOTA,2008,1.5,Hybrid,Variator,96934,Hatchback,13172,Prius
5687,TOYOTA,2010,1.8,Hybrid,Automatic,151117,Sedan,14113,Prius
5688,FORD,2004,1.8,Diesel,Manual,124274,Goods wagon,6272,Focus
5689,NISSAN,2018,1.6,Petrol,Automatic,2711,Jeep,25089,Kicks
5690,CHEVROLET,2007,2.0,Diesel,Automatic,42512,Jeep,5488,Captiva
5691,HYUNDAI,2016,2.0,Petrol,Automatic,26030,Sedan,55343,Sonata
5692,MITSUBISHI,2010,2.4,Petrol,Automatic,142170,Jeep,14740,Outlander
5693,TOYOTA,2012,2.5,Hybrid,Tiptronic,109983,Sedan,16621,Camry XLE
5694,TOYOTA,2013,1.8,Hybrid,Automatic,34175,Hatchback,21012,Prius
5695,TOYOTA,2010,3.5,Petrol,Tiptronic,114929,Minivan,37633,Sienna
5696,TOYOTA,2012,2.5,Hybrid,Automatic,97256,Sedan,3607,Camry
5697,NISSAN,2002,2.0,Petrol,Automatic,121789,Jeep,9408,X-Trail
5698,HYUNDAI,2016,2.0,Petrol,Automatic,27522,Sedan,19444,Elantra Se
5699,OPEL,2000,1.6,CNG,Manual,186411,Universal,7527,Astra G
5700,TOYOTA,2010,1.8,Hybrid,Automatic,73943,Hatchback,10036,Prius
5701,TOYOTA,2013,1.5,Petrol,Automatic,39146,Hatchback,24239,Aqua
5702,TOYOTA,2010,2.4,Hybrid,Variator,98081,Sedan,20385,Prius
5703,HONDA,1998,2.0,Petrol,Automatic,175288,Jeep,6899,Cr-v
5704,TOYOTA,2006,4.5,CNG,Automatic,118060,Jeep,42337,Land Cruiser
5705,HYUNDAI,2016,1.7,Diesel,Automatic,85404,Jeep,39891,Tucson
5706,TOYOTA,2008,1.5,Petrol,Automatic,180943,Hatchback,13485,Prius
5707,TOYOTA,2012,3.5,Hybrid,Automatic,225594,Jeep,1490,Highlander
5708,BMW,2003,2.2,Petrol,Tiptronic,98177,Sedan,8300,320
5709,HYUNDAI,2017,1.6,Petrol,Automatic,10369,Sedan,21639,Elantra
5710,KIA,2015,2.0,Petrol,Automatic,22271,Sedan,17876,Optima
5711,MERCEDES-BENZ,2013,3.5,Petrol,Tiptronic,60522,Jeep,49550,ML 350
5712,VOLKSWAGEN,1996,1.8,Petrol,Manual,20247,Sedan,6115,Vento
5713,HYUNDAI,2017,1.7,Diesel,Automatic,93440,Jeep,38229,Tucson
5714,BMW,2003,3.0,Petrol,Tiptronic,173984,Sedan,10349,330
5715,KIA,2011,2.0,Diesel,Automatic,61293,Jeep,16621,Sportage
5716,HYUNDAI,2010,2.0,Petrol,Automatic,62137,Coupe,16088,Genesis
5717,LEXUS,2012,3.5,Petrol,Tiptronic,7270,Jeep,47042,RX 350
5718,MERCEDES-BENZ,2009,3.5,Petrol,Tiptronic,54671,Coupe,31361,E 350
5719,BMW,2008,3.0,Diesel,Automatic,100662,Jeep,40769,X5
5720,TOYOTA,2013,2.5,Petrol,Tiptronic,109361,Sedan,18817,Camry
5721,MINI,2013,1.6,Petrol,Automatic,68972,Jeep,13000,Countryman
5722,FORD,2013,3.5,Petrol,Automatic,75887,Jeep,4077,Explorer
5723,TOYOTA,2009,1.8,Hybrid,Variator,236618,Sedan,17249,Prius
5724,TOYOTA,2014,1.8,Hybrid,Automatic,45981,Sedan,21326,Prius
5725,HYUNDAI,2013,1.6,Petrol,Tiptronic,70836,Sedan,16621,Veloster
5726,MERCEDES-BENZ,2006,2.7,Diesel,Tiptronic,23264,Microbus,35850,Sprinter
5727,HYUNDAI,2012,1.6,Petrol,Automatic,74772,Sedan,18826,Elantra
5728,HYUNDAI,2013,2.0,Diesel,Automatic,139235,Jeep,32904,Santa FE
5729,CHEVROLET,2014,1.4,Petrol,Automatic,56669,Sedan,18503,Cruze
5730,MAZDA,2003,1.4,CNG,Manual,114954,Hatchback,7213,Demio mazda2
5731,CHEVROLET,2016,1.6,Diesel,Automatic,41385,Jeep,28423,Orlando
5732,BMW,2003,4.5,Petrol,Tiptronic,139187,Sedan,18817,745
5733,HONDA,1998,2.0,Petrol,Automatic,69041,Jeep,6272,Cr-v
5734,DODGE,2002,2.0,Petrol,Automatic,64623,Sedan,4704,Neon
5735,SUBARU,2011,2.5,Petrol,Tiptronic,90099,Jeep,16621,Forester
5736,MAZDA,2014,2.5,Petrol,Tiptronic,58409,Jeep,34497,CX-5
5737,HONDA,2020,1.5,Petrol,Automatic,2792,Sedan,7840,Civic
5738,MERCEDES-BENZ,1999,2.3,CNG,Automatic,186411,Sedan,7840,C 230
5739,AUDI,2004,1.8,Petrol,Manual,139187,Sedan,9408,A4 B6
5740,BMW,2004,3.0,Petrol,Tiptronic,123777,Sedan,13485,530
5741,HONDA,2012,1.5,Petrol,Variator,77671,Hatchback,17249,FIT
5742,TOYOTA,2007,1.5,Hybrid,Variator,67108,Sedan,13172,Prius
5743,NISSAN,2005,1.5,Petrol,Automatic,7456,Sedan,8781,Tiida
5744,FORD,2007,2.3,Hybrid,Variator,111847,Jeep,18817,Escape
5745,BMW,2009,3.0,Petrol,Tiptronic,114954,Coupe,15681,335
5746,CHEVROLET,2011,1.6,Petrol,Automatic,26856,Sedan,7527,Cruze
5747,SSANGYONG,2016,1.6,Petrol,Automatic,39812,Jeep,43868,Actyon
5748,HONDA,2006,2.4,Petrol,Automatic,72700,Jeep,17249,Cr-v
5749,MERCEDES-BENZ,2016,3.5,Diesel,Automatic,47973,Sedan,1568,E 350
5750,LEXUS,2008,3.3,Hybrid,Automatic,139578,Jeep,8154,RX 300
5751,CHEVROLET,2013,2.0,Diesel,Automatic,73386,Jeep,24302,Captiva
5752,TOYOTA,2012,1.5,Hybrid,Automatic,237364,Hatchback,6500,Aqua
5753,FORD,2016,2.5,Petrol,Automatic,43710,Sedan,1725,Fusion
5754,HONDA,1999,2.0,Petrol,Automatic,1056,Jeep,9408,Cr-v
5755,HYUNDAI,2016,2.0,Hybrid,Automatic,44253,Sedan,5018,Sonata
5756,TOYOTA,2010,2.5,Petrol,Automatic,199276,Jeep,4861,RAV 4
5757,SUBARU,1999,2.5,Petrol,Automatic,16156,Jeep,6272,Forester
5758,HYUNDAI,2008,2.5,Diesel,Automatic,156585,Universal,13589,H1
5759,FORD,2010,1.8,Diesel,Manual,129245,Goods wagon,12231,Transit Connect
5760,MERCEDES-BENZ,2006,2.2,Diesel,Manual,116818,Minivan,16621,Vito
5761,CHEVROLET,2009,2.0,Diesel,Automatic,98343,Sedan,11099,Lacetti
5762,OPEL,2000,1.6,Petrol,Manual,102526,Sedan,7840,Astra GE
5763,SSANGYONG,2012,2.7,Diesel,Automatic,50254,Jeep,32311,REXTON
5764,HONDA,2003,1.3,Petrol,Automatic,115575,Hatchback,7683,FIT
5765,AUDI,2010,2.0,Petrol,Automatic,11185,Jeep,24148,Q5
5766,TOYOTA,2015,1.5,Hybrid,Automatic,70836,Hatchback,21012,Prius C
5767,HYUNDAI,2016,2.0,Diesel,Automatic,114960,Jeep,37476,Santa FE
5768,HYUNDAI,2013,1.8,Petrol,Automatic,87988,Sedan,2195,Elantra
5769,TOYOTA,2012,2.5,Petrol,Tiptronic,70836,Sedan,21953,Camry
5770,CHEVROLET,2014,1.4,Hybrid,Automatic,69670,Hatchback,6586,Volt
5771,VOLKSWAGEN,2014,2.0,Petrol,Tiptronic,114954,Sedan,9408,Jetta
5772,TOYOTA,2008,1.5,Hybrid,Variator,41632,Hatchback,10036,Prius
5773,MERCEDES-BENZ,2000,3.2,Petrol,Tiptronic,124274,Sedan,3900,S 320
5774,FORD,2008,2.3,Hybrid,Automatic,149129,Jeep,17562,Escape
5775,NISSAN,2012,1.6,Petrol,Tiptronic,59099,Jeep,22266,Juke
5776,HYUNDAI,2010,2.0,Petrol,Automatic,55923,Sedan,10349,Sonata
5777,CHEVROLET,2009,1.6,Petrol,Automatic,136227,Sedan,9800,Lacetti
5778,SUBARU,2004,2.0,Petrol,Tiptronic,16777,Sedan,15681,Legacy
5779,HONDA,2001,1.4,Petrol,Manual,136702,Hatchback,6429,Civic
5780,SKODA,2015,2.0,Diesel,Tiptronic,86371,Sedan,46101,Octavia Scout
5781,KIA,2012,2.0,Petrol,Automatic,31834,Sedan,6429,Optima
5782,LEXUS,2017,3.5,Petrol,Automatic,13211,Sedan,45787,IS 300
5783,NISSAN,2004,3.5,CNG,Tiptronic,87613,Minivan,12231,Elgrand
5784,TOYOTA,2017,2.5,Petrol,Automatic,55342,Sedan,6115,Camry
5785,VOLVO,2010,3.2,Petrol,Tiptronic,77050,Jeep,24148,XC90
5786,HYUNDAI,2014,2.0,Diesel,Automatic,95651,Jeep,29586,Tucson
5787,TOYOTA,2004,1.5,Petrol,Automatic,124274,Jeep,6899,RAV 4
5788,HYUNDAI,2015,2.0,Diesel,Automatic,73967,Jeep,48108,Santa FE
5789,TOYOTA,2011,1.3,Petrol,Automatic,93206,Hatchback,10663,Vitz
5790,HONDA,2012,1.5,Hybrid,Automatic,27962,Sedan,12544,Insight
5791,BMW,2015,3.0,Diesel,Automatic,122170,Jeep,1019,X5
5792,HYUNDAI,2013,2.0,Diesel,Automatic,55588,Jeep,31248,Tucson
5793,TOYOTA,2014,1.5,Petrol,Automatic,17398,Hatchback,24176,Aqua
5794,MAZDA,2003,2.3,LPG,Automatic,77671,Minivan,8154,MPV
5795,TOYOTA,2013,2.5,Petrol,Automatic,75559,Sedan,21326,Camry
5796,NISSAN,2005,1.5,Petrol,Automatic,86992,Hatchback,9095,Tiida
5797,TOYOTA,2018,1.5,Hybrid,Automatic,4350,Hatchback,15500,Aqua
5798,DODGE,2000,2.0,Petrol,Automatic,69780,Sedan,2822,Neon
5799,MERCEDES-BENZ,2015,2.0,Petrol,Automatic,46565,Sedan,1019,CLA 250
5800,AUDI,2005,2.4,Petrol,Automatic,99419,Sedan,15994,A6 UNIVERSAL
5801,TOYOTA,2006,1.0,Petrol,Automatic,119303,Hatchback,10349,Yaris
5802,KIA,2013,3.5,Petrol,Tiptronic,63380,Jeep,26030,Sorento
5803,MERCURY,2009,2.5,Hybrid,Automatic,162178,Jeep,19757,Mariner
5804,TOYOTA,2008,3.0,Diesel,Tiptronic,105633,Jeep,47042,Land Cruiser Prado
5805,TOYOTA,2010,1.8,Hybrid,Variator,96934,Hatchback,18817,Prius
5806,FORD,2007,2.2,Diesel,Manual,143537,Microbus,17700,Transit
5807,FORD,2014,2.0,Hybrid,Automatic,127257,Sedan,18817,Fusion
5808,HYUNDAI,2011,1.6,Petrol,Automatic,116969,Hatchback,14454,I30
5809,LEXUS,2010,4.6,Petrol,Automatic,221982,Jeep,40142,GX 470
5810,HYUNDAI,2017,2.0,Petrol,Automatic,19219,Sedan,53580,Sonata
5811,SSANGYONG,2010,2.0,Diesel,Automatic,90024,Jeep,18826,Actyon
5812,VOLKSWAGEN,2015,1.8,Petrol,Tiptronic,34797,Sedan,14500,Jetta
5813,TOYOTA,2012,1.5,Petrol,Automatic,86992,Hatchback,14426,Aqua
5814,HYUNDAI,2010,2.0,Diesel,Automatic,35853,Jeep,15063,Santa FE
5815,BMW,2014,2.0,Petrol,Tiptronic,34797,Sedan,28225,328
5816,HYUNDAI,2015,2.0,LPG,Automatic,194190,Sedan,15367,Sonata
5817,FORD,2013,2.2,Diesel,Manual,91342,Goods wagon,34184,Transit
5818,KIA,2016,1.7,Diesel,Automatic,18752,Sedan,27755,Optima
5819,SKODA,2009,2.0,Petrol,Manual,189518,Hatchback,7500,Octavia
5820,HONDA,2004,1.3,Petrol,Automatic,84506,Hatchback,7370,FIT
5821,TOYOTA,2013,1.5,Petrol,Automatic,69718,Hatchback,29445,Aqua
5822,MINI,2014,1.6,Petrol,Automatic,42384,Coupe,1176,Cooper
5823,HYUNDAI,2011,2.4,Petrol,Tiptronic,100171,Sedan,15681,Sonata
5824,DAEWOO,2011,1.8,Petrol,Automatic,57788,Sedan,11563,Lacetti
5825,BMW,2007,3.0,Diesel,Tiptronic,137634,Jeep,28225,X5
5826,TOYOTA,2012,1.5,Hybrid,Automatic,99419,Hatchback,10036,Aqua
5827,TOYOTA,2013,2.5,Petrol,Automatic,67108,Sedan,22580,Camry
5828,FORD,2014,3.7,Petrol,Automatic,69240,Cabriolet,21326,Mustang cabrio
5829,MERCEDES-BENZ,2011,3.0,Diesel,Tiptronic,68972,Jeep,37633,ML 350
5830,MERCEDES-BENZ,2002,2.0,Petrol,Manual,124274,Sedan,8624,C 180
5831,AUDI,2017,3.0,Petrol,Automatic,27739,Jeep,13328,Q7
5832,TOYOTA,2008,3.3,Hybrid,Automatic,167249,Jeep,1646,Highlander
5833,LEXUS,2014,1.8,Hybrid,Automatic,82371,Hatchback,11447,CT 200h
5834,CHEVROLET,2016,1.5,Petrol,Automatic,148373,Sedan,3136,Malibu
5835,NISSAN,2013,1.6,Petrol,Tiptronic,74565,Jeep,23500,Juke
5836,SSANGYONG,2015,2.0,Diesel,Automatic,91569,Jeep,37984,REXTON
5837,TOYOTA,2015,2.5,Petrol,Automatic,107560,Sedan,1568,Camry
5838,MERCEDES-BENZ,2010,3.5,Petrol,Automatic,127983,Sedan,1646,E 350
5839,SUBARU,2000,2.0,Petrol,Manual,621,Goods wagon,3400,Forester
5840,FIAT,2011,1.4,Petrol,Automatic,112344,Hatchback,13956,500 sport
5841,MERCEDES-BENZ,2017,3.5,Petrol,Automatic,59366,Jeep,39201,GLE 350
5842,NISSAN,2015,2.5,Petrol,Automatic,90099,Sedan,25816,Altima
5843,TOYOTA,2012,1.5,Hybrid,Variator,80646,Hatchback,16465,Prius C
5844,AUDI,2011,4.2,Petrol,Tiptronic,65679,Sedan,64290,A8
5845,HYUNDAI,2012,2.0,Diesel,Automatic,100849,Jeep,28241,Tucson
5846,FORD,2013,1.6,Petrol,Automatic,130241,Sedan,2587,Fusion
5847,BMW,2012,3.0,Petrol,Automatic,135725,Sedan,3058,535
5848,CHEVROLET,2014,1.8,Petrol,Automatic,92970,Sedan,13438,Cruze
5849,HYUNDAI,2014,2.0,Diesel,Automatic,86029,Jeep,28328,Tucson
5850,NISSAN,2000,2.0,Petrol,Automatic,180198,Jeep,10663,X-Trail
5851,SSANGYONG,2013,2.0,Diesel,Automatic,50347,Jeep,21953,Korando
5852,SSANGYONG,2016,1.6,Diesel,Automatic,16626,Jeep,40983,Actyon
5853,VOLKSWAGEN,2018,1.4,Petrol,Automatic,3964,Sedan,26814,Jetta SE
5854,LEXUS,2016,3.5,Hybrid,Automatic,37194,Jeep,62722,RX 450
5855,BMW,2012,3.0,Petrol,Automatic,91788,Jeep,24000,X5
5856,TOYOTA,2014,2.5,Petrol,Tiptronic,45981,Sedan,24462,Camry
5857,TOYOTA,2016,1.5,Hybrid,Automatic,81524,Hatchback,20071,Prius C
5858,LAND ROVER,2016,3.0,Diesel,Automatic,118266,Jeep,31988,Range Rover
5859,HYUNDAI,2013,2.0,Diesel,Automatic,105672,Jeep,23935,Tucson
5860,FORD,2014,2.0,Petrol,Automatic,33554,Sedan,10976,Focus
5861,HONDA,2006,1.5,Petrol,Variator,86992,Hatchback,9408,FIT
5862,HONDA,2015,1.5,Petrol,Automatic,54415,Hatchback,25387,FIT
5863,HONDA,2017,2.0,Hybrid,Automatic,28440,Sedan,1960,Accord
5864,BMW,2002,2.2,Petrol,Tiptronic,135320,Sedan,8154,320
5865,MERCEDES-BENZ,2005,3.0,LPG,Tiptronic,68972,Coupe,14113,CLK 280
5866,AUDI,2012,3.2,Petrol,Tiptronic,62758,Jeep,36400,Q5
5867,HONDA,2005,1.5,Petrol,Variator,91963,Sedan,9095,FIT
5868,PEUGEOT,1998,1.4,Petrol,Manual,62137,Sedan,1882,206
5869,LEXUS,2016,3.5,Petrol,Automatic,37194,Jeep,11917,RX 350
5870,HONDA,2008,1.5,Petrol,Automatic,91522,Hatchback,11920,FIT RS
5871,SUBARU,2000,2.0,CNG,Automatic,102737,Jeep,6899,Forester
5872,HYUNDAI,2008,1.6,Petrol,Automatic,38734,Hatchback,9314,I30
5873,DAEWOO,2009,1.6,Petrol,Automatic,69769,Sedan,5488,Lacetti
5874,FIAT,2012,1.4,Petrol,Automatic,67497,Jeep,3450,500
5875,TOYOTA,2012,2.5,Petrol,Tiptronic,46603,Sedan,30420,Camry sport
5876,VOLKSWAGEN,2013,2.5,Petrol,Automatic,105791,Sedan,1176,Passat
5877,TOYOTA,2014,2.5,Petrol,Tiptronic,67108,Sedan,24462,Camry
5878,FORD,2001,3.0,Petrol,Automatic,109007,Jeep,9408,Escape
5879,TOYOTA,2013,2.5,Petrol,Automatic,55923,Sedan,17562,Camry
5880,BMW,2003,2.5,Petrol,Tiptronic,15534,Sedan,12544,525
5881,DODGE,2012,3.6,Petrol,Automatic,123640,Sedan,2195,Avenger
5882,FIAT,2012,1.4,Petrol,Manual,68351,Hatchback,10506,500 s
5883,MERCEDES-BENZ,2014,3.5,Petrol,Tiptronic,73135,Sedan,48610,E 350
5884,HYUNDAI,2014,1.6,Diesel,Automatic,91942,Sedan,25889,Elantra
5885,MITSUBISHI,1998,2.4,Petrol,Automatic,133222,Cabriolet,4704,Eclipse
5886,DAIHATSU,2012,0.7,Petrol,Automatic,44117,Hatchback,5959,Move
5887,TOYOTA,2008,1.5,Hybrid,Variator,131731,Hatchback,13485,Prius
5888,FORD,2008,2.0,LPG,Automatic,64001,Universal,9400,Transit
5889,SSANGYONG,2010,2.0,Diesel,Automatic,77674,Jeep,16894,Actyon
5890,HYUNDAI,2016,1.6,LPG,Automatic,30489,Sedan,17227,Elantra
5891,VAZ,1999,1.7,Petrol,Manual,6214,Jeep,3300,2121 (Niva)
5892,BMW,2001,2.0,Petrol,Automatic,101905,Coupe,10036,320
5893,HONDA,2011,1.3,Hybrid,Automatic,98177,Hatchback,6115,FIT
5894,NISSAN,2012,1.6,Petrol,Automatic,52195,Universal,22580,Juke
5895,HYUNDAI,2011,1.6,Diesel,Automatic,43844,Sedan,11143,Accent
5896,BMW,2008,3.0,Petrol,Tiptronic,173984,Sedan,17876,528
5897,SSANGYONG,2016,1.6,Diesel,Automatic,36783,Jeep,43576,Actyon
5898,HYUNDAI,2009,1.6,Petrol,Automatic,82771,Sedan,11422,Elantra
5899,HYUNDAI,2014,2.5,Diesel,Automatic,60279,Minivan,34108,H1
5900,BMW,2014,2.0,Petrol,Tiptronic,33554,Sedan,37006,328
5901,MERCEDES-BENZ,2004,1.8,Petrol,Manual,122818,Sedan,10820,C 230 kompresor
5902,VAZ,2010,1.7,Petrol,Manual,39829,Sedan,3600,2107
5903,HYUNDAI,2016,2.0,LPG,Automatic,181960,Sedan,11290,Sonata
5904,CHEVROLET,2012,1.4,Hybrid,Automatic,62137,Sedan,16621,Volt
5905,MERCEDES-BENZ,2012,3.0,Diesel,Automatic,137517,Jeep,2430,ML 350
5906,CHEVROLET,2012,1.8,Petrol,Automatic,101323,Sedan,12720,Cruze
5907,FORD,1996,2.5,Diesel,Manual,76429,Microbus,23521,Transit
5908,NISSAN,2004,2.2,Diesel,Manual,186411,Goods wagon,7840,Vanette
5909,TOYOTA,2007,2.4,Hybrid,Tiptronic,229659,Sedan,9095,Camry
5910,HYUNDAI,2010,1.6,Petrol,Automatic,71786,Sedan,15718,Elantra
5911,BMW,2011,3.0,Diesel,Automatic,132473,Jeep,6272,X5
5912,JEEP,2011,3.0,Diesel,Automatic,82179,Jeep,43134,Grand Cherokee
5913,HYUNDAI,2011,1.6,Petrol,Automatic,101714,Sedan,18531,Elantra
5914,HYUNDAI,2015,1.6,Diesel,Automatic,105633,Hatchback,21395,I30
5915,CHEVROLET,2012,2.0,Diesel,Automatic,97432,Jeep,16894,Orlando
5916,TOYOTA,2014,2.5,Hybrid,Automatic,68225,Sedan,5488,Camry
5917,TOYOTA,2012,1.5,Hybrid,Variator,1243,Hatchback,15994,Prius C
5918,FORD,2007,2.5,Diesel,Manual,124274,Microbus,21953,Transit
5919,FORD,2015,2.0,Petrol,Automatic,41132,Sedan,19757,Fusion TITANIUM
5920,FORD,2013,2.0,Hybrid,Automatic,45271,Hatchback,15837,C-MAX PREMIUM
5921,HYUNDAI,2011,1.6,Petrol,Automatic,48146,Sedan,19089,Elantra
5922,SSANGYONG,2010,2.0,Diesel,Automatic,51837,Jeep,8778,Actyon
5923,HONDA,2014,2.4,Petrol,Tiptronic,89477,Jeep,39201,Cr-v
5924,TOYOTA,2008,1.3,Petrol,Automatic,87613,Sedan,9600,Vitz
5925,HYUNDAI,2014,2.0,Diesel,Automatic,80733,Jeep,35344,Santa FE
5926,LEXUS,2011,3.5,Petrol,Automatic,33223,Sedan,21639,ES 300
5927,HYUNDAI,2013,2.0,Diesel,Automatic,121559,Jeep,32377,Santa FE
5928,HYUNDAI,2012,2.0,Diesel,Automatic,86371,Jeep,20786,Tucson
5929,MERCEDES-BENZ,2010,3.5,Petrol,Automatic,127983,Sedan,1646,E 350
5930,TOYOTA,2014,1.8,Hybrid,Automatic,22991,Sedan,22894,Prius
5931,MERCEDES-BENZ,2012,3.5,Petrol,Tiptronic,118060,Sedan,41397,E 350
5932,TOYOTA,2014,1.5,Petrol,Automatic,76429,Hatchback,12607,Aqua
5933,TOYOTA,2017,1.8,Hybrid,Automatic,29622,Sedan,1882,Prius
5934,HONDA,2008,1.5,Petrol,Tiptronic,124274,Hatchback,12074,FIT
5935,HYUNDAI,2016,1.6,Petrol,Manual,26098,Coupe,12231,Veloster
5936,HYUNDAI,2011,1.6,Petrol,Automatic,46967,Sedan,12617,Elantra
5937,MERCEDES-BENZ,1998,2.0,CNG,Manual,111849,Sedan,7840,E 200
5938,TOYOTA,2010,1.8,Hybrid,Variator,87613,Sedan,17876,Prius
5939,HONDA,2006,2.4,Petrol,Automatic,115446,Minivan,17249,Elysion
5940,OPEL,2009,1.3,Diesel,Manual,130488,Goods wagon,8781,Corsa
5941,HYUNDAI,2014,2.0,Diesel,Automatic,91555,Jeep,38894,Santa FE
5942,SUBARU,2001,2.0,Petrol,Tiptronic,69594,Sedan,7840,Legacy
5943,HYUNDAI,2016,1.6,LPG,Automatic,17605,Sedan,18503,Elantra
5944,OPEL,1998,1.6,Petrol,Automatic,13049,Sedan,6272,Vectra
5945,MAZDA,2003,3.0,Petrol,Tiptronic,136702,Sedan,8154,Mazda 6
5946,MERCEDES-BENZ,2011,3.5,Diesel,Automatic,82412,Sedan,1725,E 350
5947,LEXUS,2015,1.8,Hybrid,Automatic,58999,Hatchback,16935,CT 200h
5948,VOLKSWAGEN,2002,1.4,Petrol,Manual,124274,Coupe,5018,Golf
5949,CHEVROLET,2010,1.8,Petrol,Tiptronic,74565,Sedan,11917,Cruze
5950,SSANGYONG,2017,1.6,Diesel,Automatic,41632,Jeep,44134,Actyon
5951,HONDA,1998,2.0,Petrol,Automatic,175288,Jeep,6899,Cr-v
5952,SSANGYONG,2018,1.6,Diesel,Automatic,46119,Jeep,42171,Actyon
5953,FORD,2008,1.8,Diesel,Manual,75186,Goods wagon,9408,Tourneo Connect
5954,FORD,2006,2.2,Diesel,Manual,106441,Microbus,10349,Transit
5955,TOYOTA,2013,2.4,Hybrid,Automatic,78541,Sedan,28225,Camry
5956,AUDI,2010,3.2,Petrol,Tiptronic,113096,Jeep,32302,Q5 Prestige
5957,VOLKSWAGEN,2010,2.0,Petrol,Manual,6214,Hatchback,15681,GTI
5958,SUBARU,2014,2.0,Hybrid,Automatic,76722,Jeep,2587,XV
5959,SUBARU,2000,2.5,CNG,Automatic,166030,Universal,4704,Forester
5960,HYUNDAI,2017,1.7,Diesel,Automatic,37684,Jeep,47537,Tucson
5961,TOYOTA,2012,1.5,Hybrid,Automatic,89477,Hatchback,14740,Aqua
5962,HYUNDAI,2010,1.6,Petrol,Automatic,62280,Sedan,18240,Elantra
5963,VOLKSWAGEN,2011,2.0,Diesel,Tiptronic,93827,Hatchback,19444,Golf TDI
5964,HYUNDAI,2011,1.6,Petrol,Automatic,76797,Sedan,19121,Elantra
5965,BMW,2014,2.0,Petrol,Tiptronic,58999,Coupe,36692,428
5966,HYUNDAI,2013,2.4,Petrol,Automatic,90452,Sedan,1411,Sonata
5967,TOYOTA,2012,1.5,Hybrid,Variator,81524,Hatchback,16308,Prius C
5968,HYUNDAI,2012,2.0,Petrol,Automatic,73721,Sedan,21181,Sonata
5969,SAAB,2003,2.2,Diesel,Manual,124274,Sedan,7840,09-Mar
5970,HYUNDAI,2015,2.0,LPG,Automatic,89180,Sedan,15060,Sonata
5971,TOYOTA,2013,2.5,Petrol,Tiptronic,58409,Jeep,20385,RAV 4
5972,FORD,2014,2.0,Plug-in Hybrid,Variator,42688,Sedan,27000,Fusion
5973,TOYOTA,2006,1.5,Hybrid,Automatic,205760,Sedan,11604,Prius
5974,HONDA,2003,1.3,Petrol,Variator,97555,Hatchback,7840,FIT
5975,HYUNDAI,2017,2.0,Petrol,Automatic,23612,Sedan,15681,Elantra
5976,CHEVROLET,2007,2.0,Diesel,Automatic,37456,Jeep,6241,Captiva
5977,TOYOTA,2014,3.5,Hybrid,Automatic,103496,Sedan,39201,Highlander
5978,HYUNDAI,2016,2.0,LPG,Automatic,158817,Sedan,15681,Sonata
5979,MERCEDES-BENZ,2012,3.5,Diesel,Automatic,79661,Sedan,4861,E 350
5980,TOYOTA,2013,2.5,Petrol,Automatic,191813,Sedan,3920,Camry
5981,HYUNDAI,2012,2.0,Diesel,Automatic,104677,Jeep,20814,Tucson
5982,MITSUBISHI,2013,2.0,Petrol,Automatic,64071,Jeep,2979,Outlander
5983,HYUNDAI,2016,2.0,Petrol,Automatic,26719,Sedan,47989,Sonata
5984,TOYOTA,2016,2.4,Hybrid,Manual,62758,Sedan,37006,Camry
5985,VOLKSWAGEN,2001,2.0,Petrol,Automatic,180711,Sedan,6115,Jetta 2.0
5986,HYUNDAI,2018,2.0,Petrol,Automatic,29329,Sedan,3293,Elantra
5987,TOYOTA,2005,2.7,Petrol,Automatic,103769,Jeep,36065,Land Cruiser Prado
5988,TOYOTA,2010,3.3,Hybrid,Automatic,186639,Jeep,14269,Highlander
5989,TOYOTA,2015,1.8,Hybrid,Automatic,83911,Hatchback,3920,Prius
5990,TOYOTA,2013,2.5,Petrol,Tiptronic,69116,Sedan,21012,Camry
5991,NISSAN,2015,1.6,Petrol,Tiptronic,31230,Jeep,16308,Juke
5992,LEXUS,2015,3.5,Hybrid,Automatic,89241,Jeep,13956,RX 450
5993,SUBARU,2011,2.5,Petrol,Automatic,75807,Jeep,16308,Forester
5994,HYUNDAI,2014,2.0,LPG,Automatic,208645,Sedan,10036,Sonata
5995,HYUNDAI,2014,2.4,Petrol,Tiptronic,41267,Jeep,31361,Tucson
5996,TOYOTA,2012,1.8,Hybrid,Variator,137199,Hatchback,16621,Prius
5997,MERCEDES-BENZ,2013,3.5,Diesel,Automatic,66984,Sedan,5802,E 350
5998,GAZ,1996,2.8,Petrol,Manual,134124,Jeep,7840,322173
5999,TOYOTA,2010,1.8,LPG,Automatic,105633,Minivan,17249,ISIS
6000,TOYOTA,2012,1.5,Hybrid,Automatic,100165,Hatchback,10349,Aqua
6001,HYUNDAI,2010,2.0,Petrol,Automatic,50570,Coupe,15825,Genesis
6002,HYUNDAI,2013,2.0,LPG,Automatic,51148,Sedan,7997,Sonata
6003,MERCEDES-BENZ,2016,3.5,Diesel,Automatic,47973,Sedan,1568,E 350
6004,AUDI,2008,3.2,Petrol,Tiptronic,91446,Sedan,5466,A6
6005,HYUNDAI,2017,2.5,Diesel,Automatic,114450,Universal,34419,H1
6006,HYUNDAI,2012,2.0,Diesel,Automatic,113090,Jeep,24123,Tucson
6007,AUDI,1997,2.6,Petrol,Automatic,69041,Sedan,3763,A6
6008,SSANGYONG,2016,1.6,Petrol,Automatic,37349,Jeep,39201,Actyon
6009,MERCEDES-BENZ,2012,4.6,Diesel,Automatic,112256,Jeep,1725,ML 350
6010,HYUNDAI,2014,1.8,Petrol,Automatic,128989,Sedan,1411,Elantra
6011,HYUNDAI,2013,1.8,Petrol,Automatic,114875,Sedan,15681,Elantra
6012,HYUNDAI,2015,1.6,Petrol,Automatic,29554,Sedan,27504,Elantra
6013,HYUNDAI,2011,2.0,Diesel,Automatic,118682,Jeep,17117,Tucson
6014,FORD,2013,2.0,Plug-in Hybrid,Automatic,65244,Hatchback,20071,C-MAX
6015,SSANGYONG,2016,1.6,Petrol,Automatic,14527,Jeep,42102,Actyon
6016,LEXUS,2008,3.5,Hybrid,Automatic,152069,Jeep,7997,RX 400
6017,HYUNDAI,2010,2.5,Diesel,Automatic,138432,Universal,18500,H1
6018,HYUNDAI,2012,2.5,Diesel,Automatic,32684,Minivan,17719,H1
6019,SKODA,2019,1.6,Petrol,Automatic,3418,Sedan,37633,Octavia
6020,KIA,2013,1.4,Petrol,Automatic,87489,Hatchback,14740,RIO
6021,FORD,2010,2.5,Hybrid,Variator,99419,Jeep,24148,Escape
6022,HYUNDAI,2012,1.8,Petrol,Automatic,123921,Sedan,1646,Elantra
6023,TOYOTA,2010,2.7,Petrol,Manual,118060,Microbus,37633,Hiace
6024,HYUNDAI,2015,3.8,Petrol,Automatic,37743,Sedan,53518,Genesis
6025,BMW,2011,3.0,Petrol,Automatic,89446,Coupe,5645,335
6026,MERCEDES-BENZ,2014,3.5,Diesel,Automatic,90966,Sedan,1882,E 350
6027,LEXUS,2016,1.8,Hybrid,Automatic,44679,Hatchback,9565,CT 200h
6028,LEXUS,2013,4.6,Petrol,Automatic,125921,Jeep,6272,GX 470
6029,MERCEDES-BENZ,2000,4.3,Petrol,Tiptronic,76712,Sedan,7527,S 430
6030,HYUNDAI,2017,2.0,LPG,Automatic,129430,Sedan,19914,Sonata
6031,CHEVROLET,2014,3.6,Petrol,Automatic,89392,Sedan,2744,Impala
6032,LAND ROVER,2005,4.2,Petrol,Tiptronic,156585,Jeep,17876,Discovery LR3
6033,OPEL,2008,1.2,Petrol,Manual,83885,Hatchback,10349,Corsa
6034,MAZDA,2004,2.3,Petrol,Automatic,135579,Sedan,4704,Atenza
6035,MITSUBISHI,2011,2.0,Petrol,Tiptronic,64001,Jeep,20385,Outlander
6036,TOYOTA,2012,2.5,Hybrid,Automatic,97256,Sedan,3607,Camry
6037,MERCEDES-BENZ,2013,1.5,Diesel,Manual,165906,Goods wagon,17249,Citan
6038,FORD,2015,2.0,Petrol,Automatic,75780,Jeep,54458,Explorer
6039,VOLKSWAGEN,2014,2.0,Petrol,Manual,112468,Hatchback,29793,Golf
6040,MITSUBISHI,2006,1.5,Petrol,Variator,36661,Hatchback,9095,ColtPlus Plus
6041,CHRYSLER,2012,2.4,Petrol,Automatic,115464,Sedan,2274,200
6042,SSANGYONG,2011,2.0,Diesel,Automatic,70836,Jeep,18240,Actyon
6043,VOLKSWAGEN,2018,2.0,Petrol,Tiptronic,42750,Sedan,36065,Passat RLAINI
6044,OPEL,1996,2.0,CNG,Manual,110465,Sedan,2500,Omega B
6045,HONDA,2014,1.8,Petrol,Automatic,49710,Sedan,39559,Civic
6046,CHEVROLET,2014,3.6,Petrol,Automatic,60339,Jeep,3293,Equinox
6047,HYUNDAI,2016,1.7,Diesel,Automatic,61651,Jeep,34980,Tucson
6048,CHEVROLET,2016,1.4,Petrol,Automatic,62634,Sedan,18189,Cruze
6049,MITSUBISHI,2003,0.7,Petrol,Automatic,93206,Jeep,7370,Pajero
6050,SUZUKI,2011,0.7,Petrol,Variator,79535,Hatchback,6272,Alto Lapin
6051,HYUNDAI,2012,1.8,Petrol,Automatic,80778,Sedan,17249,Elantra
6052,HYUNDAI,2016,2.0,Diesel,Automatic,90943,Jeep,36401,Santa FE
6053,FORD,2008,2.3,Hybrid,Variator,90720,Jeep,15681,Escape
6054,MERCEDES-BENZ,2012,3.5,Petrol,Automatic,80778,Sedan,14113,E 350
6055,KIA,2012,2.0,Diesel,Automatic,60894,Jeep,15367,Sportage
6056,TOYOTA,2002,1.5,Petrol,Automatic,72700,Hatchback,8781,Ist
6057,HYUNDAI,2012,1.6,Petrol,Automatic,102709,Sedan,16308,Elantra
6058,MITSUBISHI,2014,2.0,Petrol,Automatic,50952,Jeep,21639,Outlander სპორტ
6059,HYUNDAI,2014,2.0,Diesel,Automatic,5457,Jeep,27541,Santa FE
6060,FORD,2012,2.0,Hybrid,Automatic,89477,Hatchback,8938,C-MAX
6061,SUBARU,2000,2.0,Petrol,Tiptronic,125517,Universal,6272,Forester
6062,TOYOTA,2003,2.0,CNG,Automatic,95874,Minivan,7213,VOXY
6063,TOYOTA,2008,1.5,Hybrid,Automatic,113711,Hatchback,11917,Prius
6064,HYUNDAI,2015,2.0,LPG,Automatic,48105,Sedan,10349,Sonata
6065,HONDA,2000,2.0,Petrol,Manual,105633,Jeep,8000,Cr-v
6066,HYUNDAI,2010,2.0,Petrol,Automatic,64784,Sedan,14542,Sonata
6067,FORD,2013,2.0,Petrol,Automatic,90099,Sedan,13485,Focus
6068,CHEVROLET,2016,3.6,Petrol,Automatic,21145,Sedan,56431,Impala
6069,CHEVROLET,2014,1.4,Hybrid,Automatic,69670,Hatchback,6586,Volt
6070,TOYOTA,2015,1.8,Hybrid,Automatic,123031,Hatchback,8781,Prius
6071,HYUNDAI,2010,2.0,Diesel,Automatic,61337,Jeep,23207,Tucson
6072,MINI,2016,1.6,Petrol,Automatic,16156,Hatchback,21326,Countryman S turbo
6073,CHEVROLET,2016,2.0,Diesel,Automatic,44069,Jeep,44865,Captiva
6074,HYUNDAI,2016,1.6,LPG,Automatic,18557,Sedan,18503,Elantra
6075,KIA,2012,2.4,Petrol,Tiptronic,85749,Sedan,16621,Optima
6076,TOYOTA,2012,1.5,Hybrid,Variator,67108,Hatchback,18817,Prius C
6077,TOYOTA,2013,4.0,Petrol,Tiptronic,69594,Jeep,61154,4Runner LIMITED
6078,BMW,2014,2.0,Diesel,Automatic,48587,Sedan,1568,328
6079,TOYOTA,2012,1.5,Hybrid,Automatic,67406,Sedan,17092,Prius C
6080,HYUNDAI,2016,2.5,Diesel,Automatic,124023,Universal,26306,H1
6081,KIA,2011,2.0,Petrol,Automatic,31954,Sedan,11133,Optima
6082,HYUNDAI,2016,2.2,Diesel,Automatic,70414,Jeep,52696,Santa FE
6083,TOYOTA,2011,1.8,Hybrid,Automatic,174978,Sedan,13485,Prius
6084,MERCEDES-BENZ,2014,1.8,Petrol,Automatic,93206,Sedan,31361,C 250
6085,HYUNDAI,2015,2.0,Petrol,Automatic,45568,Hatchback,17249,Elantra GT
6086,TOYOTA,2013,1.8,Hybrid,Variator,40792,Hatchback,25089,Prius V HYBRID
6087,TOYOTA,2016,2.5,Hybrid,Automatic,22409,Jeep,60840,RAV 4 LIMITED
6088,BMW,2011,3.0,Diesel,Automatic,206446,Jeep,10349,X5
6089,NISSAN,2012,1.6,Petrol,Tiptronic,121292,Jeep,18189,Juke
6090,HYUNDAI,2011,2.0,Petrol,Automatic,104586,Coupe,18500,Genesis
6091,NISSAN,2011,1.6,Petrol,Tiptronic,55987,Jeep,16935,Juke
6092,MERCEDES-BENZ,2011,3.5,Diesel,Automatic,74179,Sedan,16621,E 350
6093,CHEVROLET,2017,1.8,Hybrid,Automatic,24350,Sedan,23364,Malibu Hybrid
6094,TOYOTA,2010,1.8,Petrol,Variator,102526,Sedan,14740,Prius
6095,MERCEDES-BENZ,2001,2.3,Petrol,Manual,147070,Coupe,6272,CLK 230
6096,BMW,2011,3.0,Diesel,Automatic,88939,Jeep,4391,X5
6097,AUDI,2013,2.0,Petrol,Tiptronic,48715,Coupe,31047,A5
6098,HYUNDAI,2010,2.0,Diesel,Automatic,110429,Jeep,23408,Santa FE
6099,TOYOTA,2006,1.5,Hybrid,Variator,124175,Hatchback,11290,Prius
6100,NISSAN,2013,1.2,Petrol,Automatic,36040,Hatchback,8000,Note
6101,HONDA,2005,1.3,Petrol,Variator,142915,Sedan,7840,FIT
6102,HONDA,2002,2.0,CNG,Automatic,93206,Jeep,12231,Cr-v
6103,HYUNDAI,2014,2.0,Diesel,Automatic,110308,Jeep,42171,Santa FE
6104,KIA,2016,3.0,Petrol,Automatic,17282,Sedan,34340,Cadenza
6105,TOYOTA,2018,2.5,Petrol,Automatic,34904,Sedan,13956,Camry
6106,TOYOTA,2013,1.8,Hybrid,Tiptronic,84506,Sedan,18817,Prius
6107,HYUNDAI,2016,2.0,LPG,Automatic,169493,Sedan,15681,Sonata
6108,TOYOTA,2010,1.8,Petrol,Automatic,101905,Hatchback,16621,Prius
6109,HYUNDAI,2015,2.0,LPG,Automatic,90561,Sedan,15060,Sonata
6110,MERCEDES-BENZ,2013,1.8,Petrol,Tiptronic,29826,Sedan,17500,C 180
6111,LEXUS,2014,4.6,Petrol,Automatic,90856,Jeep,17562,GX 470
6112,HYUNDAI,2016,2.0,Diesel,Automatic,72557,Jeep,50529,Santa FE
6113,MERCEDES-BENZ,2017,3.5,Petrol,Automatic,36867,Jeep,4704,GLE 350
6114,HYUNDAI,2016,1.7,Diesel,Automatic,35002,Jeep,44545,Tucson
6115,MERCEDES-BENZ,2014,2.0,Petrol,Automatic,40389,Sedan,39201,CLA 250
6116,HYUNDAI,2016,2.5,Diesel,Automatic,69713,Minivan,36068,H1
6117,OPEL,2003,2.2,Petrol,Manual,140430,Hatchback,10036,Vectra c
6118,TOYOTA,2013,2.5,Hybrid,Tiptronic,77671,Sedan,32929,Avalon
6119,MERCEDES-BENZ,1998,1.8,Petrol,Manual,14292,Sedan,5000,B 220
6120,KIA,2012,2.0,Petrol,Automatic,40708,Sedan,11541,Optima
6121,TOYOTA,2010,1.8,Hybrid,Tiptronic,621,Hatchback,16308,Prius
6122,HYUNDAI,2018,2.0,Petrol,Automatic,13125,Sedan,64171,Sonata
6123,LEXUS,2015,3.5,Hybrid,Automatic,89241,Jeep,13956,RX 450
6124,TOYOTA,2010,1.8,Petrol,Automatic,137713,Sedan,3293,Corolla
6125,OPEL,2009,1.7,Diesel,Manual,105012,Goods wagon,9408,Astra
6126,HYUNDAI,2012,2.0,Diesel,Automatic,87344,Jeep,24283,Tucson
6127,TOYOTA,2012,3.5,Petrol,Tiptronic,58409,Sedan,24148,Camry SE
6128,TOYOTA,2017,2.0,Petrol,Tiptronic,24482,Jeep,45160,CHR
6129,HYUNDAI,2016,2.5,Diesel,Automatic,85211,Minivan,38229,H1
6130,KIA,2014,2.0,Petrol,Automatic,22392,Sedan,16621,Optima
6131,MERCEDES-BENZ,2014,3.5,Petrol,Tiptronic,50107,Sedan,46414,E 350
6132,CHEVROLET,2013,1.4,Plug-in Hybrid,Automatic,89477,Hatchback,22894,Volt
6133,MERCEDES-BENZ,2010,3.5,Petrol,Automatic,127983,Sedan,1646,E 350
6134,TOYOTA,2014,1.5,Hybrid,Automatic,9942,Sedan,13172,Aqua
6135,MERCEDES-BENZ,2000,3.2,CNG,Tiptronic,164663,Sedan,11917,E 320 4matic
6136,MITSUBISHI,2016,2.0,Petrol,Tiptronic,40389,Jeep,25716,Outlander
6137,HYUNDAI,2011,3.0,LPG,Automatic,48180,Sedan,7056,Grandeur
6138,TOYOTA,2012,1.5,Hybrid,Variator,92584,Hatchback,14740,Aqua
6139,LEXUS,2002,3.5,CNG,Automatic,118060,Sedan,6115,GS 300
6140,TOYOTA,2013,1.8,Hybrid,Automatic,44117,Sedan,19130,Prius
6141,BMW,2014,3.0,Diesel,Automatic,87852,Jeep,25716,X5
6142,BMW,2011,2.0,Petrol,Tiptronic,6835,Sedan,29793,528
6143,HYUNDAI,2013,2.4,Hybrid,Automatic,134345,Sedan,1176,Sonata
6144,HYUNDAI,2013,2.0,Diesel,Automatic,91634,Jeep,41701,Santa FE
6145,BMW,2015,4.4,Petrol,Automatic,57298,Coupe,30734,650
6146,HYUNDAI,2015,2.0,LPG,Automatic,195435,Sedan,15053,Sonata
6147,LEXUS,2013,1.8,Hybrid,Tiptronic,71458,Hatchback,17876,CT 200h
6148,VAZ,2007,1.7,Petrol,Manual,6835,Jeep,7840,2121 (Niva)
6149,TOYOTA,2008,2.4,Hybrid,Tiptronic,137323,Sedan,15994,Camry sel
6150,HYUNDAI,2014,1.6,Petrol,Automatic,111638,Sedan,18500,Elantra
6151,BMW,2004,2.2,Petrol,Manual,8513,Sedan,8500,320
6152,LEXUS,2010,4.6,Petrol,Automatic,96823,Jeep,39201,GX 460
6153,MERCEDES-BENZ,2003,3.2,Petrol,Tiptronic,152236,Coupe,8781,CLK 320
6154,HYUNDAI,2010,2.0,Petrol,Automatic,82886,Sedan,16508,Sonata
6155,HYUNDAI,2018,2.0,Petrol,Automatic,22558,Sedan,57698,Sonata
6156,HYUNDAI,2014,1.8,Petrol,Tiptronic,74565,Sedan,15681,Elantra 2014
6157,SSANGYONG,2013,2.0,Diesel,Automatic,25469,Jeep,34387,REXTON
6158,KIA,2007,2.0,Diesel,Automatic,33963,Jeep,4701,Sportage
6159,NISSAN,2005,1.5,LPG,Variator,77671,Hatchback,10036,Tiida
6160,MERCEDES-BENZ,2005,2.2,Diesel,Manual,145062,Sedan,6899,C 230
6161,SSANGYONG,2011,2.0,Diesel,Automatic,73135,Jeep,24709,Korando
6162,TOYOTA,2012,2.5,Hybrid,Automatic,99033,Sedan,3136,Camry
6163,SSANGYONG,2010,2.0,Diesel,Automatic,39536,Jeep,21181,Actyon
6164,NISSAN,2007,1.5,Petrol,Variator,82642,Sedan,8467,Tiida
6165,TOYOTA,2010,1.8,Hybrid,Automatic,123031,Hatchback,12231,Prius
6166,HYUNDAI,2016,2.0,Diesel,Automatic,80153,Jeep,39559,Santa FE
6167,BMW,2018,2.0,Petrol,Automatic,42332,Jeep,28852,X1
6168,SUBARU,2004,2.5,LPG,Automatic,146146,Jeep,7527,Forester
6169,BMW,2005,3.0,CNG,Tiptronic,109361,Coupe,10976,330
6170,HYUNDAI,2011,1.6,Petrol,Automatic,77710,Sedan,20266,Elantra
6171,AUDI,2006,2.0,Petrol,Manual,159071,Sedan,15681,A4
6172,HYUNDAI,2016,1.8,Petrol,Tiptronic,82021,Sedan,17876,Elantra
6173,NISSAN,2014,1.2,Petrol,Variator,37904,Hatchback,8000,Note
6174,VOLKSWAGEN,2016,1.8,Petrol,Automatic,23612,Sedan,24775,Passat
6175,AUDI,2017,3.0,Petrol,Automatic,27739,Sedan,13328,Q7
6176,TOYOTA,2015,2.5,Petrol,Tiptronic,31069,Sedan,32302,Camry
6177,HYUNDAI,2016,2.5,Diesel,Automatic,74565,Minivan,36567,H1
6178,TOYOTA,2013,1.5,Petrol,Automatic,53688,Hatchback,16960,Aqua
6179,TOYOTA,2015,1.8,Hybrid,Automatic,65117,Jeep,2038,Prius
6180,HONDA,2011,1.3,Hybrid,Variator,121186,Hatchback,7213,Insight
6181,HYUNDAI,2011,2.0,Diesel,Automatic,32466,Jeep,15524,Tucson
6182,MERCEDES-BENZ,1998,3.2,CNG,Automatic,69041,Coupe,7840,CLK 320
6183,LEXUS,2011,2.5,Hybrid,Automatic,53438,Sedan,25089,HS 250h
6184,MERCEDES-BENZ,2005,2.2,Diesel,Tiptronic,152236,Sedan,14113,Vito
6185,MITSUBISHI,2012,2.0,Petrol,Automatic,994,Jeep,20900,Outlander
6186,OPEL,2000,1.7,Diesel,Manual,155343,Goods wagon,6272,Combo
6187,SSANGYONG,2015,2.0,Diesel,Automatic,32808,Jeep,51815,REXTON
6188,CHEVROLET,2014,1.4,Petrol,Tiptronic,44490,Sedan,13600,Cruze
6189,HYUNDAI,2015,2.0,Diesel,Automatic,73897,Jeep,39226,Santa FE
6190,HYUNDAI,2011,1.6,Petrol,Automatic,54190,Sedan,18826,Elantra
6191,TOYOTA,2013,2.5,Petrol,Automatic,94448,Sedan,26343,Camry
6192,HYUNDAI,2010,1.6,Petrol,Automatic,82622,Sedan,13476,Elantra
6193,VOLKSWAGEN,2015,1.8,Petrol,Tiptronic,47721,Sedan,23521,Jetta
6194,HYUNDAI,2012,2.2,Diesel,Automatic,43685,Jeep,16913,Santa FE
6195,TOYOTA,2012,1.5,Hybrid,Automatic,93827,Sedan,13485,Aqua
6196,HYUNDAI,2015,2.0,LPG,Automatic,26641,Sedan,9418,Sonata
6197,CHEVROLET,2017,1.0,Petrol,Automatic,20280,Sedan,13642,Spark
6198,TOYOTA,2007,1.3,Petrol,Automatic,90099,Sedan,10976,Belta
6199,TOYOTA,2012,1.5,Hybrid,Automatic,65244,Hatchback,8781,Aqua
6200,FORD,2015,2.0,Petrol,Automatic,66462,Jeep,19287,Escape SE
6201,MERCEDES-BENZ,1999,2.0,Petrol,Automatic,9051,Sedan,6899,CLK 200 200
6202,MERCEDES-BENZ,2001,2.2,Diesel,Manual,167747,Microbus,19444,Sprinter
6203,TOYOTA,2015,1.5,Hybrid,Automatic,99419,Hatchback,24148,Prius
6204,HYUNDAI,2015,1.6,LPG,Automatic,19816,Sedan,18346,Elantra
6205,HONDA,2011,1.3,Petrol,Variator,73322,Hatchback,6586,FIT
6206,KIA,2017,1.6,Petrol,Automatic,24855,Sedan,17249,RIO
6207,MERCEDES-BENZ,2014,1.8,Petrol,Automatic,39936,Sedan,23521,C 250
6208,SUBARU,2009,2.5,Petrol,Automatic,71458,Jeep,12544,Forester
6209,TOYOTA,2019,2.5,Hybrid,Automatic,5981,Sedan,3450,Camry
6210,BMW,1999,2.8,Petrol,Manual,16156,Sedan,6272,528
6211,FIAT,2012,1.4,Petrol,Manual,50331,Coupe,12541,500 sport
6212,HYUNDAI,2015,2.2,Diesel,Automatic,107375,Jeep,38229,Santa FE
6213,TOYOTA,2011,2.5,Petrol,Automatic,108609,Sedan,1019,Camry
6214,TOYOTA,2010,1.8,Hybrid,Automatic,59566,Hatchback,14113,Prius
6215,CHEVROLET,2014,2.0,Diesel,Automatic,181501,Sedan,13877,Cruze
6216,KIA,2011,2.4,Petrol,Tiptronic,51574,Sedan,19444,Optima
6217,TOYOTA,2012,2.5,Hybrid,Automatic,99033,Sedan,3136,Camry
6218,HONDA,2012,1.3,Hybrid,Tiptronic,73943,Hatchback,10036,Insight
6219,FORD,2012,2.2,Diesel,Manual,77671,Microbus,20385,Transit Tourneo
6220,TOYOTA,2010,1.8,Petrol,Automatic,72695,Sedan,1333,Corolla
6221,MERCEDES-BENZ,2003,3.2,Petrol,Tiptronic,141175,Jeep,11917,ML 320
6222,TOYOTA,2011,2.5,Petrol,Tiptronic,93206,Sedan,12231,Camry
6223,HYUNDAI,2016,2.0,Diesel,Automatic,72306,Jeep,40026,Santa FE
6224,CHEVROLET,2018,1.4,Petrol,Automatic,873,Jeep,15367,Trax
6225,TOYOTA,2004,2.4,Petrol,Automatic,82642,Minivan,12544,Ipsum
6226,TOYOTA,2014,1.8,Hybrid,Automatic,69594,Hatchback,18503,Prius
6227,LEXUS,2013,3.5,Hybrid,Automatic,85773,Jeep,1019,RX 450
6228,TOYOTA,2008,1.1,Hybrid,Variator,137199,Hatchback,10976,Prius
6229,HYUNDAI,2014,3.3,Petrol,Automatic,31069,Sedan,25089,Azera
6230,MERCEDES-BENZ,2012,4.5,Petrol,Tiptronic,5965,Jeep,25089,GL 450
6231,TOYOTA,2013,2.5,Hybrid,Automatic,78304,Sedan,22580,Camry
6232,FORD,2012,2.0,Hybrid,Automatic,6266,Hatchback,14269,C-MAX SE
6233,HYUNDAI,2014,2.5,Diesel,Automatic,108952,Minivan,31581,H1
6234,JEEP,2018,2.4,Petrol,Automatic,10253,Jeep,42337,Compass
6235,TOYOTA,2013,2.5,Hybrid,Tiptronic,73943,Sedan,24775,Camry HYBRID
6236,MERCEDES-BENZ,2012,2.0,Petrol,Tiptronic,74565,Sedan,31988,E 200
6237,BMW,2012,2.0,Petrol,Tiptronic,78293,Sedan,13799,328
6238,HONDA,2016,2.0,Petrol,Automatic,35418,Sedan,51526,Civic
6239,CHEVROLET,2016,2.4,Petrol,Tiptronic,35791,Jeep,32929,Equinox
6240,HONDA,2010,1.3,Hybrid,Automatic,105012,Sedan,8781,Civic
6241,LEXUS,2010,4.6,Petrol,Automatic,171026,Jeep,15681,GX 460
6242,AUDI,2012,3.2,Petrol,Tiptronic,60894,Jeep,35800,Q5
6243,HYUNDAI,2016,2.0,Diesel,Automatic,15240,Jeep,37476,Santa FE
6244,MERCEDES-BENZ,2011,2.5,Diesel,Manual,621,Microbus,25500,Sprinter
6245,FIAT,2015,1.4,Petrol,Automatic,52195,Hatchback,14113,500
6246,TOYOTA,2009,2.4,Hybrid,Automatic,96313,Minivan,23521,Estima
6247,HYUNDAI,2015,2.0,Diesel,Automatic,51906,Jeep,56848,Santa FE
6248,TOYOTA,2008,1.5,Hybrid,Variator,105633,Sedan,11290,Prius
6249,BMW,2012,3.0,Petrol,Automatic,87613,Sedan,39201,535
6250,TOYOTA,2008,1.5,Hybrid,Automatic,63380,Hatchback,9095,Prius
6251,TOYOTA,2013,1.8,Hybrid,Automatic,46502,Hatchback,3450,Prius
6252,HYUNDAI,2014,2.0,LPG,Automatic,215989,Sedan,10036,Sonata
6253,MERCEDES-BENZ,2011,3.5,Diesel,Automatic,40076,Sedan,13642,E 350
6254,MAZDA,2004,1.5,Petrol,Manual,101907,Hatchback,7527,Demio Sport
6255,MERCEDES-BENZ,1996,2.3,CNG,Manual,192625,Limousine,9408,E 230
6256,SSANGYONG,2010,2.0,Diesel,Automatic,111974,Jeep,20005,Actyon
6257,HYUNDAI,2017,1.6,Petrol,Automatic,15929,Sedan,1019,Elantra
6258,LEXUS,2017,2.0,Petrol,Tiptronic,22369,Sedan,24462,IS 250 TURBO
6259,HYUNDAI,2017,2.0,Diesel,Automatic,92280,Jeep,36366,Tucson
6260,HYUNDAI,2014,2.0,LPG,Automatic,195062,Sedan,8467,Sonata
6261,MERCEDES-BENZ,2010,2.5,Petrol,Tiptronic,136080,Sedan,17876,C 250
6262,MERCEDES-BENZ,2008,3.0,Diesel,Automatic,109121,Sedan,2430,E 350
6263,NISSAN,2006,1.5,Petrol,Automatic,83264,Hatchback,7683,Tiida
6264,MERCEDES-BENZ,2009,3.5,Diesel,Automatic,67816,Sedan,5018,E 350
6265,TOYOTA,2010,1.8,Hybrid,Variator,81524,Hatchback,17249,Prius
6266,TOYOTA,2014,2.5,Petrol,Automatic,66487,Sedan,22000,Camry
6267,TOYOTA,2004,1.3,Petrol,Automatic,7270,Sedan,7840,Ist
6268,KIA,2013,2.0,Petrol,Automatic,32431,Sedan,9700,Optima
6269,HYUNDAI,2014,1.8,Petrol,Tiptronic,48467,Sedan,15994,Elantra
6270,CHEVROLET,2012,1.4,Plug-in Hybrid,Automatic,103085,Hatchback,20385,Volt
6271,HONDA,2011,1.3,Petrol,Automatic,31069,Hatchback,5500,FIT
6272,HYUNDAI,2007,1.6,Petrol,Automatic,31929,Sedan,10406,Elantra
6273,TOYOTA,2012,1.5,Hybrid,Automatic,91342,Hatchback,13013,Aqua
6274,HYUNDAI,2010,2.0,Diesel,Automatic,25553,Jeep,17813,Santa FE
6275,CHEVROLET,2011,1.6,Petrol,Automatic,120189,Sedan,9543,Aveo
6276,HYUNDAI,2017,2.0,Diesel,Automatic,17058,Jeep,42337,Santa FE
6277,CHEVROLET,2013,1.6,Petrol,Automatic,44309,Hatchback,18973,Aveo
6278,TOYOTA,2013,2.5,Hybrid,Automatic,118402,Sedan,5018,Camry
6279,MERCEDES-BENZ,2001,2.2,Diesel,Manual,197596,Minivan,5500,Vito
6280,TOYOTA,2013,2.5,Hybrid,Automatic,140125,Sedan,5018,Camry
6281,SSANGYONG,2011,2.0,Diesel,Automatic,202947,Jeep,25299,REXTON
6282,HYUNDAI,2010,2.0,Petrol,Automatic,59347,Coupe,16323,Genesis
6283,DAEWOO,2010,1.8,Petrol,Automatic,102194,Sedan,8006,Lacetti
6284,CHEVROLET,2007,2.0,Diesel,Automatic,31850,Jeep,5331,Captiva
6285,DAEWOO,2010,1.6,Petrol,Automatic,58355,Sedan,5184,Lacetti
6286,CHEVROLET,2017,1.4,Petrol,Automatic,16156,Sedan,18189,Cruze
6287,CHEVROLET,2009,1.6,Petrol,Automatic,90136,Sedan,6899,Cruze
6288,MAZDA,2004,1.3,Petrol,Variator,142915,Sedan,6272,Demio
6289,SUBARU,2014,2.5,Petrol,Automatic,59030,Jeep,26343,Forester
6290,HONDA,1998,2.0,Petrol,Automatic,175288,Jeep,6899,Cr-v
6291,TOYOTA,2013,1.5,Hybrid,Automatic,65244,Sedan,16621,Prius C
6292,VOLKSWAGEN,2015,1.8,Petrol,Tiptronic,45981,Sedan,17562,Jetta
6293,TOYOTA,2015,1.5,Hybrid,Automatic,96027,Hatchback,8985,Aqua
6294,LEXUS,2013,4.6,Petrol,Automatic,125921,Jeep,54568,GX 470
6295,TOYOTA,2005,1.5,Petrol,Automatic,78293,Sedan,7213,Prius
6296,TOYOTA,2013,1.5,Hybrid,Automatic,65803,Hatchback,12121,Aqua
6297,TOYOTA,2010,2.4,Hybrid,Automatic,98425,Sedan,22894,Camry
6298,OPEL,2005,1.8,Petrol,Automatic,690,Goods wagon,10976,Astra
6299,HONDA,2015,2.4,Petrol,Automatic,31566,Jeep,39201,Cr-v
6300,CADILLAC,2010,3.0,Petrol,Automatic,134312,Sedan,2509,SRX
6301,TOYOTA,2013,1.8,Hybrid,Automatic,77671,Hatchback,18817,Prius
6302,HYUNDAI,2011,1.6,Petrol,Automatic,107918,Sedan,18826,Elantra
6303,MERCEDES-BENZ,1997,2.8,CNG,Automatic,18641,Sedan,6272,280
6304,HYUNDAI,2011,2.5,Diesel,Automatic,144207,Universal,21103,H1
6305,TOYOTA,2012,3.5,Petrol,Automatic,177206,Jeep,9565,Highlander
6306,FORD,2017,2.7,Petrol,Automatic,73609,Pickup,14583,F150
6307,TOYOTA,2015,2.5,Petrol,Tiptronic,37282,Sedan,32615,Camry
6308,NISSAN,2005,1.5,Petrol,Variator,93827,Hatchback,7370,Note
6309,SSANGYONG,2011,2.0,Diesel,Automatic,86945,Jeep,18092,Korando
6310,HYUNDAI,2015,2.0,LPG,Automatic,211019,Sedan,15367,Sonata
6311,SSANGYONG,2010,2.7,Diesel,Automatic,58021,Jeep,25889,REXTON
6312,HYUNDAI,2010,2.0,Petrol,Automatic,59347,Coupe,16327,Genesis
6313,TOYOTA,2012,1.0,Petrol,Automatic,68351,Sedan,11604,Vitz
6314,KIA,2011,3.5,Petrol,Automatic,192358,Jeep,2979,Sorento
6315,CHEVROLET,2009,1.6,Petrol,Automatic,58534,Sedan,5341,Lacetti
6316,NISSAN,2014,2.5,Petrol,Automatic,53564,Sedan,8467,Frontier
6317,HYUNDAI,2016,2.0,Diesel,Automatic,120588,Jeep,37633,Santa FE
6318,HYUNDAI,2016,2.0,Petrol,Automatic,30962,Sedan,49459,Sonata
6319,TOYOTA,2013,2.5,Hybrid,Automatic,94448,Sedan,26657,Camry
6320,MAZDA,2015,2.0,Petrol,Tiptronic,12427,Hatchback,37633,CX-3
6321,CHEVROLET,2015,1.4,Petrol,Automatic,45360,Sedan,14740,Cruze
6322,MERCEDES-BENZ,2005,2.2,Diesel,Manual,621,Microbus,20385,Sprinter
6323,BMW,2001,2.5,Petrol,Tiptronic,47566,Sedan,10663,525 ///M
6324,TOYOTA,2002,1.5,Petrol,Automatic,72700,Hatchback,8781,Ist
6325,VOLKSWAGEN,2002,1.8,Petrol,Manual,124274,Hatchback,6272,Golf
6326,LEXUS,2014,4.6,Petrol,Automatic,90856,Jeep,17562,GX 470
6327,TOYOTA,2013,1.5,Hybrid,Automatic,88856,Hatchback,15053,Aqua
6328,HONDA,2011,2.4,Petrol,Automatic,169350,Jeep,1490,Cr-v
6329,TOYOTA,2014,2.5,Petrol,Tiptronic,46603,Sedan,25089,Camry XLE
6330,CHEVROLET,2012,1.4,Plug-in Hybrid,Variator,70588,Sedan,24462,Volt Full Packet
6331,TOYOTA,2008,3.3,Hybrid,Automatic,97555,Jeep,34184,Highlander
6332,MERCEDES-BENZ,2015,2.0,Petrol,Automatic,99375,Jeep,12858,GLA 250
6333,SSANGYONG,2013,2.0,Diesel,Automatic,93076,Jeep,35046,REXTON
6334,HONDA,2016,2.0,Petrol,Automatic,22871,Sedan,44862,Civic
6335,MERCEDES-BENZ,2013,3.5,Diesel,Automatic,66984,Sedan,5802,E 350
6336,HYUNDAI,2014,2.0,Diesel,Automatic,85419,Jeep,33230,Tucson
6337,HYUNDAI,2014,2.5,Diesel,Automatic,76189,Minivan,32979,H1
6338,HONDA,2012,1.5,Hybrid,Variator,121167,Minivan,13500,Fred HIBRIDI
6339,TOYOTA,2015,1.5,Petrol,Automatic,42245,Hatchback,21040,Aqua
6340,HYUNDAI,2014,2.5,Diesel,Automatic,118060,Minivan,28423,H1
6341,TOYOTA,2014,2.5,Petrol,Automatic,66487,Sedan,15053,Camry
6342,MERCEDES-BENZ,2002,2.4,Petrol,Automatic,12427,Universal,3500,E 240
6343,CHEVROLET,2015,1.4,Petrol,Tiptronic,46603,Sedan,15681,Cruze
6344,OPEL,1997,1.6,Petrol,Automatic,111847,Sedan,4077,Astra
6345,MERCEDES-BENZ,2005,2.2,Diesel,Manual,165906,Microbus,17876,Sprinter
6346,CHEVROLET,2014,1.8,Petrol,Manual,42253,Sedan,14426,Cruze
6347,SUBARU,2013,2.5,Petrol,Automatic,46603,Jeep,21639,Forester 4x4
6348,TOYOTA,2012,1.4,Hybrid,Automatic,62137,Hatchback,17249,Prius C
6349,TOYOTA,2014,2.5,Hybrid,Automatic,79995,Sedan,2274,Camry
6350,NISSAN,2014,1.6,Petrol,Manual,44055,Jeep,23521,Juke Nismo RS
6351,HYUNDAI,2012,1.8,Petrol,Tiptronic,8389,Sedan,17562,Elantra
6352,MERCEDES-BENZ,2014,3.5,Diesel,Tiptronic,118060,Jeep,56450,ML 350
6353,DAEWOO,2011,1.6,Petrol,Automatic,94350,Sedan,9832,Lacetti
6354,CHEVROLET,2014,1.4,Hybrid,Automatic,86054,Hatchback,3763,Volt
6355,HYUNDAI,2011,2.0,Petrol,Automatic,73038,Sedan,18826,Sonata
6356,HYUNDAI,2015,2.4,Hybrid,Automatic,48361,Sedan,1646,Sonata
6357,MERCEDES-BENZ,2011,3.5,Diesel,Automatic,140586,Coupe,1568,E 350
6358,TOYOTA,2012,1.5,Hybrid,Automatic,86374,Hatchback,11290,Prius C
6359,MERCEDES-BENZ,2004,2.2,Diesel,Manual,230839,Microbus,29793,Sprinter
6360,HYUNDAI,2012,2.5,Diesel,Automatic,142915,Universal,17346,H1
6361,HYUNDAI,2016,2.2,Diesel,Automatic,85740,Jeep,44724,Santa FE
6362,HYUNDAI,2010,2.0,Diesel,Automatic,107602,Jeep,17923,Tucson
6363,MERCEDES-BENZ,2000,2.7,Diesel,Tiptronic,208159,Sedan,11604,E 270 4
6364,HYUNDAI,2012,1.6,Petrol,Automatic,89168,Sedan,19416,Elantra
6365,CHEVROLET,2014,1.4,Hybrid,Automatic,82764,Hatchback,1725,Volt
6366,HYUNDAI,2013,1.8,Petrol,Tiptronic,69594,Sedan,20071,Elantra
6367,MERCEDES-BENZ,2000,3.2,CNG,Tiptronic,130488,Sedan,11917,S 320
6368,CHEVROLET,2017,1.4,Petrol,Tiptronic,5567,Sedan,15053,Cruze
6369,HYUNDAI,2017,2.0,Petrol,Tiptronic,12427,Sedan,28852,Elantra
6370,HYUNDAI,2015,2.0,Diesel,Automatic,65037,Jeep,48998,Santa FE
6371,HYUNDAI,2013,2.0,Diesel,Automatic,118060,Jeep,35962,Santa FE
6372,BMW,2014,4.4,Petrol,Automatic,38644,Jeep,17876,X6
6373,HYUNDAI,2014,2.0,Diesel,Automatic,54507,Jeep,33575,Tucson
6374,MERCEDES-BENZ,1996,3.2,CNG,Manual,139587,Sedan,8467,E 320
6375,HYUNDAI,2014,2.0,Diesel,Automatic,12987,Jeep,31747,Santa FE
6376,TOYOTA,2012,2.5,Hybrid,Automatic,96313,Sedan,23521,Camry Hybrid
6377,HONDA,2012,1.5,Hybrid,Tiptronic,55923,Sedan,11133,FIT
6378,HYUNDAI,2015,2.4,Petrol,Automatic,74565,Sedan,24148,Sonata
6379,HONDA,2016,1.5,Petrol,Automatic,2352,Sedan,59834,Civic
6380,BMW,2012,3.0,Petrol,Automatic,144648,Jeep,15994,X5
6381,HYUNDAI,2014,2.0,Diesel,Automatic,89483,Jeep,36865,Santa FE
6382,CHEVROLET,2018,1.4,Petrol,Automatic,23239,Sedan,15053,Cruze
6383,CHEVROLET,2009,2.0,Diesel,Automatic,4039,Sedan,15681,Lacetti
6384,VOLKSWAGEN,2008,3.2,Petrol,Tiptronic,85749,Sedan,18817,Phaeton
6385,HYUNDAI,2016,2.5,Diesel,Automatic,113426,Universal,36231,H1
6386,TOYOTA,2008,3.3,Hybrid,Automatic,167249,Jeep,1646,Highlander
6387,NISSAN,2011,3.5,Petrol,Automatic,55302,Minivan,23207,Quest
6388,BMW,2012,3.0,Diesel,Automatic,44114,Jeep,31047,X5
6389,HONDA,2012,1.3,Petrol,Automatic,90720,Hatchback,6899,FIT
6390,SSANGYONG,2011,2.0,Diesel,Automatic,107119,Jeep,21768,REXTON
6391,MERCEDES-BENZ,2014,3.5,Petrol,Tiptronic,66691,Jeep,60213,ML 350 4 MATIC
6392,SSANGYONG,2016,1.6,Petrol,Automatic,11494,Jeep,34419,Actyon
6393,MERCEDES-BENZ,2014,3.5,Diesel,Automatic,82238,Sedan,31047,E 350
6394,HYUNDAI,2016,1.6,Diesel,Automatic,20516,Sedan,23207,Elantra
6395,TOYOTA,2019,2.0,Petrol,Automatic,2691,Jeep,29793,CHR
6396,HYUNDAI,2015,1.6,Diesel,Automatic,105633,Hatchback,21395,I30
6397,HONDA,2018,1.5,Petrol,Automatic,4971,Hatchback,60502,FIT
6398,MERCEDES-BENZ,1998,2.3,Petrol,Automatic,125517,Cabriolet,6899,SLK 230
6399,HYUNDAI,2013,2.0,Diesel,Automatic,56060,Jeep,46490,Santa FE
6400,KIA,2007,2.0,Diesel,Automatic,44222,Jeep,5959,Sportage
6401,HYUNDAI,2011,2.0,Diesel,Automatic,42023,Jeep,14122,Tucson
6402,BMW,2012,3.0,Diesel,Automatic,64286,Jeep,8154,X5
6403,LEXUS,2012,1.8,Hybrid,Automatic,108184,Hatchback,1490,CT 200h
6404,MERCEDES-BENZ,2006,2.2,Diesel,Tiptronic,167770,Sedan,19130,E 200
6405,TOYOTA,2012,1.3,Petrol,Variator,119925,Hatchback,8000,Vitz
6406,HYUNDAI,2014,2.0,LPG,Automatic,220368,Sedan,11917,Sonata
6407,TOYOTA,2015,1.5,Petrol,Automatic,29515,Sedan,24148,Prius C
6408,TOYOTA,2012,2.5,Petrol,Tiptronic,68040,Jeep,21953,RAV 4
6409,FORD,2017,1.6,Petrol,Automatic,25476,Sedan,15367,Fiesta
6410,HYUNDAI,2017,2.0,Hybrid,Automatic,86034,Sedan,7213,Sonata
6411,TOYOTA,2013,1.8,Hybrid,Automatic,90472,Sedan,21012,Prius
6412,HYUNDAI,2016,2.0,LPG,Automatic,183907,Sedan,15681,Sonata
6413,HYUNDAI,2015,2.0,Diesel,Automatic,39347,Jeep,51373,Santa FE
6414,HYUNDAI,2011,3.8,Petrol,Automatic,70849,Coupe,16766,Genesis
6415,SSANGYONG,2017,1.6,Diesel,Automatic,16005,Jeep,40634,Actyon
6416,BMW,2004,2.5,Diesel,Tiptronic,164663,Sedan,16308,525
6417,HYUNDAI,2013,2.0,Diesel,Automatic,28509,Jeep,28391,Santa FE
6418,NISSAN,2010,4.0,Petrol,Automatic,90099,Jeep,19500,X-Terra
6419,HONDA,1996,2.0,Petrol,Automatic,18641,Jeep,5331,Cr-v
6420,HYUNDAI,2014,2.0,LPG,Automatic,115141,Sedan,13799,Sonata
6421,CHRYSLER,2015,3.6,Petrol,Automatic,86813,Sedan,6899,300
6422,HYUNDAI,2010,3.3,Petrol,Automatic,148233,Sedan,23828,Genesis
6423,HONDA,2018,1.5,Petrol,Automatic,5294,Coupe,62493,Civic
6424,LEXUS,2012,1.8,Hybrid,Automatic,59030,Hatchback,21326,CT 200h
6425,SUBARU,2003,2.0,Petrol,Automatic,108119,Sedan,7840,Forester
6426,TOYOTA,2011,1.8,Hybrid,Tiptronic,178396,Hatchback,11604,Prius
6427,MITSUBISHI,2006,2.4,CNG,Automatic,68661,Jeep,13485,Outlander
6428,HYUNDAI,2012,1.6,Petrol,Automatic,71750,Sedan,16618,Elantra
6429,TOYOTA,2009,1.5,Hybrid,Automatic,88499,Sedan,1882,Prius
6430,CHEVROLET,2016,2.5,Petrol,Automatic,39146,Sedan,54954,Impala
6431,TOYOTA,2009,1.5,Hybrid,Automatic,147807,Sedan,11290,Prius
6432,HYUNDAI,2013,2.5,Diesel,Automatic,43070,Minivan,22433,H1
6433,HONDA,2017,2.0,Petrol,Automatic,9942,Sedan,54349,Civic
6434,BMW,2014,3.0,Petrol,Automatic,55941,Coupe,1176,435
6435,JEEP,2014,2.4,Petrol,Automatic,52452,Jeep,37291,Compass
6436,NISSAN,2014,1.2,Petrol,Automatic,77671,Hatchback,9722,Note
6437,SUZUKI,2006,2.7,Petrol,Automatic,53438,Jeep,14426,Grand Vitara
6438,MAZDA,1998,2.0,Petrol,Automatic,99419,Sedan,4200,Millenia
6439,LAND ROVER,2016,3.0,Diesel,Automatic,49397,Jeep,9722,Range Rover
6440,TOYOTA,2006,2.4,Petrol,Automatic,114332,Sedan,15681,Camry
6441,HYUNDAI,2016,2.0,LPG,Automatic,160899,Sedan,15681,Sonata
6442,OPEL,2000,1.6,Petrol,Automatic,139808,Sedan,8154,Astra G
6443,FORD,2013,2.5,Petrol,Automatic,52020,Sedan,12858,Fusion
6444,TOYOTA,2012,1.5,Hybrid,Variator,82308,Hatchback,15367,Prius C
6445,VOLKSWAGEN,2015,1.8,Petrol,Tiptronic,44600,Sedan,17876,Jetta
6446,VOLKSWAGEN,2015,1.8,Petrol,Tiptronic,24233,Sedan,22580,Jetta
6447,CHEVROLET,2011,2.0,Diesel,Automatic,32756,Sedan,9261,Cruze
6448,FORD,2018,2.0,Hybrid,Tiptronic,24233,Sedan,39829,Fusion
6449,MITSUBISHI,2002,3.0,Petrol,Automatic,109361,Minivan,19757,Delica
6450,HYUNDAI,2017,2.0,LPG,Automatic,198641,Sedan,11604,Sonata
6451,VOLKSWAGEN,2014,1.8,Petrol,Tiptronic,122783,Sedan,17249,Passat
6452,NISSAN,2007,1.5,Petrol,Variator,90099,Hatchback,10000,Tiida
6453,HYUNDAI,2015,2.0,Diesel,Automatic,67422,Jeep,31248,Tucson
6454,BMW,2011,3.0,Petrol,Automatic,72821,Jeep,6586,X5
6455,MERCEDES-BENZ,2002,3.2,Petrol,Tiptronic,86371,Sedan,10663,E 320
6456,SUBARU,2003,3.0,Petrol,Tiptronic,129867,Sedan,7840,Legacy
6457,KIA,2012,2.0,Petrol,Automatic,34499,Sedan,14113,Optima
6458,TOYOTA,2007,1.5,Hybrid,Automatic,66641,Sedan,11133,Prius
6459,HYUNDAI,2018,1.6,LPG,Automatic,22148,Sedan,36426,Elantra
6460,TOYOTA,2018,2.5,Hybrid,Automatic,21784,Sedan,18817,Camry
6461,AUDI,2013,3.0,Petrol,Automatic,187472,Hatchback,11133,A7
6462,HYUNDAI,2012,3.0,LPG,Automatic,140954,Sedan,18500,Grandeur
6463,MITSUBISHI,2013,2.4,Petrol,Automatic,69731,Hatchback,10820,Lancer GT
6464,FORD,2012,2.5,LPG,Tiptronic,85192,Sedan,18503,Fusion
6465,MERCEDES-BENZ,2012,1.8,Petrol,Automatic,45981,Sedan,39201,250
6466,JAGUAR,2015,2.2,Diesel,Automatic,44309,Sedan,45674,XF
6467,TOYOTA,2011,1.8,Petrol,Variator,85128,Hatchback,19601,Prius
6468,FORD,2009,2.5,Hybrid,Automatic,88856,Jeep,17562,Escape
6469,CHEVROLET,2012,2.0,Diesel,Automatic,138133,Jeep,14959,Orlando
6470,FIAT,2014,1.4,Petrol,Tiptronic,15534,Coupe,13172,500
6471,TOYOTA,2010,1.8,Petrol,Automatic,73943,Sedan,17876,Corolla LE
6472,MITSUBISHI,2003,2.4,Petrol,Tiptronic,162178,Minivan,7840,Grandis
6473,OPEL,2007,1.7,Diesel,Manual,107497,Goods wagon,11604,Astra H
6474,ACURA,2012,2.4,Petrol,Automatic,73243,Sedan,4077,TSX
6475,TOYOTA,2016,1.8,Hybrid,Automatic,80778,Hatchback,31361,Prius
6476,HYUNDAI,2014,1.8,Petrol,Automatic,65617,Sedan,16935,Elantra
6477,TOYOTA,2008,1.5,Hybrid,Automatic,59341,Hatchback,11604,Prius
6478,CADILLAC,2013,2.5,Petrol,Automatic,122267,Sedan,6272,ATS
6479,TOYOTA,2015,1.5,Petrol,Automatic,42875,Hatchback,19579,Aqua
6480,CHEVROLET,2012,2.0,Petrol,Automatic,71414,Sedan,22825,Malibu
6481,HYUNDAI,2011,2.0,Diesel,Automatic,42282,Jeep,27591,Tucson
6482,KIA,2014,2.4,Petrol,Tiptronic,47846,Jeep,32302,Sportage
6483,HYUNDAI,2014,2.5,Diesel,Automatic,105079,Minivan,35902,H1
6484,TOYOTA,2007,1.5,Petrol,Automatic,167545,Hatchback,13172,Prius 9
6485,SSANGYONG,2013,2.0,Diesel,Automatic,61450,Jeep,24327,Korando
6486,NISSAN,2012,1.2,Petrol,Automatic,37187,Hatchback,6895,March
6487,HYUNDAI,2016,2.0,Diesel,Automatic,114960,Jeep,34406,Santa FE
6488,HYUNDAI,2014,1.6,Petrol,Automatic,87467,Sedan,16480,Elantra
6489,CHEVROLET,2012,2.0,Petrol,Automatic,100705,Sedan,19384,Malibu
6490,MERCEDES-BENZ,2016,3.5,Diesel,Automatic,47973,Sedan,1568,E 350
6491,BMW,2011,3.0,Petrol,Tiptronic,114954,Sedan,29793,535
6492,SSANGYONG,2016,1.6,Petrol,Automatic,8407,Jeep,25089,Actyon
6493,TOYOTA,2014,2.7,Petrol,Automatic,40385,Jeep,3763,Tacoma
6494,TOYOTA,2015,2.5,Petrol,Tiptronic,67108,Sedan,32145,Camry
6495,TOYOTA,2012,1.5,Hybrid,Automatic,76429,Hatchback,10036,Aqua
6496,SSANGYONG,2012,2.0,Diesel,Automatic,103769,Jeep,18983,Korando
6497,MERCEDES-BENZ,2014,3.5,Petrol,Tiptronic,88483,Sedan,48610,E 350
6498,TOYOTA,2010,1.8,Hybrid,Automatic,99035,Hatchback,3293,Prius
6499,HYUNDAI,2014,2.0,Diesel,Automatic,24319,Jeep,28225,Santa FE
6500,SSANGYONG,2011,2.0,Diesel,Automatic,93032,Sedan,15483,Actyon
6501,HONDA,2014,1.5,Hybrid,Variator,84506,Hatchback,10349,FIT
6502,MERCEDES-BENZ,2011,3.0,Diesel,Automatic,169750,Sedan,7997,E 350
6503,MINI,2006,1.6,Petrol,Tiptronic,9258,Coupe,7683,Cooper
6504,MERCEDES-BENZ,2005,3.2,Diesel,Tiptronic,161556,Jeep,21953,ML 320 cdi
6505,BMW,2002,4.4,Petrol,Automatic,76712,Sedan,6586,650
6506,AUDI,2011,2.8,Petrol,Tiptronic,49088,Sedan,42334,A6 QUATTRO
6507,HYUNDAI,2015,2.0,Diesel,Automatic,58132,Jeep,49798,Santa FE
6508,FORD,1998,2.5,Diesel,Manual,69041,Microbus,18817,Transit
6509,HYUNDAI,2016,2.0,Diesel,Automatic,30767,Jeep,51965,Santa FE
6510,OPEL,2003,1.7,Diesel,Manual,133919,Goods wagon,6429,Combo
6511,MERCEDES-BENZ,2010,3.0,Petrol,Automatic,67429,Sedan,5175,C 300
6512,TOYOTA,2008,1.5,Hybrid,Variator,103645,Hatchback,13172,Prius
6513,HYUNDAI,2012,1.6,Petrol,Tiptronic,49088,Coupe,11917,Veloster
6514,BMW,2012,3.0,Diesel,Automatic,44114,Jeep,31047,X5
6515,HYUNDAI,2011,2.5,Diesel,Automatic,44926,Minivan,24004,H1
6516,LEXUS,2012,1.8,Hybrid,Automatic,108184,Hatchback,1490,CT 200h
6517,HYUNDAI,2011,2.2,Diesel,Automatic,78789,Jeep,24327,Santa FE
6518,FORD,2014,2.0,Petrol,Automatic,96961,Hatchback,12544,Focus
6519,HONDA,2015,1.8,Petrol,Automatic,62546,Sedan,30891,Civic
6520,BMW,1997,1.8,Petrol,Manual,176469,Sedan,6500,318 m
6521,BMW,2014,2.0,Petrol,Tiptronic,77050,Sedan,38574,528
6522,JEEP,2012,3.6,Petrol,Automatic,65714,Jeep,50008,Grand Cherokee
6523,HONDA,2011,1.4,Hybrid,Manual,86992,Hatchback,10036,CR-Z
6524,VOLKSWAGEN,2012,2.5,Petrol,Tiptronic,111847,Sedan,18503,Passat
6525,HYUNDAI,2017,2.0,Petrol,Automatic,42259,Sedan,50341,Sonata
6526,NISSAN,2004,1.2,Petrol,Automatic,83885,Hatchback,7056,March Rafeet
6527,HYUNDAI,2019,2.0,Diesel,Automatic,41321,Jeep,49864,Tucson
6528,VOLKSWAGEN,2000,1.9,Diesel,Manual,195110,Sedan,6272,Passat
6529,SSANGYONG,2017,1.6,Petrol,Automatic,42164,Jeep,42171,Actyon
6530,HYUNDAI,2016,2.5,Diesel,Automatic,58409,Minivan,39559,H1
6531,TOYOTA,2019,2.0,Petrol,Automatic,12324,Jeep,21012,CHR
6532,HYUNDAI,2014,2.5,Diesel,Automatic,66787,Minivan,32744,H1
6533,TOYOTA,2016,2.5,Petrol,Automatic,48467,Jeep,43278,RAV 4
6534,CHEVROLET,2016,2.5,Petrol,Automatic,74830,Sedan,44752,Impala
6535,MAZDA,2015,2.5,Petrol,Tiptronic,80530,Sedan,29793,Mazda 6
6536,MERCEDES-BENZ,2013,3.5,Diesel,Automatic,66984,Sedan,5802,E 350
6537,HYUNDAI,2011,1.6,Petrol,Automatic,31821,Sedan,11604,Elantra
6538,BMW,2002,3.0,CNG,Automatic,161556,Jeep,6899,X5
6539,TOYOTA,2018,2.4,Hybrid,Tiptronic,8699,Sedan,62722,Camry
6540,TOYOTA,2017,1.8,Hybrid,Automatic,59248,Hatchback,29166,Prius
6541,SSANGYONG,2016,1.6,Diesel,Automatic,21849,Jeep,40092,Actyon
6542,LEXUS,2013,3.5,Petrol,Automatic,127303,Sedan,1568,ES 350
6543,HYUNDAI,2012,1.6,Petrol,Automatic,96912,Sedan,20005,Elantra
6544,TOYOTA,2013,3.5,Petrol,Tiptronic,38588,Jeep,52687,Highlander
6545,VOLKSWAGEN,2002,2.8,Petrol,Tiptronic,159071,Sedan,6586,Passat
6546,HONDA,2016,1.3,Petrol,Automatic,68251,Hatchback,14831,FIT
6547,HYUNDAI,2016,2.0,LPG,Automatic,55240,Sedan,23436,Sonata
6548,TOYOTA,2012,2.5,Petrol,Tiptronic,97431,Sedan,20385,Camry
6549,LEXUS,2010,2.4,Hybrid,Automatic,57788,Sedan,24148,HS 250h
6550,LEXUS,2010,3.5,Petrol,Automatic,84843,Jeep,3450,RX 350
6551,NISSAN,2014,2.5,Petrol,Automatic,17185,Sedan,1333,Altima
6552,TOYOTA,2012,1.8,Hybrid,Variator,69594,Sedan,18189,Prius
6553,BMW,2004,1.9,Petrol,Tiptronic,50331,Sedan,9408,318 რესტაილინგი
6554,SSANGYONG,2012,2.0,Diesel,Automatic,87247,Jeep,22649,Korando
6555,TOYOTA,2008,1.5,Hybrid,Automatic,152112,Sedan,12231,Prius
6556,HONDA,2011,1.3,Hybrid,Variator,153214,Hatchback,14740,Insight
6557,SSANGYONG,2013,2.0,Diesel,Automatic,43132,Jeep,42692,REXTON
6558,HYUNDAI,2014,2.0,Petrol,Tiptronic,28583,Hatchback,15053,Elantra
6559,MERCEDES-BENZ,2001,3.2,Petrol,Tiptronic,134183,Jeep,9722,ML 320
6560,NISSAN,2015,1.6,Petrol,Automatic,69222,Jeep,5018,Juke
6561,BMW,2001,2.5,CNG,Tiptronic,133595,Sedan,9408,325
6562,TOYOTA,2015,1.5,Petrol,Automatic,77671,Hatchback,21012,Prius
6563,BMW,2014,3.0,Diesel,Automatic,61123,Sedan,9879,535
6564,NISSAN,2017,2.5,Petrol,Automatic,17895,Sedan,27284,Altima
6565,TOYOTA,2014,2.5,Petrol,Automatic,60273,Sedan,23521,Camry
6566,TOYOTA,2017,1.8,Hybrid,Automatic,29622,Sedan,1882,Prius
6567,HONDA,2008,1.3,Hybrid,Variator,72079,Sedan,9408,Civic
6568,TOYOTA,2002,1.3,Petrol,Automatic,101283,Sedan,6586,Vitz
6569,HONDA,2000,2.0,Petrol,Automatic,1381,Jeep,9095,Cr-v
6570,BMW,2001,2.5,Petrol,Tiptronic,121167,Sedan,10036,525
6571,VOLKSWAGEN,2013,2.5,Petrol,Tiptronic,55675,Sedan,14113,Jetta
6572,FORD,2015,2.0,Hybrid,Automatic,91891,Sedan,5645,Fusion
6573,SUBARU,2002,1.5,Petrol,Automatic,91342,Hatchback,5018,Impreza
6574,HONDA,2016,1.5,Petrol,Automatic,22328,Hatchback,45872,FIT
6575,VOLKSWAGEN,2007,2.0,Diesel,Manual,149129,Goods wagon,10032,Caddy
6576,LEXUS,2013,4.6,Petrol,Automatic,95763,Jeep,1490,GX 470
6577,HYUNDAI,2011,1.6,Petrol,Automatic,32482,Sedan,13808,Elantra
6578,OPEL,1998,1.6,LPG,Manual,99419,Hatchback,7213,Astra
6579,HYUNDAI,2011,2.0,Diesel,Automatic,103397,Jeep,21953,Santa FE
6580,BMW,2009,3.0,Petrol,Tiptronic,114332,Sedan,15994,528
6581,SUBARU,2013,2.0,Petrol,Automatic,207046,Sedan,1803,XV
6582,NISSAN,2015,1.6,Petrol,Manual,28583,Jeep,23521,Juke Nismo
6583,BMW,2002,3.0,Petrol,Tiptronic,167770,Sedan,11290,530
6584,TOYOTA,2018,2.5,Hybrid,Automatic,79234,Sedan,9722,Camry
6585,KIA,2012,2.4,Petrol,Tiptronic,91963,Sedan,14740,Optima
6586,NISSAN,2002,3.3,Petrol,Manual,58409,Jeep,10976,X-Terra
6587,CHEVROLET,2011,1.8,Petrol,Tiptronic,67108,Sedan,15053,Cruze
6588,CHEVROLET,2008,2.0,Diesel,Automatic,30409,Jeep,6115,Captiva
6589,BMW,2013,3.0,Petrol,Tiptronic,40762,Sedan,32302,535
6590,MERCEDES-BENZ,2001,2.2,Diesel,Tiptronic,155343,Sedan,10349,C 220
6591,HYUNDAI,2014,2.4,Petrol,Automatic,37123,Sedan,5175,Sonata
6592,VOLKSWAGEN,2015,2.0,Petrol,Tiptronic,83885,Sedan,21326,Jetta GLI
6593,CHEVROLET,2013,1.6,Petrol,Automatic,83495,Hatchback,15464,Aveo
6594,MERCEDES-BENZ,1999,3.2,LPG,Automatic,114332,Jeep,10976,ML 320
6595,HYUNDAI,2012,2.0,Diesel,Automatic,77671,Jeep,25889,Tucson
6596,CHEVROLET,2015,2.2,Diesel,Automatic,42253,Jeep,23389,Captiva
6597,FORD,2016,2.0,Petrol,Automatic,20480,Sedan,19757,Focus
6598,LAND ROVER,2008,4.2,Petrol,Tiptronic,105633,Jeep,26657,Range Rover VOGUE
6599,HYUNDAI,2013,1.8,Petrol,Automatic,38525,Sedan,12858,Lantra
6600,BMW,2015,2.0,Petrol,Tiptronic,37531,Jeep,45473,X3 SDRIVE
6601,TOYOTA,2013,1.8,Hybrid,Variator,55302,Sedan,21326,Prius
6602,NISSAN,2003,2.0,Petrol,Variator,69041,Minivan,8467,Serena
6603,CHEVROLET,2012,2.4,Petrol,Automatic,158349,Jeep,2430,Equinox
6604,HONDA,2012,1.5,Hybrid,Tiptronic,73322,Hatchback,18189,FIT RS MUGEN
6605,HYUNDAI,2012,2.2,Diesel,Automatic,116367,Jeep,25810,Santa FE
6606,HYUNDAI,2015,2.0,Petrol,Automatic,16023,Sedan,40926,Sonata
6607,CHEVROLET,2013,1.8,Petrol,Manual,90099,Sedan,8467,Cruze
6608,VOLVO,2001,2.4,Petrol,Manual,127381,Coupe,4234,C70
6609,BMW,2012,3.0,Diesel,Automatic,142894,Jeep,14583,X5
6610,HYUNDAI,2016,2.2,Diesel,Automatic,69375,Jeep,58579,Santa FE
6611,TOYOTA,2010,1.8,Petrol,Automatic,81400,Sedan,12858,Prius
6612,INFINITI,2012,3.5,Petrol,Automatic,69594,Jeep,17249,JX35
6613,TOYOTA,2012,1.8,Hybrid,Variator,112468,Hatchback,19757,Prius
6614,HYUNDAI,2016,2.0,Diesel,Automatic,75746,Jeep,50037,Santa FE
6615,SUBARU,2006,2.0,Petrol,Tiptronic,93206,Universal,15681,Forester CrossSport
6616,HYUNDAI,2010,1.6,Petrol,Automatic,62999,Sedan,14834,Elantra
6617,NISSAN,2013,1.6,Petrol,Automatic,193941,Jeep,7213,Juke
6618,HYUNDAI,2015,1.6,Petrol,Automatic,84120,Sedan,16621,Elantra
6619,HYUNDAI,2012,1.6,Petrol,Automatic,74313,Sedan,13495,Elantra
6620,TOYOTA,2013,2.5,Petrol,Tiptronic,78293,Sedan,23207,Camry
6621,BMW,2003,3.0,Petrol,Manual,93392,Sedan,14740,330
6622,LEXUS,2015,1.8,Hybrid,Automatic,58999,Hatchback,16935,CT 200h
6623,MERCEDES-BENZ,1997,2.9,Diesel,Manual,2071,Microbus,10349,Sprinter
6624,HYUNDAI,2015,1.8,Petrol,Automatic,46603,Sedan,29323,Elantra
6625,SSANGYONG,2017,1.6,Diesel,Automatic,54534,Jeep,37984,Actyon
6626,LEXUS,2011,2.4,Hybrid,Automatic,79229,Sedan,2038,HS 250h
6627,TOYOTA,2012,2.5,Hybrid,Automatic,99033,Sedan,3136,Camry
6628,MERCEDES-BENZ,2010,3.0,Diesel,Tiptronic,80778,Jeep,32929,GL 350 BLUTEC
6629,NISSAN,2008,1.8,Petrol,Variator,78293,Hatchback,9095,Tiida
6630,HYUNDAI,2015,2.4,Petrol,Tiptronic,75807,Sedan,21953,Sonata
6631,BMW,2015,4.4,Petrol,Automatic,57298,Coupe,30734,650
6632,FORD,2014,1.5,Petrol,Automatic,78720,Sedan,13172,Fusion
6633,HYUNDAI,2017,2.0,Diesel,Automatic,56842,Jeep,45210,Tucson
6634,SUBARU,2002,2.0,CNG,Automatic,118060,Universal,9408,Forester
6635,TOYOTA,2009,1.5,Hybrid,Automatic,107630,Hatchback,6586,Prius
6636,MERCEDES-BENZ,2016,3.0,Petrol,Automatic,53555,Jeep,41397,GLE 350
6637,TOYOTA,2014,1.5,Hybrid,Automatic,84941,Hatchback,10349,Aqua
6638,KIA,2015,2.4,Petrol,Tiptronic,49088,Sedan,22580,Optima
6639,TOYOTA,2012,1.8,Hybrid,Automatic,224163,Hatchback,15200,Prius V
6640,KIA,2011,1.6,Petrol,Tiptronic,42564,Sedan,14740,Cerato
6641,HYUNDAI,2014,2.0,LPG,Automatic,209384,Sedan,11604,Sonata
6642,CHEVROLET,2017,1.4,Petrol,Manual,23285,Sedan,23834,Cruze
6643,TOYOTA,2017,2.5,Petrol,Tiptronic,32311,Sedan,39201,Camry
6644,NISSAN,2011,1.8,Petrol,Automatic,112469,Hatchback,9095,Versa
6645,TOYOTA,2012,2.5,Hybrid,Automatic,92584,Sedan,12388,Camry
6646,DAEWOO,2009,2.0,Diesel,Automatic,24253,Sedan,5865,Lacetti
6647,SUZUKI,2002,2.7,CNG,Automatic,144158,Jeep,10349,XL7 limited
6648,TOYOTA,2013,2.5,Petrol,Tiptronic,42253,Jeep,37633,RAV 4
6649,TOYOTA,2007,2.4,Hybrid,Variator,102526,Sedan,16308,Camry
6650,JEEP,2008,3.7,LPG,Automatic,170133,Jeep,15367,Liberty
6651,TOYOTA,2010,1.8,Hybrid,Variator,52817,Sedan,15994,Prius
6652,MERCEDES-BENZ,2015,1.8,Petrol,Tiptronic,44739,Sedan,18503,C 180
6653,TOYOTA,2010,3.3,Hybrid,Automatic,164587,Jeep,4861,Highlander
6654,HYUNDAI,2012,1.8,Petrol,Tiptronic,98177,Sedan,12544,Elantra SE
6655,SUBARU,2010,2.5,Petrol,Tiptronic,99419,Jeep,21639,Outback Limited
6656,TOYOTA,2010,1.8,Hybrid,Automatic,188897,Sedan,12074,Prius
6657,HYUNDAI,2013,1.6,Petrol,Tiptronic,65617,Hatchback,15053,Veloster
6658,VOLKSWAGEN,2015,2.0,Petrol,Tiptronic,28583,Jeep,28225,Tiguan
6659,HYUNDAI,2014,1.8,Petrol,Automatic,93206,Sedan,13700,Elantra
6660,TOYOTA,2013,2.5,Hybrid,Automatic,77617,Sedan,3763,Camry
6661,TOYOTA,2007,1.6,Petrol,Tiptronic,86619,Sedan,13485,Corolla
6662,MERCEDES-BENZ,2007,1.7,Petrol,Tiptronic,68102,Sedan,13485,B 170
6663,HYUNDAI,2014,2.0,Diesel,Automatic,93827,Jeep,40976,Santa FE
6664,BMW,2011,3.0,Petrol,Automatic,105660,Jeep,6272,X5
6665,HONDA,2012,1.3,Hybrid,Automatic,41632,Hatchback,8154,FIT
6666,HYUNDAI,2016,1.6,Petrol,Tiptronic,16777,Jeep,49237,Tucson
6667,OPEL,2003,1.7,Diesel,Manual,10563,Goods wagon,6743,Combo
6668,BMW,2012,3.0,Diesel,Automatic,64286,Jeep,8154,X5
6669,LEXUS,2015,2.5,Hybrid,Automatic,67322,Jeep,25089,NX 200
6670,TOYOTA,2011,3.5,Hybrid,Automatic,212895,Jeep,1568,Highlander
6671,SUBARU,2011,2.5,Petrol,Tiptronic,111225,Sedan,15681,Legacy
6672,MERCEDES-BENZ,2013,1.8,Petrol,Tiptronic,68724,Sedan,8154,C 250 A.M.G
6673,VAZ,2010,1.6,Petrol,Manual,21548,Sedan,1500,2107
6674,KIA,2012,2.4,Hybrid,Tiptronic,78910,Sedan,19757,Optima
6675,CHEVROLET,2013,2.0,Diesel,Automatic,44329,Jeep,10032,Orlando
6676,SSANGYONG,2011,2.0,Diesel,Automatic,153922,Jeep,18240,REXTON
6677,MERCEDES-BENZ,2009,3.2,Diesel,Tiptronic,94448,Jeep,39829,GL 320
6678,FIAT,2014,1.4,Petrol,Tiptronic,44117,Hatchback,15053,500
6679,HYUNDAI,2018,2.0,Diesel,Automatic,30693,Jeep,55230,Santa FE
6680,TOYOTA,2011,2.5,Petrol,Automatic,95325,Sedan,1333,Camry
6681,CHEVROLET,2017,1.5,Hybrid,Automatic,76557,Hatchback,4077,Volt
6682,HYUNDAI,2015,2.0,LPG,Automatic,213159,Sedan,10663,Sonata
6683,HYUNDAI,2014,2.4,Petrol,Automatic,47576,Sedan,12544,Sonata
6684,NISSAN,2004,1.9,Petrol,Automatic,124274,Jeep,10036,X-Trail
6685,LEXUS,2009,2.5,Petrol,Tiptronic,152236,Sedan,26657,IS 250
6686,TOYOTA,2015,2.5,Petrol,Automatic,28266,Sedan,23207,Camry SE
6687,CHEVROLET,2014,2.0,Diesel,Automatic,41151,Sedan,14426,Cruze
6688,MERCEDES-BENZ,2010,2.2,Diesel,Manual,15224,Sedan,21326,C 220
6689,FORD,2012,2.0,Hybrid,Automatic,151117,Hatchback,18503,C-MAX SEL
6690,OPEL,2008,1.7,Diesel,Manual,99419,Universal,11604,Astra H
6691,TOYOTA,2012,2.5,Hybrid,Automatic,85749,Sedan,19130,Camry
6692,HYUNDAI,2017,2.0,Diesel,Automatic,61421,Jeep,43880,Tucson
6693,TOYOTA,2014,1.5,Petrol,Automatic,70836,Hatchback,10349,Aqua
6694,KIA,2012,2.0,Hybrid,Automatic,72656,Sedan,14113,Optima HYBRID
6695,TOYOTA,2014,2.5,Hybrid,Automatic,235635,Sedan,17876,Avalon
6696,MERCEDES-BENZ,2015,2.2,Diesel,Tiptronic,88235,Sedan,62722,C 220
6697,HYUNDAI,2014,1.8,Petrol,Automatic,68776,Sedan,3763,Elantra
6698,HONDA,2012,1.5,Petrol,Automatic,55923,Minivan,10000,Fred
6699,VOLVO,2012,3.2,Petrol,Tiptronic,65555,Jeep,21326,XC90 3.2 AWD
6700,TOYOTA,2013,2.7,Petrol,Automatic,98717,Pickup,4234,Tacoma
6701,JAGUAR,2018,2.0,Petrol,Automatic,16591,Jeep,3293,F-pace
6702,BMW,2005,4.4,Petrol,Tiptronic,121167,Jeep,19080,X5
6703,MERCEDES-BENZ,2010,3.5,Petrol,Tiptronic,60894,Sedan,48610,S 400
6704,VOLKSWAGEN,2013,2.0,Diesel,Tiptronic,50952,Sedan,15677,Jetta TDI
6705,TOYOTA,2012,1.5,Hybrid,Automatic,48467,Sedan,10506,Aqua
6706,NISSAN,2015,1.6,Petrol,Automatic,30447,Jeep,24148,Juke
6707,LEXUS,2010,3.5,Hybrid,Variator,103148,Jeep,47038,RX 450
6708,MERCEDES-BENZ,2008,2.2,Diesel,Manual,179710,Minivan,18817,Vito
6709,CHEVROLET,2017,1.5,Petrol,Automatic,16215,Sedan,19601,Malibu LT
6710,BMW,2013,3.0,Petrol,Automatic,72700,Sedan,37633,335
6711,VOLKSWAGEN,2010,2.0,Petrol,Automatic,97020,Sedan,1725,Scirocco
6712,DODGE,2019,3.6,Petrol,Automatic,13852,Sedan,16935,Ramcharger
6713,TOYOTA,2008,1.5,Petrol,Automatic,154100,Sedan,13799,Prius
6714,HONDA,2008,1.3,Petrol,Variator,96313,Hatchback,10663,FIT
6715,KIA,2012,2.4,Petrol,Tiptronic,68972,Sedan,16621,Optima
6716,MITSUBISHI,2003,2.0,Petrol,Tiptronic,52478,Jeep,10663,Airtrek
6717,MERCEDES-BENZ,2011,1.8,Petrol,Tiptronic,94448,Sedan,11290,C 250
6718,VOLKSWAGEN,2013,2.0,Diesel,Tiptronic,77802,Sedan,23521,Passat
6719,JEEP,2012,3.0,Diesel,Automatic,83700,Jeep,47408,Grand Cherokee
6720,TOYOTA,2011,1.8,Hybrid,Variator,108740,Hatchback,17249,Prius
6721,TOYOTA,2003,1.3,Petrol,Manual,77671,Hatchback,8467,Vitz
6722,TOYOTA,2010,1.8,Hybrid,Automatic,118682,Sedan,15994,Prius
6723,BMW,2009,4.4,Petrol,Tiptronic,96172,Jeep,37633,X6
6724,HYUNDAI,2017,1.6,Petrol,Automatic,15929,Sedan,1019,Elantra
6725,HYUNDAI,2011,2.0,Diesel,Automatic,110103,Jeep,24327,Santa FE
6726,MERCEDES-BENZ,2006,3.5,Petrol,Tiptronic,124274,Sedan,35000,E 350
6727,TOYOTA,2014,1.8,Petrol,Automatic,93206,Sedan,23521,Prius
6728,HYUNDAI,2014,2.0,Diesel,Automatic,76369,Jeep,45436,Santa FE
6729,MERCEDES-BENZ,1998,3.2,Petrol,Automatic,112011,Coupe,6272,CLK 320
6730,SUBARU,2002,2.5,Petrol,Automatic,93206,Hatchback,5802,Outback
6731,HYUNDAI,2012,1.6,Petrol,Automatic,66812,Sedan,20266,Elantra
6732,HYUNDAI,2015,2.0,Diesel,Automatic,96808,Jeep,48697,Santa FE
6733,HYUNDAI,2016,2.0,LPG,Automatic,183621,Sedan,15681,Sonata
6734,TOYOTA,2010,1.8,Petrol,Automatic,118060,Sedan,18817,Prius
6735,HYUNDAI,2016,2.0,Diesel,Automatic,36981,Jeep,51965,Santa FE
6736,SUBARU,2014,2.0,Hybrid,Automatic,81941,Jeep,12074,XV
6737,TOYOTA,2013,2.5,Hybrid,Automatic,77617,Sedan,3763,Camry
6738,SSANGYONG,2017,1.6,Petrol,Automatic,26572,Jeep,46518,Actyon
6739,TOYOTA,2013,2.5,Hybrid,Automatic,118402,Sedan,5018,Camry
6740,SUBARU,2013,2.0,Hybrid,Tiptronic,87593,Jeep,20385,XV
6741,TOYOTA,2016,2.5,Petrol,Automatic,16777,Jeep,40142,RAV 4
6742,HYUNDAI,2013,1.8,Petrol,Automatic,88723,Sedan,4234,Elantra
6743,JEEP,2015,2.4,Petrol,Automatic,44739,Jeep,14113,Compass
6744,SSANGYONG,2016,1.6,Diesel,Automatic,33862,Jeep,43868,Actyon
6745,SUBARU,2010,2.5,Petrol,Tiptronic,86992,Jeep,13799,Forester
6746,HYUNDAI,2016,2.5,Diesel,Automatic,30323,Minivan,42218,H1
6747,NISSAN,2012,1.8,Petrol,Automatic,99419,Hatchback,12858,Versa
6748,FORD,2013,2.0,Hybrid,Automatic,39146,Hatchback,20071,C-MAX
6749,LEXUS,2014,1.8,Hybrid,Automatic,82371,Hatchback,11447,CT 200h
6750,HYUNDAI,2010,2.0,Diesel,Automatic,143110,Jeep,15900,Santa FE
6751,BMW,2013,3.0,Diesel,Automatic,85626,Jeep,1019,X5
6752,HYUNDAI,2017,2.2,Diesel,Automatic,13072,Jeep,44846,Santa FE
6753,TOYOTA,2015,1.8,Hybrid,Automatic,14118,Hatchback,19130,Prius
6754,HYUNDAI,2016,2.0,LPG,Automatic,167069,Sedan,16308,Sonata
6755,FORD,2010,2.5,Petrol,Variator,14018,Sedan,15000,Fusion
6756,MERCEDES-BENZ,2014,3.5,Petrol,Automatic,90966,Sedan,1882,E 350
6757,TOYOTA,2018,3.5,Petrol,Automatic,29206,Jeep,26971,Highlander
6758,TOYOTA,2011,1.8,Hybrid,Variator,80778,Sedan,17249,Prius
6759,MERCEDES-BENZ,2002,3.2,Petrol,Tiptronic,142915,Sedan,17249,E 320
6760,TOYOTA,2006,1.5,Hybrid,Variator,83885,Hatchback,10976,Prius
6761,CHEVROLET,2016,1.4,Petrol,Automatic,54664,Sedan,2587,Cruze
6762,TOYOTA,2012,1.5,Hybrid,Automatic,36785,Hatchback,25274,Aqua
6763,OPEL,1998,1.6,Petrol,Manual,18641,Sedan,5331,Astra
6764,SSANGYONG,2017,1.6,Diesel,Automatic,20863,Jeep,45633,Actyon
6765,OPEL,1999,3.0,CNG,Automatic,196664,Minivan,8781,Sintra
6766,BMW,2013,3.0,Petrol,Tiptronic,84506,Sedan,29793,740
6767,HYUNDAI,2016,2.0,Diesel,Automatic,72992,Jeep,33575,Tucson
6768,VOLKSWAGEN,2014,1.8,Petrol,Tiptronic,41632,Sedan,14426,Passat
6769,HONDA,2004,1.3,Petrol,Automatic,99419,Sedan,6899,FIT
6770,TOYOTA,2008,1.5,Hybrid,Variator,114332,Sedan,10976,Prius
6771,HYUNDAI,2016,2.0,Diesel,Automatic,88258,Jeep,49723,Santa FE
6772,SSANGYONG,2015,2.0,Diesel,Automatic,73549,Jeep,47076,REXTON
6773,TOYOTA,2015,3.5,Petrol,Automatic,72981,Sedan,9722,Camry
6774,FORD,2010,2.5,Hybrid,Automatic,52817,Jeep,19444,Escape
6775,BMW,2011,3.0,Petrol,Tiptronic,56276,Sedan,25716,535 535
6776,TOYOTA,2012,2.5,Hybrid,Tiptronic,111039,Sedan,12100,Camry
6777,HYUNDAI,2015,1.8,Petrol,Automatic,71773,Sedan,4077,Elantra
6778,BMW,2012,3.0,Petrol,Automatic,100302,Jeep,3763,X6
6779,TOYOTA,2014,2.5,Petrol,Tiptronic,66487,Sedan,12544,Camry
6780,BMW,2011,4.4,Petrol,Tiptronic,82021,Sedan,35438,550 M Packet
6781,HYUNDAI,2011,2.0,LPG,Automatic,51156,Sedan,7056,Sonata
6782,HONDA,2007,2.4,Petrol,Automatic,87613,Minivan,10000,Elysion
6783,FORD,1996,1.3,Petrol,Manual,171498,Coupe,3600,KA
6784,CHEVROLET,2014,1.4,Petrol,Automatic,93128,Sedan,13877,Cruze
6785,TOYOTA,2016,2.5,Hybrid,Tiptronic,32933,Jeep,58018,RAV 4 LIMITED
6786,TOYOTA,2013,1.8,Hybrid,Automatic,105633,Sedan,21326,Prius
6787,TOYOTA,2012,3.5,Petrol,Automatic,87592,Jeep,23521,Highlander
6788,MERCEDES-BENZ,2013,3.5,Diesel,Automatic,66984,Sedan,5802,E 350
6789,HYUNDAI,2005,2.4,Petrol,Manual,149129,Minivan,9500,H1
6790,OPEL,1998,1.6,Petrol,Manual,93206,Hatchback,8500,Astra
6791,HONDA,2015,1.3,Hybrid,Automatic,86072,Universal,7279,FIT
6792,HYUNDAI,2009,2.5,Diesel,Automatic,35140,Minivan,11760,H1
6793,TOYOTA,2007,1.5,Hybrid,Automatic,74565,Sedan,11290,Prius
6794,SSANGYONG,2011,2.7,Diesel,Automatic,80650,Jeep,29122,REXTON
6795,HYUNDAI,2016,2.0,LPG,Automatic,173852,Sedan,11290,Sonata
6796,KIA,2015,1.6,Petrol,Automatic,83080,Sedan,2352,RIO
6797,HYUNDAI,2014,1.6,Petrol,Automatic,53280,Sedan,27654,Elantra
6798,TOYOTA,2014,2.5,Hybrid,Automatic,16715,Sedan,26657,Camry
6799,FORD,2003,2.0,Diesel,Manual,118060,Microbus,8154,Transit
6800,HYUNDAI,2014,2.2,Diesel,Automatic,35299,Jeep,40387,Santa FE
6801,MERCEDES-BENZ,2015,2.0,Petrol,Automatic,23479,Jeep,1019,GLA 250
6802,TOYOTA,2015,1.8,Hybrid,Tiptronic,115575,Hatchback,20385,Prius
6803,HYUNDAI,2015,2.0,LPG,Automatic,90561,Sedan,15060,Sonata
6804,ISUZU,1997,3.2,Petrol,Automatic,149129,Jeep,14113,VehiCross
6805,MERCEDES-BENZ,2017,2.0,Petrol,Automatic,27637,Jeep,2509,GLA 250
6806,MERCEDES-BENZ,2003,2.7,Diesel,Tiptronic,72079,Microbus,30734,Sprinter
6807,MERCEDES-BENZ,2014,2.1,Diesel,Automatic,36576,Sedan,22894,E 250
6808,TOYOTA,2014,2.5,Hybrid,Automatic,111462,Sedan,11133,Camry
6809,TOYOTA,2018,1.8,Hybrid,Automatic,7715,Sedan,15210,Prius
6810,HYUNDAI,2016,2.5,Diesel,Automatic,90491,Universal,43655,H1
6811,TOYOTA,2013,2.5,Hybrid,Automatic,118402,Sedan,5018,Camry
6812,DAEWOO,2010,2.0,Diesel,Automatic,33071,Sedan,7997,Lacetti
6813,MERCEDES-BENZ,2016,2.2,Diesel,Automatic,82642,Sedan,56450,E 220
6814,TOYOTA,2012,1.5,Hybrid,Automatic,46603,Hatchback,17245,Prius C
6815,MERCEDES-BENZ,2009,2.2,Diesel,Manual,102985,Goods wagon,21500,Vito
6816,MERCEDES-BENZ,2013,3.0,Diesel,Tiptronic,68351,Jeep,58018,ML 350
6817,TOYOTA,2013,1.5,Hybrid,Automatic,83885,Hatchback,14113,Prius C
6818,VOLKSWAGEN,2019,2.0,Petrol,Automatic,4079,Sedan,17562,Jetta
6819,TOYOTA,2012,1.5,Hybrid,Automatic,621,Hatchback,10663,Aqua
6820,FORD,2013,2.0,Hybrid,Automatic,108503,Sedan,1646,Fusion
6821,NISSAN,2013,1.2,Petrol,Automatic,93827,Hatchback,7683,Note
6822,HYUNDAI,2010,2.0,Petrol,Automatic,120227,Sedan,13626,Sonata
6823,FORD,1998,2.5,Diesel,Manual,155343,Microbus,15681,Transit 100LD
6824,MERCEDES-BENZ,2009,3.0,Diesel,Automatic,107176,Jeep,32929,ML 320
6825,HYUNDAI,2016,1.7,Diesel,Automatic,56498,Jeep,44213,Tucson
6826,NISSAN,2013,1.6,Petrol,Automatic,67246,Jeep,7527,Juke
6827,HYUNDAI,2014,1.8,Petrol,Tiptronic,48605,Sedan,15367,Elantra
6828,SUBARU,2016,2.5,Petrol,Tiptronic,32933,Jeep,22580,Forester
6829,CHEVROLET,2018,1.4,Petrol,Tiptronic,3728,Sedan,23521,Cruze
6830,TOYOTA,2012,3.0,Diesel,Manual,64623,Pickup,50178,Hilux
6831,FORD,2014,2.0,Hybrid,Variator,75807,Sedan,23521,Fusion
6832,MERCEDES-BENZ,2008,3.5,Diesel,Automatic,227962,Jeep,3763,ML 350
6833,CHEVROLET,2012,2.0,Petrol,Automatic,56951,Sedan,24302,Malibu
6834,MERCEDES-BENZ,2001,2.3,Petrol,Manual,165338,Coupe,6272,CLK 230
6835,BMW,2000,1.9,Diesel,Manual,122410,Coupe,9408,320
6836,OPEL,2005,1.9,Diesel,Manual,126760,Minivan,12858,Zafira
6837,HYUNDAI,2016,2.0,LPG,Automatic,125440,Sedan,15681,Sonata
6838,KIA,2016,2.0,Petrol,Automatic,40444,Sedan,15053,Optima
6839,TOYOTA,2008,2.4,Petrol,Automatic,88158,Sedan,17876,Camry
6840,MERCEDES-BENZ,2017,2.0,Petrol,Automatic,31667,Sedan,56136,E 300
6841,HONDA,2017,2.0,Petrol,Automatic,30007,Sedan,47531,Civic
6842,HYUNDAI,2016,2.0,Diesel,Automatic,84049,Jeep,43548,Santa FE
6843,HYUNDAI,2016,2.0,LPG,Automatic,162282,Sedan,15681,Sonata
6844,TOYOTA,2014,1.5,Hybrid,Automatic,59652,Hatchback,16621,Prius C
6845,TOYOTA,2012,1.5,Petrol,Automatic,63256,Hatchback,18726,Aqua
6846,BMW,2005,1.8,Petrol,Manual,34175,Coupe,10976,318
6847,HYUNDAI,2013,2.0,Petrol,Automatic,100662,Sedan,16443,Sonata
6848,HYUNDAI,2015,2.4,Hybrid,Automatic,116761,Sedan,3136,Sonata
6849,SUBARU,2004,2.0,Petrol,Automatic,85749,Sedan,11604,Forester cross sport
6850,NISSAN,2004,1.5,Petrol,Automatic,106254,Hatchback,7995,Tiida
6851,NISSAN,2004,1.5,Petrol,Variator,85749,Hatchback,8467,Tiida
6852,SSANGYONG,2011,2.0,Diesel,Automatic,73943,Jeep,24029,REXTON
6853,HONDA,2013,1.3,Petrol,Automatic,10657,Hatchback,32945,FIT
6854,HYUNDAI,2011,2.0,Petrol,Automatic,85818,Sedan,15035,Sonata
6855,DAEWOO,2010,1.6,Petrol,Automatic,46603,Sedan,9000,Lacetti
6856,SUBARU,2013,2.0,Petrol,Automatic,69594,Jeep,17249,XV
6857,HYUNDAI,2016,2.0,Diesel,Automatic,87385,Jeep,45138,Santa FE
6858,JEEP,2011,3.6,Petrol,Automatic,145401,Jeep,27479,Grand Cherokee
6859,SCION,2014,2.5,Petrol,Tiptronic,42253,Coupe,24775,tC
6860,LAND ROVER,2016,3.0,Diesel,Automatic,52264,Jeep,17876,Range Rover
6861,HYUNDAI,2016,2.0,Petrol,Automatic,48589,Sedan,43545,Sonata
6862,HONDA,2012,1.5,Hybrid,Variator,99419,Hatchback,17249,FIT
6863,FORD,2011,1.6,Petrol,Automatic,95861,Hatchback,12231,Fiesta
6864,TOYOTA,2011,1.8,Hybrid,Automatic,63380,Hatchback,16621,Prius
6865,CHEVROLET,2016,1.6,Petrol,Automatic,5970,Sedan,27174,Aveo
6866,NISSAN,2003,2.3,CNG,Tiptronic,74565,Sedan,7840,Maxima
6867,TOYOTA,2006,2.4,Hybrid,Automatic,11558,Sedan,18189,Camry
6868,TOYOTA,2013,2.5,Hybrid,Automatic,10538,Sedan,23521,Camry
6869,NISSAN,2017,1.6,Petrol,Automatic,16755,Sedan,3607,Sentra
6870,BMW,2011,3.0,Diesel,Automatic,167973,Jeep,1568,X5
6871,TOYOTA,2015,1.8,Petrol,Tiptronic,82021,Sedan,17562,Prius
6872,TOYOTA,2007,2.4,LPG,Tiptronic,104039,Sedan,17876,Camry
6873,MERCEDES-BENZ,2012,3.0,Diesel,Automatic,168827,Jeep,26657,ML 350
6874,HYUNDAI,2012,2.5,Diesel,Automatic,39338,Minivan,29163,H1
6875,CHEVROLET,2014,2.0,Diesel,Automatic,47965,Sedan,15577,Cruze
6876,HYUNDAI,2007,1.6,Petrol,Automatic,87551,Sedan,8515,Elantra
6877,FORD,2008,2.5,Hybrid,Automatic,108740,Jeep,18189,Escape
6878,MITSUBISHI,1999,2.4,Petrol,Tiptronic,60894,Minivan,6272,Chariot
6879,MERCEDES-BENZ,2008,3.0,Diesel,Automatic,109121,Sedan,2430,E 350
6880,TOYOTA,2014,1.5,Hybrid,Automatic,122286,Hatchback,4547,Prius C
6881,BMW,2008,3.0,Petrol,Tiptronic,77671,Jeep,25716,X5
6882,KIA,2014,2.0,Petrol,Automatic,23802,Sedan,16621,Optima
6883,TOYOTA,2013,1.8,Hybrid,Variator,43522,Sedan,23207,Prius
6884,HYUNDAI,2017,2.0,LPG,Automatic,167577,Sedan,11604,Sonata
6885,MERCEDES-BENZ,2000,2.0,Petrol,Manual,130804,Coupe,7840,CLK 200
6886,MERCEDES-BENZ,2012,3.0,Diesel,Automatic,92691,Jeep,4547,GL 350
6887,HYUNDAI,2014,1.6,Petrol,Automatic,56435,Sedan,28830,Elantra
6888,TOYOTA,2012,2.5,Hybrid,Tiptronic,78093,Sedan,25089,Camry
6889,CHEVROLET,2010,1.6,Petrol,Automatic,69530,Sedan,12281,Lacetti
6890,TOYOTA,2010,1.8,Hybrid,Automatic,195732,Hatchback,8781,Prius
6891,MITSUBISHI,2011,1.3,Petrol,Automatic,45981,Hatchback,6899,Colt
6892,VOLKSWAGEN,1999,2.3,Petrol,Manual,2761,Sedan,4077,Passat pasat
6893,TOYOTA,2012,1.5,Hybrid,Automatic,57013,Hatchback,18503,Prius C
6894,TOYOTA,2010,3.3,Hybrid,Automatic,164587,Jeep,4861,Highlander
6895,HYUNDAI,2016,2.0,Diesel,Automatic,35418,Jeep,47810,Tucson
6896,FORD,2012,2.0,Petrol,Automatic,86162,Sedan,12544,Focus
6897,TOYOTA,2014,1.5,Hybrid,Variator,70215,Hatchback,16621,Prius C
6898,TOYOTA,2011,1.8,Hybrid,Automatic,75186,Hatchback,16481,Prius
6899,MERCEDES-BENZ,2006,2.2,Diesel,Manual,124274,Microbus,18817,Vito
6900,TOYOTA,2012,2.0,Petrol,Automatic,48591,Sedan,18422,Aqua
6901,MERCEDES-BENZ,2009,3.2,Diesel,Tiptronic,188897,Jeep,26030,ML 320
6902,HYUNDAI,2013,1.6,Petrol,Tiptronic,32933,Hatchback,18800,Veloster
6903,TOYOTA,2014,1.8,Hybrid,Variator,94448,Hatchback,23521,Prius
6904,FORD,2013,2.0,Plug-in Hybrid,Automatic,82642,Hatchback,21953,C-MAX
6905,CHEVROLET,2016,1.0,Petrol,Automatic,19545,Sedan,11604,Spark
6906,TOYOTA,2012,2.4,Petrol,Tiptronic,44739,Sedan,18817,Camry
6907,HYUNDAI,2010,1.6,Petrol,Automatic,71944,Sedan,13658,Elantra
6908,TOYOTA,2013,1.5,Petrol,Automatic,42875,Hatchback,24239,Aqua
6909,BMW,2007,3.0,Petrol,Tiptronic,9321,Sedan,10349,530
6910,TOYOTA,2007,1.5,Hybrid,Variator,177091,Hatchback,10976,Prius
6911,FORD,1999,2.5,Diesel,Manual,85128,Goods wagon,10976,Transit
6912,HYUNDAI,2011,2.5,Diesel,Automatic,38404,Pickup,19296,H1
6913,MERCEDES-BENZ,2011,1.8,Petrol,Tiptronic,143046,Coupe,17876,C 250 AMG
6914,HYUNDAI,2017,2.0,LPG,Automatic,19351,Sedan,14113,Sonata
6915,VOLKSWAGEN,2013,2.5,Petrol,Tiptronic,95070,Sedan,16621,Passat
6916,HONDA,2014,1.3,Petrol,Automatic,22046,Hatchback,16107,FIT
6917,CHEVROLET,2007,2.0,Diesel,Automatic,30176,Jeep,5645,Captiva
6918,HYUNDAI,2017,2.5,Diesel,Automatic,51660,Universal,46251,H1
6919,MITSUBISHI,2006,2.4,Petrol,Tiptronic,86992,Jeep,13485,Outlander
6920,SUBARU,2014,2.5,Petrol,Automatic,86992,Jeep,18503,Forester
6921,HYUNDAI,2011,1.6,Petrol,Automatic,97817,Sedan,20005,Elantra
6922,HYUNDAI,2014,2.5,Diesel,Automatic,86574,Minivan,31317,H1
6923,HYUNDAI,2015,1.6,Petrol,Automatic,67045,Sedan,26180,Elantra
6924,TOYOTA,2015,3.5,Petrol,Automatic,76067,Sedan,6743,Avalon
6925,NISSAN,2001,2.5,Petrol,Automatic,62137,Sedan,7200,Gloria
6926,LEXUS,2011,3.5,Petrol,Automatic,160976,Sedan,8154,IS 350
6927,CHEVROLET,2014,1.0,Petrol,Automatic,35728,Hatchback,10515,Spark
6928,KIA,2014,2.4,Petrol,Tiptronic,61516,Sedan,17000,Optima
6929,HYUNDAI,2010,2.5,Diesel,Automatic,30534,Minivan,15367,H1
6930,BMW,2004,2.5,CNG,Tiptronic,236121,Jeep,14113,X3
6931,AUDI,2006,3.2,Petrol,Tiptronic,161556,Sedan,14113,A6
6932,HONDA,2004,1.3,Petrol,Automatic,93206,Hatchback,7527,FIT
6933,HYUNDAI,2013,2.0,Petrol,Automatic,128057,Sedan,14166,Sonata
6934,TOYOTA,2003,2.0,Petrol,Tiptronic,67729,Sedan,5500,Avensis
6935,HYUNDAI,2012,1.6,Petrol,Automatic,67667,Sedan,20209,Elantra
6936,HYUNDAI,2013,2.0,Diesel,Automatic,103443,Jeep,38894,Santa FE
6937,HYUNDAI,2010,2.0,LPG,Automatic,217523,Sedan,7840,Sonata
6938,TOYOTA,2010,1.8,Petrol,Automatic,215043,Sedan,1098,Corolla
6939,TOYOTA,2008,1.5,Hybrid,Automatic,62705,Hatchback,10976,Prius
6940,TOYOTA,2012,2.5,Petrol,Tiptronic,7643,Sedan,21953,Camry
6941,TOYOTA,2014,2.5,Petrol,Tiptronic,65617,Sedan,22266,Camry
6942,CHEVROLET,2015,3.6,Petrol,Automatic,98856,Sedan,4234,Impala
6943,TOYOTA,2005,1.8,CNG,Automatic,16777,Minivan,9095,Wish
6944,LAND ROVER,2007,4.2,Petrol,Tiptronic,159071,Jeep,18189,Land Rover Sport
6945,HONDA,2019,3.5,Petrol,Automatic,8695,Sedan,19757,Odyssey
6946,FORD,2012,2.0,Hybrid,Variator,129245,Hatchback,13000,C-MAX
6947,LEXUS,2016,2.0,Petrol,Automatic,36243,Sedan,3763,IS 200
6948,HONDA,2013,1.3,Hybrid,Tiptronic,27340,Sedan,14113,Insight
6949,TOYOTA,2012,2.5,Hybrid,Variator,198839,Sedan,20385,Camry
6950,DODGE,2015,2.4,Petrol,Automatic,63003,Sedan,2666,Avenger
6951,MERCEDES-BENZ,2011,3.5,Diesel,Automatic,140586,Coupe,1568,E 350
6952,SUBARU,2015,2.0,Petrol,Tiptronic,71458,Jeep,23521,Crosstrek
6953,MERCEDES-BENZ,2007,3.5,Petrol,Tiptronic,153106,Jeep,12544,ML 350
6954,HYUNDAI,2014,2.5,Diesel,Automatic,169945,Minivan,25763,H1
6955,VOLKSWAGEN,2012,2.0,Diesel,Tiptronic,60316,Sedan,11290,Passat
6956,TOYOTA,2019,2.0,Petrol,Automatic,2691,Jeep,29793,CHR
6957,SUBARU,2003,2.0,Petrol,Tiptronic,113090,Sedan,9408,Legacy bl5
6958,MERCEDES-BENZ,2005,2.5,LPG,Tiptronic,146022,Sedan,13015,C 230
6959,MERCEDES-BENZ,2006,1.8,Petrol,Tiptronic,86992,Sedan,14113,C 180 komp
6960,MERCEDES-BENZ,2014,4.6,Petrol,Automatic,75423,Jeep,47982,GL 550
6961,TOYOTA,2016,1.5,Petrol,Tiptronic,34175,Hatchback,26030,Yaris RS
6962,MERCEDES-BENZ,2001,2.2,Diesel,Manual,236121,Goods wagon,10032,Vito
6963,TOYOTA,2009,2.4,Hybrid,Automatic,156088,Sedan,21012,Camry
6964,HYUNDAI,2010,2.0,Diesel,Automatic,137323,Jeep,23138,Tucson
6965,NISSAN,2013,1.2,Petrol,Automatic,116305,Hatchback,4265,March
6966,HYUNDAI,2016,1.6,LPG,Automatic,46546,Sedan,27504,Elantra
6967,VOLKSWAGEN,2002,2.0,Petrol,Manual,118060,Hatchback,7213,Golf 4
6968,TOYOTA,2013,2.5,Hybrid,Automatic,145536,Sedan,6429,Camry
6969,TOYOTA,2008,3.3,Hybrid,Automatic,207795,Sedan,12544,Highlander
6970,HYUNDAI,2016,1.6,Petrol,Automatic,45054,Sedan,20071,Elantra
6971,HYUNDAI,2011,2.0,Diesel,Automatic,102309,Jeep,26999,Santa FE
6972,HYUNDAI,2017,2.0,Petrol,Automatic,72063,Sedan,4547,Elantra
6973,CHEVROLET,2012,1.8,Petrol,Automatic,112810,Sedan,2901,Cruze
6974,TOYOTA,2012,2.5,Petrol,Automatic,143124,Sedan,5645,Camry
6975,TOYOTA,2012,1.5,Petrol,Automatic,84904,Hatchback,12231,Yaris
6976,FORD,2014,1.6,Petrol,Automatic,34797,Hatchback,12858,Fiesta
6977,MERCEDES-BENZ,2008,3.5,Diesel,Automatic,227962,Jeep,3763,ML 350
6978,TOYOTA,2012,1.5,Petrol,Automatic,64001,Hatchback,18422,Aqua
6979,CHEVROLET,2017,1.5,Hybrid,Automatic,32350,Hatchback,26030,Volt
6980,SSANGYONG,2016,1.6,Petrol,Automatic,44080,Jeep,43868,Actyon
6981,FORD,2007,2.2,Diesel,Manual,105633,Microbus,10976,Transit
6982,BMW,2006,3.0,Diesel,Tiptronic,146022,Jeep,22894,X5
6983,TOYOTA,2018,2.5,Petrol,Tiptronic,26719,Sedan,40769,Camry
6984,HYUNDAI,2013,2.2,Diesel,Automatic,102273,Jeep,42764,Santa FE
6985,TOYOTA,2019,2.0,Petrol,Automatic,6593,Jeep,24462,CHR
6986,TOYOTA,2012,1.5,Hybrid,Variator,41632,Hatchback,10976,Aqua
6987,CHEVROLET,2016,1.4,Petrol,Automatic,58902,Hatchback,22567,Aveo
6988,CHEVROLET,2009,1.8,Petrol,Automatic,74244,Sedan,6909,Cruze
6989,TOYOTA,2013,1.5,Petrol,Automatic,111225,Hatchback,15530,Aqua
6990,HYUNDAI,2017,2.0,Diesel,Automatic,29881,Jeep,40556,Tucson
6991,BMW,2010,2.0,Diesel,Manual,122410,Sedan,18817,118
6992,HONDA,1998,2.0,LPG,Automatic,62137,Jeep,6586,Cr-v
6993,KIA,2016,2.0,Petrol,Automatic,34453,Jeep,22894,Sportage SX
6994,HYUNDAI,2011,1.6,Petrol,Automatic,66248,Sedan,20005,Elantra
6995,CHEVROLET,2015,2.0,LPG,Automatic,21330,Jeep,16778,Orlando
6996,MAZDA,2014,2.5,Petrol,Automatic,63029,Jeep,26657,CX-5
6997,NISSAN,2011,4.0,Petrol,Automatic,49482,Jeep,21953,X-Terra
6998,CHEVROLET,2013,2.0,Diesel,Automatic,75212,Jeep,22357,Orlando
6999,TOYOTA,2011,3.5,Hybrid,Automatic,212895,Jeep,1568,Highlander
7000,FORD,2018,2.0,Hybrid,Automatic,58069,Sedan,1568,Fusion
7001,HYUNDAI,2012,1.6,Petrol,Automatic,83264,Sedan,19933,Elantra
7002,LEXUS,2010,3.5,Hybrid,Automatic,195900,Jeep,2509,RX 450
7003,CHEVROLET,2013,1.4,Petrol,Tiptronic,71458,Sedan,17000,Cruze
7004,VOLKSWAGEN,2014,1.8,Petrol,Tiptronic,43496,Sedan,20385,Jetta SE
7005,HONDA,2017,2.0,Petrol,Automatic,35974,Coupe,45872,Civic
7006,SUBARU,2013,2.5,Petrol,Automatic,71054,Sedan,39201,Impreza
7007,LEXUS,2013,3.5,Petrol,Tiptronic,69258,Jeep,59586,RX 350
7008,HYUNDAI,2015,2.0,Petrol,Automatic,36661,Sedan,47107,Sonata
7009,MITSUBISHI,2015,2.4,Petrol,Automatic,31778,Jeep,1333,Outlander
7010,FORD,2011,2.5,Hybrid,Tiptronic,139187,Sedan,7213,Fusion
7011,TOYOTA,2012,2.5,Hybrid,Automatic,97256,Sedan,3607,Camry
7012,TOYOTA,2019,3.5,Petrol,Automatic,11530,Sedan,26971,Tacoma
7013,HYUNDAI,2012,1.6,Petrol,Automatic,81675,Sedan,14834,Elantra
7014,HYUNDAI,2011,1.6,Petrol,Automatic,80144,Sedan,14454,Elantra
7015,FORD,2014,2.5,Petrol,Tiptronic,109361,Sedan,11604,Fusion
7016,BMW,2012,3.0,Diesel,Automatic,44114,Jeep,34811,X5
7017,HONDA,2012,1.5,Hybrid,Variator,111847,Sedan,18817,Civic
7018,MERCEDES-BENZ,2012,2.2,Diesel,Tiptronic,121789,Minivan,34497,Vito
7019,VOLKSWAGEN,2018,2.0,Petrol,Automatic,43557,Sedan,9565,Tiguan
7020,MERCEDES-BENZ,2006,2.2,Diesel,Tiptronic,160935,Minivan,19444,Vito
7021,TOYOTA,2010,1.8,Hybrid,Automatic,99035,Hatchback,3293,Prius
7022,MERCEDES-BENZ,2011,3.0,Diesel,Automatic,85296,Jeep,12858,GL 350
7023,CHEVROLET,2017,1.6,Diesel,Automatic,68322,Jeep,28043,Orlando
7024,CHEVROLET,2017,1.4,Petrol,Automatic,48881,Sedan,13328,Cruze
7025,CHEVROLET,2017,1.4,Petrol,Automatic,93487,Sedan,4704,Cruze
7026,HONDA,2016,1.5,Petrol,Automatic,31377,Coupe,56177,Civic
7027,VOLKSWAGEN,2019,1.4,Petrol,Tiptronic,21748,Sedan,45473,Jetta
7028,NISSAN,2006,2.0,Petrol,Automatic,99419,Jeep,12231,X-Trail NISSAN X TRAIL R
7029,MERCEDES-BENZ,2017,2.0,Petrol,Automatic,31646,Sedan,22580,E 300
7030,TOYOTA,2015,1.8,Hybrid,Automatic,126201,Sedan,17876,Prius
7031,AUDI,2012,2.0,Diesel,Automatic,104016,Jeep,1568,A3
7032,FORD,2015,2.5,Petrol,Automatic,93262,Sedan,5959,Fusion
7033,HYUNDAI,2011,1.6,Petrol,Automatic,91776,Sedan,14834,Elantra
7034,JEEP,2003,3.7,LPG,Automatic,19884,Jeep,9408,Liberty
7035,HYUNDAI,2016,2.0,LPG,Automatic,178317,Sedan,16151,Sonata
7036,HYUNDAI,2010,2.0,Diesel,Automatic,77230,Jeep,23239,Tucson
7037,MITSUBISHI,2002,2.0,Petrol,Tiptronic,111847,Jeep,4861,Airtrek
7038,JEEP,2010,2.4,Petrol,Tiptronic,149129,Jeep,14113,Patriot
7039,LEXUS,2016,1.8,Hybrid,Automatic,44679,Hatchback,9565,CT 200h
7040,CHEVROLET,2012,2.4,Petrol,Automatic,145235,Jeep,3450,Equinox
7041,HYUNDAI,2010,2.7,Petrol,Automatic,57892,Sedan,6269,Grandeur
7042,LEXUS,2011,1.8,Hybrid,Automatic,49710,Hatchback,24775,CT 200h
7043,HYUNDAI,2013,1.6,Petrol,Automatic,50549,Sedan,25591,Elantra
7044,HYUNDAI,2013,1.6,Petrol,Tiptronic,49710,Hatchback,18817,Veloster
7045,HYUNDAI,2016,2.0,LPG,Automatic,183621,Sedan,15681,Sonata
7046,HYUNDAI,2013,1.8,Petrol,Automatic,87988,Sedan,6429,Elantra
7047,VAZ,1999,1.7,Petrol,Manual,621,Sedan,4391,2121 (Niva)
7048,TOYOTA,2012,2.5,Hybrid,Automatic,99033,Sedan,3136,Camry
7049,CHEVROLET,2016,1.6,Diesel,Automatic,79843,Jeep,23389,Orlando
7050,TOYOTA,2013,1.8,Hybrid,Variator,78293,Universal,24462,Prius
7051,CADILLAC,2016,2.5,Petrol,Automatic,50618,Sedan,5018,ATS
7052,OPEL,1999,1.2,Petrol,Manual,123031,Coupe,5018,Corsa
7053,NISSAN,2012,1.2,Petrol,Variator,74565,Hatchback,8154,Note
7054,CHEVROLET,2011,1.4,Petrol,Automatic,81400,Sedan,6899,Cruze
7055,OPEL,2000,1.6,Petrol,Manual,138566,Hatchback,7213,Astra
7056,TOYOTA,2012,2.5,Petrol,Automatic,124815,Sedan,4077,Camry
7057,LEXUS,2009,2.4,Hybrid,Tiptronic,164042,Sedan,17249,HS 250h
7058,MITSUBISHI,2003,2.0,Petrol,Automatic,111847,Jeep,12544,Pajero IO
7059,TOYOTA,2013,1.5,Petrol,Automatic,23550,Hatchback,28592,Aqua
7060,BMW,2012,4.4,Petrol,Tiptronic,115575,Jeep,36065,X5
7061,CHEVROLET,2012,2.4,Petrol,Automatic,60256,Sedan,12544,1500
7062,HYUNDAI,2011,2.0,Diesel,Automatic,72787,Jeep,24920,Santa FE
7063,CHEVROLET,2017,1.4,Petrol,Automatic,47954,Sedan,15681,Cruze
7064,NISSAN,2004,1.5,Petrol,Variator,69041,Hatchback,8154,Tiida
7065,MITSUBISHI,1998,2.4,Petrol,Automatic,621,Goods wagon,1650,Chariot
7066,OPEL,1999,1.8,Petrol,Manual,124274,Goods wagon,5959,Vectra
7067,TOYOTA,2012,1.5,Hybrid,Variator,99419,Hatchback,13642,Aqua
7068,KIA,2014,2.0,Petrol,Automatic,20004,Sedan,16621,Optima
7069,FORD,2013,2.0,Plug-in Hybrid,Variator,99419,Sedan,26030,Fusion
7070,TOYOTA,2007,1.5,Hybrid,Variator,76429,Hatchback,12858,Prius
7071,TOYOTA,2009,1.5,Hybrid,Automatic,79101,Sedan,12231,Prius 1.5I
7072,FORD,2015,2.0,Plug-in Hybrid,Tiptronic,73322,Sedan,20385,Fusion
7073,HONDA,2013,1.8,Petrol,Automatic,96601,Sedan,29762,Civic
7074,TOYOTA,2020,3.5,Petrol,Automatic,1037,Sedan,31675,Tacoma
7075,TOYOTA,2013,2.5,Petrol,Tiptronic,217728,Sedan,22580,Camry
7076,SSANGYONG,2017,1.6,Petrol,Automatic,46155,Jeep,35610,Actyon
7077,TOYOTA,2013,2.5,Hybrid,Automatic,39094,Sedan,31988,Camry
7078,HONDA,2014,1.5,Petrol,Automatic,32529,Hatchback,17023,FIT
7079,HYUNDAI,2012,2.0,Diesel,Automatic,42476,Jeep,36231,Santa FE
7080,MAZDA,2004,2.3,Petrol,Automatic,169013,Minivan,1700,MPV
7081,OPEL,1997,2.2,LPG,Manual,186411,Minivan,7840,Sintra
7082,TOYOTA,2014,1.5,Hybrid,Automatic,5372,Hatchback,36539,Aqua
7083,MERCEDES-BENZ,1999,2.3,CNG,Automatic,124274,Minivan,7527,Vito
7084,FORD,2013,2.0,Hybrid,Automatic,199183,Sedan,3763,Fusion
7085,HYUNDAI,2016,2.2,Diesel,Automatic,14426,Jeep,40769,Santa FE
7086,CHEVROLET,2018,1.4,Petrol,Automatic,873,Jeep,15367,Trax
7087,HYUNDAI,2016,2.0,LPG,Automatic,200263,Sedan,15681,Sonata
7088,HONDA,2015,1.5,Hybrid,Automatic,100298,Hatchback,12758,FIT
7089,HYUNDAI,2010,2.2,Diesel,Automatic,100440,Jeep,25512,Santa FE
7090,HYUNDAI,2015,2.0,LPG,Automatic,89180,Sedan,15060,Sonata
7091,TOYOTA,2015,1.8,Hybrid,Automatic,65117,Jeep,2038,Prius
7092,TOYOTA,2019,3.5,Petrol,Automatic,10900,Sedan,31047,Tacoma
7093,VOLKSWAGEN,2012,3.6,Petrol,Tiptronic,117071,Sedan,15053,Passat
7094,NISSAN,2014,3.5,Petrol,Automatic,111012,Jeep,2587,Pathfinder
7095,LEXUS,2012,3.5,Hybrid,Automatic,146653,Jeep,20698,RX 450
7096,TOYOTA,2012,1.5,Hybrid,Automatic,90099,Hatchback,9408,Aqua
7097,OPEL,2005,0.7,Petrol,Automatic,103769,Hatchback,4704,Astra suzuki mr wagon
7098,HYUNDAI,2014,2.0,Diesel,Automatic,40925,Jeep,42218,Tucson
7099,TOYOTA,2015,2.5,Petrol,Tiptronic,110604,Sedan,21639,Camry
7100,VOLKSWAGEN,2013,2.5,Petrol,Tiptronic,96934,Sedan,15681,Passat
7101,HYUNDAI,2018,2.0,Diesel,Automatic,25960,Jeep,59837,Santa FE
7102,BMW,2013,2.0,Petrol,Tiptronic,129245,Jeep,23521,X3
7103,BMW,2013,4.4,Petrol,Automatic,135781,Jeep,3763,X6
7104,TOYOTA,2019,2.5,Hybrid,Automatic,5981,Sedan,3450,Camry
7105,HYUNDAI,2016,2.0,Diesel,Automatic,116364,Jeep,35557,Tucson
7106,VOLKSWAGEN,1997,2.0,CNG,Manual,111852,Hatchback,5175,Golf
7107,HYUNDAI,2017,1.7,Diesel,Automatic,51735,Jeep,38229,Tucson
7108,CHEVROLET,2012,1.4,Plug-in Hybrid,Automatic,38525,Sedan,23521,Volt
7109,MITSUBISHI,1999,1.8,Petrol,Automatic,96313,Jeep,8467,Pajero IO
7110,MERCEDES-BENZ,2012,3.5,Diesel,Automatic,79661,Sedan,4861,E 350
7111,BMW,2014,2.0,Petrol,Automatic,29204,Sedan,23207,328
7112,TOYOTA,2007,1.5,Petrol,Automatic,179058,Sedan,10500,Prius
7113,HYUNDAI,2017,2.5,Diesel,Automatic,80679,Universal,41629,H1
7114,TOYOTA,2014,1.8,Hybrid,Tiptronic,55923,Sedan,15681,Prius
7115,TOYOTA,2007,2.2,Diesel,Manual,116818,Minivan,14113,Corolla
7116,MITSUBISHI,2003,3.8,Petrol,Tiptronic,193868,Jeep,18817,Pajero MONTERO
7117,NISSAN,2008,1.5,Petrol,Variator,870,Hatchback,8000,Tiida
7118,TOYOTA,2013,2.5,Hybrid,Automatic,38525,Sedan,31988,Camry
7119,TOYOTA,2004,2.5,Petrol,Tiptronic,85749,Sedan,10663,Mark X
7120,BMW,2003,3.0,CNG,Tiptronic,111189,Jeep,13485,X5
7121,HYUNDAI,2011,1.8,Petrol,Automatic,94755,Sedan,13485,Elantra
7122,MERCEDES-BENZ,2017,3.5,Petrol,Automatic,24739,Jeep,4077,GLE 350
7123,TOYOTA,2008,2.4,Hybrid,Automatic,146762,Sedan,16308,Camry
7124,HYUNDAI,2012,1.6,Petrol,Automatic,25650,Sedan,16778,Elantra
7125,TOYOTA,2008,1.5,Hybrid,Tiptronic,106938,Hatchback,12074,Prius
7126,TOYOTA,2016,2.5,Petrol,Automatic,32534,Sedan,26657,Camry SE
7127,CHEVROLET,2015,2.2,Diesel,Automatic,43496,Jeep,25440,Captiva
7128,MAZDA,2015,2.5,Petrol,Automatic,88732,Sedan,1176,1000
7129,VOLKSWAGEN,2012,2.0,Diesel,Tiptronic,58409,Sedan,17562,Jetta
7130,HYUNDAI,2014,2.5,Diesel,Automatic,75064,Minivan,37000,H1
7131,NISSAN,2003,2.5,Petrol,Automatic,72700,Sedan,5000,Skyline
7132,LEXUS,2010,3.5,Petrol,Automatic,122437,Jeep,6115,RX 350
7133,TOYOTA,2014,2.5,Petrol,Automatic,95264,Jeep,21953,RAV 4
7134,TOYOTA,2014,1.8,Hybrid,Tiptronic,69594,Sedan,18189,Prius C
7135,NISSAN,2005,1.5,Petrol,Variator,82021,Hatchback,7840,Tiida
7136,HYUNDAI,2017,2.0,Petrol,Tiptronic,13670,Sedan,16621,Elantra
7137,DAEWOO,2009,2.0,Diesel,Automatic,47003,Sedan,5959,Lacetti
7138,TOYOTA,2012,1.5,Hybrid,Automatic,95691,Hatchback,13172,Aqua
7139,HONDA,1997,2.0,Petrol,Automatic,142915,Jeep,5645,Cr-v
7140,HONDA,2010,1.3,Hybrid,Automatic,130959,Hatchback,2509,Insight
7141,LAND ROVER,2015,2.0,Petrol,Tiptronic,26377,Jeep,42337,Range Rover Evoque 2.0
7142,CHEVROLET,2007,2.0,Diesel,Automatic,35000,Jeep,7213,Captiva
7143,CHEVROLET,2012,1.6,Petrol,Automatic,30525,Hatchback,8938,Aveo
7144,HYUNDAI,2010,2.0,Petrol,Automatic,58325,Sedan,15035,Sonata
7145,TOYOTA,2013,2.5,Hybrid,Automatic,77617,Sedan,3763,Camry
7146,LEXUS,2008,3.5,Petrol,Tiptronic,101283,Jeep,15994,RX 350
7147,HYUNDAI,2014,2.0,LPG,Automatic,171422,Sedan,11604,Sonata
7148,VOLKSWAGEN,2015,1.4,Petrol,Tiptronic,43496,Sedan,18817,Jetta
7149,HYUNDAI,2010,2.0,Petrol,Automatic,64636,Coupe,19613,Genesis
7150,TOYOTA,2010,3.5,Petrol,Automatic,99419,Jeep,22266,RAV 4
7151,BMW,2009,2.0,Diesel,Manual,133595,Hatchback,1111,X1
7152,MERCEDES-BENZ,2011,3.5,Petrol,Tiptronic,6904,Jeep,22580,GLK 350
7153,HYUNDAI,2014,2.4,Hybrid,Automatic,45873,Sedan,16935,Sonata Limited
7154,MITSUBISHI,2006,2.5,Diesel,Manual,31069,Pickup,19444,L 200
7155,NISSAN,2013,1.2,Petrol,Variator,55923,Hatchback,10000,Note
7156,TOYOTA,2014,1.8,Petrol,Automatic,116321,Sedan,18033,Prius
7157,FORD,2014,3.7,Petrol,Automatic,103798,Sedan,5645,Mustang
7158,HONDA,2010,1.5,Petrol,Automatic,80157,Hatchback,11917,FIT
7159,HONDA,2018,1.5,Hybrid,Automatic,35921,Universal,31211,FIT
7160,TOYOTA,2008,1.5,Hybrid,Variator,93206,Hatchback,9095,Prius
7161,HYUNDAI,2010,1.6,Petrol,Automatic,73755,Sedan,11864,Elantra
7162,FORD,2010,1.8,Diesel,Manual,82021,Goods wagon,15681,Tourneo Connect
7163,VOLKSWAGEN,2012,2.5,Petrol,Tiptronic,68973,Sedan,9879,Passat
7164,VOLVO,1999,2.4,Petrol,Automatic,217480,Sedan,5802,S80
7165,HYUNDAI,2016,1.6,Diesel,Automatic,19948,Sedan,15681,Accent
7166,TOYOTA,2012,2.5,Hybrid,Automatic,97256,Sedan,3607,Camry
7167,FORD,2014,1.6,Petrol,Automatic,56622,Sedan,12544,Fiesta
7168,HYUNDAI,2018,2.0,Petrol,Automatic,47926,Sedan,49751,Sonata
7169,TOYOTA,2007,1.5,Hybrid,Tiptronic,89477,Sedan,13172,Prius
7170,HYUNDAI,2017,2.0,Petrol,Automatic,37720,Jeep,27598,Tucson Se
7171,TOYOTA,2018,1.8,Hybrid,Automatic,27411,Sedan,9408,Prius
7172,FORD,2001,2.0,Diesel,Manual,111225,Microbus,8467,Transit
7173,HYUNDAI,2009,2.0,Petrol,Automatic,113849,Coupe,11290,Genesis
7174,HYUNDAI,2012,2.4,Hybrid,Tiptronic,143164,Sedan,16308,Sonata
7175,MERCEDES-BENZ,2011,2.2,Diesel,Manual,161556,Goods wagon,25089,Sprinter 313CDI
7176,DODGE,2013,2.0,Petrol,Tiptronic,94448,Sedan,14740,Dart
7177,CHEVROLET,2011,1.8,Petrol,Automatic,48409,Sedan,9095,Cruze
7178,HYUNDAI,2014,1.8,Petrol,Automatic,61143,Sedan,17249,Elantra
7179,TOYOTA,2015,2.5,Hybrid,Automatic,83264,Sedan,40769,Camry XLEi
7180,KIA,2010,1.6,Petrol,Automatic,35334,Sedan,10506,SOUL
7181,TOYOTA,2015,1.5,Hybrid,Automatic,89400,Hatchback,9198,Aqua
7182,TOYOTA,2010,1.8,Hybrid,Automatic,78952,Hatchback,3293,Prius
7183,NISSAN,2005,3.5,CNG,Automatic,96437,Jeep,20385,Murano
7184,RENAULT,2015,1.5,Diesel,Tiptronic,34797,Jeep,29552,Captur QM3 Samsung
7185,TOYOTA,2013,2.5,Petrol,Automatic,32311,Jeep,24148,RAV 4
7186,KIA,2016,2.0,Petrol,Automatic,16985,Sedan,19287,Optima
7187,HYUNDAI,2016,2.0,Diesel,Automatic,80398,Jeep,41720,Santa FE
7188,FIAT,2013,1.4,Petrol,Tiptronic,65520,Jeep,17562,500L
7189,HYUNDAI,2014,2.0,Diesel,Automatic,37768,Jeep,23687,Tucson
7190,HYUNDAI,2010,1.6,Petrol,Automatic,64798,Sedan,15718,Elantra
7191,HYUNDAI,2013,2.4,Petrol,Tiptronic,66487,Sedan,18503,Sonata
7192,TOYOTA,2012,1.5,Hybrid,Variator,101905,Hatchback,15367,Prius C
7193,HYUNDAI,2014,1.6,Petrol,Automatic,70215,Sedan,25889,Elantra
7194,HYUNDAI,2011,2.4,Petrol,Tiptronic,74565,Sedan,16621,Sonata
7195,HYUNDAI,2014,2.0,Diesel,Automatic,74192,Jeep,34240,Tucson
7196,VOLKSWAGEN,2008,2.0,Diesel,Manual,135459,Goods wagon,13485,Caddy
7197,TOYOTA,2013,1.8,Hybrid,Automatic,93454,Sedan,20385,Prius
7198,HYUNDAI,2017,2.5,Diesel,Automatic,104791,Universal,37125,H1
7199,FORD,2014,2.0,Petrol,Automatic,26719,Sedan,13485,Focus
7200,HONDA,2014,1.8,Petrol,Automatic,47839,Sedan,30966,Civic
7201,HYUNDAI,2016,2.0,Petrol,Automatic,65865,Sedan,49751,Sonata
7202,TOYOTA,2013,1.5,Hybrid,Variator,114954,Hatchback,13172,Aqua
7203,OPEL,2000,1.6,Petrol,Manual,69041,Hatchback,6899,Astra
7204,BMW,2000,4.4,Petrol,Tiptronic,155343,Jeep,15053,X5
7205,HYUNDAI,2009,2.0,Petrol,Automatic,86649,Coupe,11290,Genesis
7206,OPEL,1998,1.6,Petrol,Manual,131109,Hatchback,5645,Astra
7207,TOYOTA,2012,2.4,Hybrid,Automatic,123280,Sedan,20698,Camry
7208,TOYOTA,2005,3.3,Petrol,Automatic,151790,Jeep,1254,Highlander
7209,CHEVROLET,2013,1.8,Petrol,Automatic,71044,Sedan,12432,Cruze
7210,NISSAN,2009,1.5,Petrol,Variator,65865,Hatchback,10976,Tiida
7211,HYUNDAI,2010,2.0,Diesel,Automatic,58490,Jeep,25889,Tucson
7212,TOYOTA,2014,2.5,Petrol,Automatic,34679,Sedan,3136,Camry
7213,HYUNDAI,2009,2.5,Diesel,Automatic,53238,Minivan,10945,H1
7214,LEXUS,2010,4.6,Petrol,Tiptronic,136702,Jeep,51746,GX 460
7215,VOLKSWAGEN,2012,2.0,Petrol,Tiptronic,60894,Jeep,25089,Tiguan
7216,CHEVROLET,2017,2.0,Petrol,Automatic,17393,Jeep,14113,Orlando
7217,CHEVROLET,2009,2.0,Diesel,Automatic,31988,Jeep,6583,Captiva
7218,CHRYSLER,2011,3.6,Petrol,Tiptronic,80778,Sedan,22580,300 LIMITED
7219,BMW,2014,3.0,Petrol,Tiptronic,32973,Sedan,51746,535 I
7220,HYUNDAI,2014,1.6,Diesel,Automatic,129737,Hatchback,18211,I30
7221,DODGE,2009,2.0,Petrol,Automatic,149129,Sedan,8311,Caliber
7222,LEXUS,2013,4.6,Petrol,Automatic,125921,Jeep,54568,GX 470
7223,TOYOTA,2012,3.5,Hybrid,Automatic,127536,Jeep,29479,Highlander
7224,TOYOTA,2006,1.5,Hybrid,Variator,104390,Hatchback,10976,Prius
7225,HYUNDAI,2015,2.0,LPG,Automatic,213159,Sedan,10663,Sonata
7226,NISSAN,2013,1.6,Petrol,Automatic,95622,Jeep,3293,Juke
7227,HYUNDAI,2014,2.4,Petrol,Tiptronic,43496,Jeep,26030,Tucson
7228,OPEL,1998,1.6,CNG,Manual,159071,Universal,6899,Astra
7229,VOLKSWAGEN,2007,2.0,Petrol,Automatic,122751,Sedan,14113,Passat 2.0 tfsi
7230,HYUNDAI,2013,1.8,Petrol,Automatic,81796,Sedan,15681,Elantra
7231,NISSAN,2005,2.4,Petrol,Automatic,46230,Sedan,7840,Teana
7232,HYUNDAI,2013,2.0,LPG,Tiptronic,70215,Sedan,15681,Sonata
7233,BMW,2015,3.0,Petrol,Tiptronic,88856,Jeep,59586,X5
7234,TOYOTA,2018,2.5,Hybrid,Automatic,169498,Sedan,6586,Camry
7235,TOYOTA,2013,1.8,Hybrid,Automatic,76429,Sedan,21482,Prius
7236,TOYOTA,2010,1.8,Hybrid,Automatic,74565,Hatchback,16621,Prius
7237,TOYOTA,2013,1.5,Hybrid,Automatic,47846,Hatchback,10349,Aqua
7238,OPEL,1998,1.6,Petrol,Manual,6904,Sedan,4704,Astra
7239,HYUNDAI,2015,2.0,LPG,Automatic,176216,Sedan,14909,Sonata
7240,OPEL,1997,1.6,Petrol,Manual,69041,Goods wagon,3763,Vectra
7241,TOYOTA,2012,2.5,Petrol,Tiptronic,7643,Sedan,21326,Camry
7242,HYUNDAI,2012,1.6,Petrol,Automatic,66114,Sedan,20266,Elantra
7243,SSANGYONG,2016,2.2,Diesel,Automatic,34492,Jeep,57108,REXTON
7244,HYUNDAI,2013,2.4,Hybrid,Automatic,78721,Sedan,2744,Sonata
7245,MITSUBISHI,2000,3.5,CNG,Tiptronic,13857,Jeep,10036,Montero
7246,CHEVROLET,2007,2.0,Diesel,Automatic,33956,Jeep,5018,Captiva
7247,CHEVROLET,2016,1.0,Petrol,Automatic,20811,Sedan,11604,Spark
7248,AUDI,2017,4.0,Petrol,Automatic,21427,Sedan,6429,RS6
7249,BMW,2014,3.0,Diesel,Automatic,68795,Jeep,16621,X5
7250,HYUNDAI,2010,2.0,Diesel,Automatic,93081,Jeep,17634,Tucson
7251,VOLKSWAGEN,2015,1.8,Petrol,Automatic,37072,Sedan,17562,Jetta SPORT
7252,HYUNDAI,2012,1.6,Diesel,Automatic,39867,Hatchback,9252,Accent
7253,LAND ROVER,1999,1.8,Petrol,Manual,126760,Jeep,5331,Freelander
7254,RENAULT,2005,1.6,Petrol,Manual,69041,Goods wagon,8467,Megane
7255,BMW,2011,2.0,Petrol,Tiptronic,124274,Sedan,28225,528
7256,HYUNDAI,2009,1.6,Petrol,Automatic,61584,Sedan,13771,Elantra
7257,LEXUS,2012,1.8,Hybrid,Automatic,108184,Hatchback,1490,CT 200h
7258,NISSAN,2006,1.5,Petrol,Variator,142915,Hatchback,7213,Tiida
7259,KIA,2012,2.4,Petrol,Tiptronic,57663,Sedan,17876,Forte
7260,VOLKSWAGEN,1997,1.6,Petrol,Automatic,131731,Hatchback,2979,Polo
7261,TOYOTA,2004,1.5,Petrol,Automatic,93206,Universal,6899,Fun Cargo
7262,TOYOTA,2012,2.5,Petrol,Tiptronic,6214,Sedan,20385,Camry
7263,HYUNDAI,2016,2.0,Diesel,Automatic,111847,Jeep,38445,Santa FE
7264,MINI,2013,1.6,Petrol,Automatic,86992,Jeep,26030,Countryman
7265,TOYOTA,2015,3.5,Hybrid,Automatic,45953,Jeep,5018,Highlander
7266,FORD,2013,3.5,Petrol,Automatic,66241,Jeep,43360,Explorer
7267,MERCEDES-BENZ,2014,2.2,Diesel,Tiptronic,86992,Minivan,43278,Vito
7268,CHEVROLET,2016,2.0,Diesel,Automatic,39031,Jeep,45044,Captiva
7269,HONDA,2017,1.5,Petrol,Automatic,15534,Hatchback,24775,FIT
7270,HYUNDAI,2018,2.5,Diesel,Automatic,44545,Universal,46919,H1
7271,HYUNDAI,2011,1.6,Petrol,Automatic,109663,Sedan,19707,Elantra
7272,MERCEDES-BENZ,2016,3.0,Petrol,Automatic,30757,Jeep,19130,GLE 350
7273,TOYOTA,2015,2.5,Hybrid,Tiptronic,76552,Sedan,33556,Camry
7274,HYUNDAI,2014,1.8,Petrol,Tiptronic,119303,Sedan,18503,Elantra
7275,HYUNDAI,2013,2.0,Diesel,Automatic,80890,Jeep,42692,Santa FE
7276,HONDA,2015,1.8,Petrol,Automatic,39070,Coupe,44849,Civic
7277,BMW,1997,1.8,Petrol,Automatic,152236,Sedan,6586,3.18E+38
7278,NISSAN,2013,3.5,CNG,Automatic,27962,Minivan,34497,Quest
7279,CHEVROLET,2016,2.0,Diesel,Automatic,44069,Jeep,41055,Captiva
7280,TOYOTA,2013,1.8,Hybrid,Automatic,108077,Hatchback,1019,Prius
7281,NISSAN,2010,1.8,Petrol,Automatic,621,Hatchback,8154,Versa
7282,BMW,2012,3.0,Petrol,Automatic,51568,Sedan,23521,335
7283,HYUNDAI,2013,2.0,Diesel,Automatic,25602,Jeep,25873,Santa FE
7284,TOYOTA,2009,1.8,Hybrid,Variator,115326,Hatchback,17249,Prius
7285,HYUNDAI,2011,1.6,Petrol,Automatic,74926,Sedan,19416,Elantra
7286,CHEVROLET,2012,2.0,Petrol,Automatic,37332,Sedan,22567,Malibu
7287,TOYOTA,2018,2.0,Petrol,Automatic,24055,Jeep,10349,CHR
7288,BMW,2012,3.0,Petrol,Tiptronic,80778,Jeep,22580,X3
7289,SSANGYONG,2011,2.0,Diesel,Automatic,118395,Jeep,15850,Korando
7290,LEXUS,2009,4.6,Petrol,Automatic,116983,Sedan,31245,LS 460
7291,HYUNDAI,2011,2.5,Diesel,Automatic,138320,Universal,18500,H1
7292,SUBARU,2006,2.0,Petrol,Tiptronic,160065,Jeep,11604,Forester
7293,TOYOTA,2012,1.8,Hybrid,Automatic,111847,Sedan,20385,Prius
7294,TOYOTA,2019,2.5,Hybrid,Automatic,5981,Sedan,3450,Camry
7295,HYUNDAI,2017,2.0,Petrol,Automatic,19276,Sedan,45204,Elantra
7296,HYUNDAI,2013,3.0,Petrol,Automatic,34282,Sedan,22894,Grandeur
7297,KIA,2018,2.4,Petrol,Automatic,32752,Sedan,1333,Optima
7298,HONDA,2019,2.0,Petrol,Automatic,5042,Sedan,59827,Civic
7299,MERCEDES-BENZ,2010,3.5,Diesel,Automatic,159639,Sedan,8938,E 350
7300,HONDA,2004,1.3,Petrol,Automatic,93206,Hatchback,7527,FIT
7301,BMW,2007,3.0,Petrol,Tiptronic,142915,Sedan,18189,528
7302,HYUNDAI,2017,2.4,Petrol,Automatic,63733,Sedan,26657,Sonata 2.4L
7303,CHEVROLET,2016,3.6,Petrol,Automatic,74997,Sedan,1333,Impala
7304,LEXUS,2012,2.0,Hybrid,Automatic,114332,Hatchback,18826,CT 200h
7305,MITSUBISHI,2019,2.4,Petrol,Tiptronic,1491,Jeep,31047,Outlander Sport
7306,HONDA,2011,1.3,Petrol,Automatic,59030,Hatchback,5802,FIT
7307,HYUNDAI,2016,2.0,LPG,Automatic,202032,Sedan,11290,Sonata
7308,LEXUS,2013,2.5,Hybrid,Automatic,94697,Sedan,6115,ES 300
7309,NISSAN,2006,1.5,Petrol,Variator,180198,Hatchback,5331,Tiida
7310,SUBARU,2008,2.5,Petrol,Tiptronic,177643,Jeep,16308,Forester
7311,TOYOTA,2010,2.5,Petrol,Automatic,52817,Sedan,19444,Camry
7312,HYUNDAI,2011,2.4,Petrol,Automatic,136205,Hatchback,12544,Sonata
7313,CHEVROLET,2009,1.6,Petrol,Manual,18641,Sedan,12858,Cruze
7314,CHEVROLET,2015,1.6,Petrol,Automatic,30261,Sedan,19657,Aveo
7315,HYUNDAI,2011,1.8,Petrol,Automatic,191694,Jeep,2195,Elantra
7316,MERCEDES-BENZ,2016,3.5,Diesel,Automatic,47973,Sedan,1568,E 350
7317,TOYOTA,2007,2.4,CNG,Automatic,167770,Minivan,11917,Ipsum
7318,LAND ROVER,2012,2.0,Petrol,Tiptronic,55675,Jeep,50178,Range Rover Evoque
7319,HYUNDAI,2011,2.0,Diesel,Automatic,74064,Jeep,18481,Tucson
7320,LEXUS,2015,2.5,Hybrid,Automatic,67322,Jeep,25089,NX 300
7321,HYUNDAI,2014,2.4,Hybrid,Tiptronic,60894,Sedan,25089,Sonata
7322,TOYOTA,2014,1.5,Hybrid,Variator,39768,Hatchback,17249,Prius C
7323,BMW,2009,3.0,Diesel,Tiptronic,77050,Jeep,39201,X5
7324,TOYOTA,2014,1.8,Hybrid,Automatic,86948,Hatchback,18817,Prius
7325,CHEVROLET,2008,2.0,Diesel,Automatic,38051,Jeep,9377,Captiva
7326,RENAULT,2004,1.8,Petrol,Manual,11592,Universal,7213,Laguna
7327,HYUNDAI,2013,3.8,Petrol,Automatic,58914,Coupe,41883,Genesis
7328,TOYOTA,2011,2.4,Hybrid,Automatic,108740,Sedan,24462,Camry
7329,FORD,2004,2.0,Diesel,Manual,89477,Goods wagon,15681,Transit
7330,TOYOTA,2002,1.5,Hybrid,Automatic,114332,Sedan,7840,Prius
7331,HYUNDAI,2013,1.8,Petrol,Tiptronic,69594,Sedan,20385,Elantra
7332,NISSAN,2012,1.6,Petrol,Tiptronic,59030,Jeep,19130,Juke
7333,TOYOTA,2001,2.0,Petrol,Automatic,207123,Jeep,10036,RAV 4
7334,FORD,2015,3.7,Petrol,Tiptronic,79535,Coupe,39201,Mustang
7335,HYUNDAI,2013,2.2,Diesel,Automatic,86210,Jeep,46919,Santa FE
7336,NISSAN,2006,1.5,Petrol,Automatic,77050,Sedan,9095,LATIO
7337,LEXUS,2010,4.6,Hybrid,Automatic,84587,Sedan,58971,LS 460
7338,BMW,2002,3.0,Petrol,Manual,116196,Cabriolet,14113,330
7339,HYUNDAI,2011,2.0,LPG,Automatic,51144,Sedan,7683,Sonata
7340,SSANGYONG,2010,2.7,Diesel,Automatic,112468,Jeep,19089,REXTON
7341,HYUNDAI,2012,2.0,Diesel,Automatic,92924,Jeep,27356,Tucson
7342,SSANGYONG,2016,1.6,Diesel,Automatic,37904,Jeep,40362,Actyon
7343,HYUNDAI,2016,2.5,Diesel,Automatic,47987,Minivan,35570,H1
7344,VOLKSWAGEN,2009,2.0,Petrol,Manual,98798,Sedan,14426,CC
7345,KIA,2013,2.4,Petrol,Tiptronic,48467,Sedan,18817,Optima
7346,MITSUBISHI,2005,1.5,Petrol,Variator,173984,Hatchback,5959,Colt
7347,KIA,2012,2.4,Petrol,Automatic,76137,Sedan,13485,Optima
7348,HYUNDAI,2016,2.0,LPG,Automatic,141072,Sedan,16308,Sonata
7349,HYUNDAI,2011,2.5,Diesel,Automatic,28573,Minivan,16778,H1
7350,VOLKSWAGEN,2011,2.0,Petrol,Manual,117439,Sedan,19757,CC sport
7351,DAEWOO,2009,2.0,Petrol,Automatic,12427,Sedan,8624,Lacetti
7352,TOYOTA,2017,2.5,Petrol,Automatic,17125,Sedan,14269,Camry
7353,MERCEDES-BENZ,2013,3.5,Diesel,Automatic,66984,Sedan,5802,E 350
7354,TOYOTA,2001,1.5,Petrol,Automatic,96313,Hatchback,7527,Vitz
7355,CHEVROLET,2014,2.0,Diesel,Automatic,99069,Sedan,22567,Malibu
7356,HYUNDAI,2011,1.6,Petrol,Automatic,80157,Sedan,20005,Elantra
7357,NISSAN,2003,3.0,Petrol,Tiptronic,103148,Sedan,6617,Skyline
7358,TOYOTA,2008,1.5,Hybrid,Automatic,134216,Hatchback,11604,Prius
7359,HYUNDAI,2016,2.0,Petrol,Automatic,50519,Sedan,17405,Elantra SE
7360,BMW,2012,3.0,Diesel,Automatic,44114,Jeep,34811,X5
7361,CHEVROLET,2014,1.0,LPG,Automatic,109219,Hatchback,8963,Spark
7362,NISSAN,2005,1.5,Petrol,Automatic,67108,Hatchback,7840,Note
7363,FORD,2009,2.5,Hybrid,Automatic,61516,Jeep,15681,Escape
7364,GMC,2019,1.5,Petrol,Automatic,5855,Sedan,3450,TERRAIN
7365,TOYOTA,2013,2.5,Petrol,Tiptronic,4909,Sedan,19130,Camry
7366,MERCEDES-BENZ,2011,3.0,Petrol,Automatic,188948,Sedan,2038,C 300
7367,HYUNDAI,2016,2.5,Diesel,Automatic,113600,Universal,39201,H1
7368,TOYOTA,2013,1.5,Hybrid,Automatic,80157,Hatchback,10349,Aqua
7369,CHEVROLET,2016,2.0,Petrol,Automatic,18752,Jeep,20228,Orlando
7370,CHEVROLET,2012,1.6,Petrol,Automatic,46094,Hatchback,8154,Aveo
7371,HYUNDAI,2015,2.0,LPG,Automatic,225445,Sedan,9722,Sonata
7372,TOYOTA,2012,1.8,Hybrid,Variator,114332,Sedan,19757,Prius
7373,HYUNDAI,2016,2.0,LPG,Automatic,149485,Sedan,19914,Sonata
7374,FORD,2006,2.0,Diesel,Manual,173984,Universal,6586,Focus
7375,SSANGYONG,2017,1.6,Petrol,Automatic,29488,Jeep,43576,Actyon
7376,MERCEDES-BENZ,2002,2.2,Diesel,Manual,155414,Sedan,13172,E 220
7377,CHEVROLET,2009,2.0,Diesel,Automatic,39699,Jeep,9722,Captiva
7378,BMW,2001,2.5,CNG,Tiptronic,186411,Sedan,7213,525
7379,FORD,2014,3.5,Petrol,Automatic,30888,Jeep,62057,Explorer
7380,TOYOTA,2011,2.4,Hybrid,Tiptronic,64623,Sedan,16308,Prius
7381,MERCEDES-BENZ,2004,3.7,Petrol,Tiptronic,164663,Jeep,16590,ML 350 370
7382,TOYOTA,2020,3.5,Petrol,Automatic,1037,Sedan,31675,Tacoma
7383,SUBARU,2015,2.5,Petrol,Automatic,50367,Jeep,10663,Forester
7384,PEUGEOT,1996,1.8,Petrol,Manual,175848,Sedan,2200,406
7385,MERCEDES-BENZ,2001,1.9,Petrol,Automatic,91342,Hatchback,5488,A 190
7386,FORD,2014,2.0,Plug-in Hybrid,Automatic,86992,Sedan,29793,Fusion
7387,TOYOTA,2012,2.5,Hybrid,Automatic,85852,Sedan,23521,Camry
7388,KIA,2011,2.4,Hybrid,Automatic,54681,Sedan,13485,Optima HYBRID
7389,MERCEDES-BENZ,2000,3.2,Petrol,Tiptronic,15534,Sedan,7200,E 320
7390,MERCEDES-BENZ,2013,1.8,Petrol,Automatic,75628,Sedan,23521,C 250
7391,KIA,2007,2.0,Petrol,Automatic,31854,Jeep,5645,Sportage
7392,JEEP,2001,4.0,CNG,Automatic,37282,Jeep,10000,Grand Cherokee
7393,FORD,2009,1.8,Diesel,Manual,12714,Goods wagon,12544,Transit Connect
7394,CHEVROLET,2014,1.4,Petrol,Automatic,65287,Sedan,12544,Cruze
7395,HYUNDAI,2014,2.2,Diesel,Automatic,32252,Jeep,33378,Santa FE
7396,LEXUS,2010,4.6,Petrol,Automatic,221982,Jeep,40142,GX 470
7397,MITSUBISHI,2011,2.5,Diesel,Manual,118060,Pickup,32929,L 200
7398,TOYOTA,2014,1.8,Hybrid,Variator,86495,Hatchback,24148,Prius
7399,SSANGYONG,2010,2.0,Diesel,Automatic,77671,Sedan,14636,Actyon
7400,BMW,2009,3.0,Petrol,Tiptronic,74565,Sedan,19444,328
7401,CHEVROLET,2011,1.4,Hybrid,Automatic,179438,Hatchback,2666,Volt
7402,SSANGYONG,2013,2.0,Diesel,Automatic,32280,Jeep,45633,REXTON
7403,HYUNDAI,2015,2.0,Diesel,Automatic,80778,Jeep,39559,Santa FE
7404,MERCEDES-BENZ,2015,2.0,Petrol,Tiptronic,29826,Jeep,37633,GLA 250
7405,TOYOTA,2012,3.5,Hybrid,Automatic,225594,Jeep,1490,Highlander
7406,HYUNDAI,2014,2.0,Diesel,Automatic,49566,Jeep,49858,Santa FE
7407,TOYOTA,2010,1.8,Hybrid,Automatic,160879,Hatchback,1803,Prius
7408,DAEWOO,2010,1.8,Petrol,Automatic,102194,Sedan,8006,Lacetti
7409,MERCEDES-BENZ,1999,2.0,Diesel,Manual,195732,Sedan,6586,200
7410,BMW,2014,3.0,Petrol,Tiptronic,43496,Jeep,56450,X5
7411,VOLKSWAGEN,2000,1.6,Petrol,Manual,122625,Sedan,5331,Vento
7412,BMW,2018,2.0,Petrol,Tiptronic,21748,Jeep,62719,X1
7413,TOYOTA,2015,1.8,Hybrid,Tiptronic,62137,Sedan,19757,Prius
7414,TOYOTA,2008,1.5,Hybrid,Automatic,130488,Hatchback,15681,Prius 11
7415,BMW,2011,3.0,Petrol,Tiptronic,102526,Sedan,32929,535
7416,HYUNDAI,2015,1.6,Diesel,Automatic,118749,Sedan,14454,Accent
7417,TOYOTA,2015,1.5,Petrol,Automatic,41632,Hatchback,19823,Aqua
7418,HYUNDAI,2016,1.6,Petrol,Automatic,35418,Sedan,26770,Elantra
7419,CHEVROLET,2016,2.5,Petrol,Automatic,30892,Sedan,54405,Impala
7420,FORD,2002,2.4,Diesel,Manual,155343,Microbus,12700,Transit
7421,MERCEDES-BENZ,2014,3.5,Diesel,Automatic,90966,Sedan,1882,E 350
7422,NISSAN,2006,2.5,Diesel,Manual,13049,Jeep,28852,Pathfinder
7423,LEXUS,2011,1.8,Hybrid,Automatic,118060,Hatchback,21953,CT 200h
7424,NISSAN,2014,3.7,Petrol,Automatic,50143,Coupe,11133,370Z
7425,OPEL,2006,1.4,Petrol,Manual,85749,Hatchback,12544,Astra
7426,FORD,2012,2.0,Petrol,Automatic,40389,Jeep,42965,Explorer Turbo japan
7427,MERCEDES-BENZ,2014,1.6,Diesel,Tiptronic,127381,Sedan,53314,C 200
7428,BMW,1999,2.0,Diesel,Manual,217480,Sedan,7840,320
7429,FORD,2013,2.0,Hybrid,Automatic,81455,Sedan,20500,Fusion Bybrid
7430,LEXUS,2014,4.6,Petrol,Automatic,44514,Jeep,1646,GX 470
7431,HONDA,2006,2.4,LPG,Tiptronic,136702,Minivan,11604,Elysion
7432,VAZ,2018,1.6,Petrol,Tiptronic,21748,Sedan,15681,Vesta
7433,TOYOTA,2012,1.8,Petrol,Tiptronic,24233,Sedan,19500,Prius
7434,FORD,2014,2.0,Petrol,Automatic,54059,Sedan,12544,Focus
7435,TOYOTA,2012,2.5,Hybrid,Automatic,99033,Sedan,3136,Camry
7436,HYUNDAI,2013,1.6,Petrol,Automatic,68351,Sedan,19707,Elantra
7437,CHEVROLET,2016,2.0,Diesel,Automatic,92809,Jeep,34240,Captiva
7438,HYUNDAI,2013,2.0,Petrol,Tiptronic,66487,Sedan,15400,Sonata
7439,AUDI,2008,2.0,Petrol,Tiptronic,140430,Sedan,10976,A4
7440,NISSAN,2007,2.5,Petrol,Tiptronic,746,Sedan,10000,Skyline
7441,TOYOTA,2012,1.5,Petrol,Automatic,55737,Hatchback,17562,Prius C
7442,HYUNDAI,2016,2.0,LPG,Automatic,173994,Sedan,15681,Sonata
7443,HYUNDAI,2019,1.6,Petrol,Automatic,5429,Sedan,47377,Elantra
7444,NISSAN,2004,2.4,CNG,Automatic,93206,Minivan,5645,March
7445,KIA,2007,2.0,Diesel,Automatic,58140,Jeep,7213,Sportage
7446,CHEVROLET,2011,1.4,Plug-in Hybrid,Automatic,65858,Hatchback,16621,Volt
7447,CHEVROLET,2009,1.8,Petrol,Automatic,96954,Sedan,5802,Cruze
7448,TOYOTA,2008,1.5,Hybrid,Automatic,127381,Hatchback,9095,Prius
7449,HONDA,2005,3.0,LPG,Tiptronic,9631,Sedan,7840,Inspire
7450,HYUNDAI,2012,1.6,Petrol,Automatic,74313,Sedan,13495,Elantra
7451,HYUNDAI,2012,2.5,Diesel,Automatic,128134,Universal,24571,H1
7452,CHEVROLET,2015,2.0,LPG,Automatic,123553,Jeep,20814,Orlando
7453,CHEVROLET,2016,1.4,Petrol,Automatic,18240,Sedan,15524,Cruze LT
7454,MERCEDES-BENZ,2010,3.5,Petrol,Automatic,127983,Sedan,1646,E 350
7455,HYUNDAI,2010,2.0,Diesel,Automatic,124412,Jeep,15496,Santa FE
7456,FORD,2014,2.2,Diesel,Manual,83885,Microbus,51746,Transit
7457,BMW,1999,2.5,Petrol,Tiptronic,90720,Sedan,9700,525
7458,TOYOTA,2009,3.3,Hybrid,Automatic,156137,Jeep,7997,Highlander
7459,CHEVROLET,2016,1.6,Petrol,Automatic,37782,Hatchback,24283,Aveo
7460,BMW,1998,1.8,Petrol,Automatic,159598,Sedan,5331,318
7461,LEXUS,2013,3.5,Hybrid,Automatic,101290,Jeep,3607,RX 450
7462,HYUNDAI,2015,1.6,Diesel,Automatic,61724,Sedan,17054,Elantra
7463,TOYOTA,2010,1.8,Hybrid,Automatic,160879,Hatchback,1803,Prius
7464,VOLKSWAGEN,2004,1.4,Petrol,Automatic,110255,Coupe,5959,Lupo iaponuri
7465,HYUNDAI,2016,1.7,Diesel,Automatic,105633,Jeep,29169,Tucson
7466,HONDA,2010,1.3,Hybrid,Tiptronic,62137,Sedan,13799,Insight
7467,BMW,2008,2.0,Diesel,Manual,116818,Hatchback,20228,"118 2,0"
7468,TOYOTA,2016,2.5,Petrol,Automatic,26185,Sedan,32929,Camry
7469,SSANGYONG,2011,2.0,Diesel,Automatic,139275,Jeep,18092,REXTON
7470,HONDA,2012,1.3,Hybrid,Automatic,78293,Hatchback,12231,FIT
7471,TOYOTA,2005,1.5,Hybrid,Automatic,69041,Sedan,14113,Prius
7472,FORD,2011,2.5,Hybrid,Automatic,104991,Jeep,3607,Escape
7473,CHRYSLER,2002,2.0,Petrol,Manual,124274,Sedan,6272,PT Cruiser
7474,SSANGYONG,2019,1.6,Diesel,Automatic,35961,Jeep,43868,Actyon
7475,FORD,2016,2.0,Plug-in Hybrid,Tiptronic,36785,Sedan,38574,Fusion
7476,RENAULT,2011,1.5,Diesel,Manual,186411,Universal,17876,Megane
7477,MAZDA,2003,1.4,CNG,Manual,114954,Hatchback,7213,Demio evropuli
7478,TOYOTA,2010,3.3,Hybrid,Automatic,140553,Sedan,1725,Highlander
7479,MERCEDES-BENZ,2009,3.5,Diesel,Automatic,165323,Sedan,1411,E 350
7480,OPEL,1997,1.6,CNG,Manual,81400,Hatchback,3500,Astra
7481,OPEL,2000,2.5,LPG,Tiptronic,6904,Sedan,8467,Astra
7482,MITSUBISHI,2015,2.0,Petrol,Tiptronic,40418,Jeep,27598,Outlander
7483,FORD,2011,2.2,Diesel,Manual,99419,Microbus,17249,Transit
7484,BMW,2008,3.0,Petrol,Automatic,129245,Jeep,29793,X5
7485,TOYOTA,2010,2.5,Petrol,Tiptronic,98798,Sedan,17249,Camry
7486,BMW,2012,2.0,Petrol,Tiptronic,74665,Sedan,36065,528
7487,HYUNDAI,2014,2.0,Diesel,Automatic,28148,Jeep,30367,Santa FE
7488,HONDA,2011,3.5,Petrol,Automatic,126907,Sedan,3763,Odyssey
7489,HYUNDAI,2011,2.5,Diesel,Automatic,45117,Minivan,21297,H1
7490,HYUNDAI,2016,2.5,Diesel,Automatic,79334,Minivan,39593,H1
7491,MERCEDES-BENZ,2011,3.5,Diesel,Automatic,105900,Coupe,15994,E 350
7492,BMW,2009,3.0,Diesel,Automatic,142825,Jeep,1803,X5
7493,HYUNDAI,2015,2.5,Diesel,Automatic,32529,Minivan,23518,H1
7494,BMW,2011,3.0,Diesel,Automatic,129055,Jeep,10036,X5
7495,HYUNDAI,2011,1.6,Petrol,Automatic,80157,Sedan,20005,Elantra
7496,TOYOTA,2012,1.8,Hybrid,Automatic,201158,Hatchback,8938,Prius
7497,HYUNDAI,2009,2.0,Petrol,Automatic,66067,Coupe,14229,Genesis
7498,NISSAN,2012,1.6,Petrol,Automatic,104021,Jeep,8781,Juke
7499,HYUNDAI,2010,2.0,Petrol,Automatic,91150,Coupe,15289,Genesis
7500,VOLKSWAGEN,2005,4.2,CNG,Tiptronic,161556,Jeep,13485,Touareg
7501,HYUNDAI,2017,2.0,Diesel,Automatic,41222,Jeep,50030,Santa FE
7502,TOYOTA,2011,1.8,Hybrid,Automatic,90099,Hatchback,17249,Prius
7503,MERCEDES-BENZ,2012,3.0,Diesel,Automatic,106392,Sedan,9565,E 350
7504,TOYOTA,2015,1.8,Hybrid,Automatic,41756,Sedan,21953,Prius
7505,HYUNDAI,2012,2.0,LPG,Automatic,44315,Sedan,8311,Sonata
7506,SUBARU,2005,2.0,Petrol,Automatic,125517,Sedan,3850,Legacy
7507,CHEVROLET,2005,1.5,Petrol,Automatic,62137,Hatchback,7213,Cruze
7508,HYUNDAI,2015,1.8,Petrol,Automatic,52134,Sedan,10976,Elantra
7509,VOLKSWAGEN,2017,1.8,Petrol,Automatic,24233,Sedan,21953,Passat
7510,HYUNDAI,2012,1.8,Petrol,Automatic,98226,Sedan,6586,Elantra
7511,LAND ROVER,2016,3.0,Diesel,Automatic,52264,Jeep,17876,Range Rover
7512,FORD,2018,2.7,Petrol,Automatic,1735,Sedan,7840,F150
7513,BMW,2013,3.0,Petrol,Automatic,111463,Jeep,7370,X6
7514,SSANGYONG,2013,2.0,Diesel,Automatic,105028,Jeep,29075,REXTON
7515,HYUNDAI,2017,2.0,Diesel,Automatic,49633,Jeep,43880,Tucson
7516,SSANGYONG,2011,2.0,Diesel,Automatic,67787,Jeep,31659,REXTON
7517,HONDA,2013,1.5,Hybrid,Automatic,90019,Sedan,8311,Civic
7518,FORD,2011,1.3,Petrol,Manual,91963,Microbus,11917,Transit
7519,HYUNDAI,2014,2.0,Diesel,Automatic,143686,Jeep,28909,Santa FE
7520,NISSAN,2018,1.8,Petrol,Automatic,41801,Sedan,2430,Sentra
7521,MAZDA,2005,3.0,Petrol,Automatic,12427,Minivan,8467,MPV
7522,LEXUS,2010,4.6,Petrol,Automatic,171026,Jeep,15681,GX 460
7523,CHEVROLET,2011,1.8,Diesel,Automatic,150228,Sedan,10697,Cruze
7524,TOYOTA,2012,4.0,Petrol,Automatic,227304,Sedan,27911,Tacoma
7525,HONDA,2011,2.4,Petrol,Automatic,69953,Jeep,19444,Cr-v
7526,TOYOTA,2013,1.5,Petrol,Automatic,43745,Sedan,19883,Aqua
7527,TOYOTA,2016,2.4,Diesel,Manual,85998,Pickup,31361,Hilux
7528,FORD,2015,2.0,Hybrid,Automatic,55175,Sedan,2587,Fusion
7529,OPEL,2009,1.9,Diesel,Manual,121789,Sedan,9722,Astra H
7530,SUBARU,2014,2.0,Petrol,Automatic,101699,Jeep,13015,XV
7531,MAZDA,2003,1.4,CNG,Manual,114954,Hatchback,7213,Demio evropuli
7532,TOYOTA,2013,2.5,Petrol,Automatic,120521,Jeep,5018,RAV 4
7533,TOYOTA,2009,1.5,Hybrid,Automatic,88499,Sedan,1882,Prius
7534,OPEL,2000,1.6,CNG,Manual,124274,Goods wagon,7213,Astra
7535,CHEVROLET,2011,1.4,Petrol,Tiptronic,57788,Sedan,15681,Cruze
7536,CHEVROLET,2016,1.6,Diesel,Automatic,54038,Jeep,26096,Orlando
7537,LEXUS,2010,4.6,Petrol,Automatic,162036,Jeep,46728,GX 460
7538,VOLKSWAGEN,2000,1.8,Petrol,Automatic,118060,Hatchback,4391,Golf 1.8
7539,MITSUBISHI,2011,2.0,Petrol,Automatic,68599,Jeep,11604,Outlander
7540,SUBARU,1998,1.6,Petrol,Manual,173984,Hatchback,5500,Impreza
7541,CHEVROLET,2009,1.6,Petrol,Automatic,86172,Sedan,10669,Lacetti
7542,TOYOTA,2010,1.8,Hybrid,Automatic,95691,Hatchback,18817,Prius
7543,HYUNDAI,2012,1.6,Petrol,Tiptronic,86371,Sedan,15681,Accent
7544,NISSAN,2006,1.5,Petrol,Variator,124274,Hatchback,7370,Tiida
7545,MERCEDES-BENZ,2012,3.5,Petrol,Tiptronic,39768,Sedan,34497,E 350
7546,HYUNDAI,2016,2.0,Petrol,Tiptronic,48245,Sedan,26657,Elantra
7547,MERCEDES-BENZ,2014,4.6,Petrol,Automatic,50887,Jeep,8781,GL 450
7548,HYUNDAI,2010,2.0,Diesel,Automatic,34642,Jeep,13495,Santa FE
7549,TOYOTA,2002,2.0,Petrol,Manual,54681,Sedan,13172,Altezza
7550,MERCEDES-BENZ,2014,2.0,Petrol,Tiptronic,55302,Sedan,41397,CLA 250
7551,SUBARU,1998,2.0,Petrol,Automatic,124274,Jeep,5018,Forester
7552,HYUNDAI,2014,1.6,Petrol,Automatic,51326,Hatchback,1803,Accent
7553,TOYOTA,2011,1.8,Hybrid,Automatic,39457,Sedan,15681,Prius
7554,HYUNDAI,2016,2.0,Diesel,Automatic,49088,Jeep,34400,Tucson
7555,LEXUS,2016,4.6,Petrol,Automatic,96919,Jeep,31988,GX 460
7556,KIA,2011,2.4,Petrol,Automatic,74565,Sedan,15367,Optima
7557,TOYOTA,2010,3.3,Hybrid,Automatic,214625,Sedan,5645,Highlander
7558,MERCEDES-BENZ,2011,3.0,Diesel,Tiptronic,141175,Sedan,37006,E 350
7559,LINCOLN,2014,2.0,Petrol,Automatic,26719,Sedan,21639,MKZ
7560,OPEL,1999,2.0,CNG,Manual,136702,Universal,6586,Astra
7561,SSANGYONG,2018,1.6,Diesel,Automatic,24940,Jeep,44752,Actyon
7562,DAEWOO,2011,1.6,Petrol,Automatic,36216,Sedan,7997,Lacetti
7563,KIA,2007,2.5,Diesel,Automatic,45295,Jeep,6272,Sorento
7564,FORD,2012,2.0,Hybrid,Variator,169013,Sedan,21950,Fusion
7565,KIA,2014,2.4,Hybrid,Automatic,70836,Sedan,18660,Optima
7566,LEXUS,2010,4.6,Petrol,Automatic,171026,Jeep,15681,GX 460
7567,FIAT,2013,1.4,Petrol,Automatic,66426,Jeep,1725,500
7568,VOLKSWAGEN,2016,1.4,Petrol,Tiptronic,59652,Sedan,18817,Jetta
7569,SUZUKI,2003,2.7,CNG,Automatic,161059,Jeep,8467,Grand Vitara
7570,HYUNDAI,2016,2.5,Diesel,Automatic,57215,Minivan,38229,H1
7571,TOYOTA,2018,2.5,Hybrid,Automatic,79234,Sedan,9722,Camry
7572,TOYOTA,2014,1.8,Hybrid,Automatic,217480,Sedan,19444,Prius V
7573,MAZDA,2011,1.3,Petrol,Automatic,44739,Hatchback,6500,Demio
7574,TOYOTA,2013,1.5,Hybrid,Automatic,11185,Hatchback,11917,Aqua
7575,TOYOTA,2012,1.8,Hybrid,Automatic,52208,Sedan,23521,Prius
7576,TOYOTA,2019,2.5,Hybrid,Automatic,5981,Sedan,3450,Camry
7577,TOYOTA,2015,1.5,Hybrid,Tiptronic,37779,Hatchback,20071,Prius C
7578,KIA,2012,1.3,Petrol,Manual,9942,Hatchback,13799,RIO
7579,TOYOTA,2014,1.5,Hybrid,Variator,75807,Hatchback,10506,Aqua
7580,HYUNDAI,2014,2.5,Diesel,Automatic,82035,Minivan,34905,H1
7581,NISSAN,2003,2.0,Petrol,Automatic,86992,Jeep,9722,X-Trail NISMO
7582,OPEL,1997,1.6,Petrol,Manual,4142,Sedan,4200,Vectra
7583,TOYOTA,2012,2.5,Petrol,Automatic,47846,Jeep,20800,RAV 4
7584,HYUNDAI,2016,2.5,Diesel,Automatic,64623,Minivan,38163,H1
7585,HONDA,2000,2.0,LPG,Automatic,62137,Minivan,10000,Step Wagon
7586,TOYOTA,2012,2.5,Hybrid,Automatic,97256,Sedan,3607,Camry
7587,TOYOTA,2010,1.8,Hybrid,Tiptronic,87613,Sedan,13500,Prius
7588,TOYOTA,2019,2.0,Petrol,Automatic,3243,Coupe,6586,CHR
7589,MERCEDES-BENZ,2012,3.5,Diesel,Tiptronic,66487,Jeep,56450,ML 350
7590,MITSUBISHI,2002,2.0,Petrol,Tiptronic,102526,Jeep,6899,Airtrek
7591,HYUNDAI,2017,1.7,Diesel,Automatic,81995,Jeep,34240,Tucson
7592,MERCEDES-BENZ,2009,3.5,Diesel,Automatic,165323,Sedan,1411,E 350
7593,MERCEDES-BENZ,2013,3.5,Petrol,Automatic,87489,Sedan,15681,E 350
7594,HYUNDAI,2011,1.8,Petrol,Tiptronic,73943,Sedan,18817,Elantra
7595,HYUNDAI,2010,1.6,Petrol,Automatic,98828,Sedan,13771,Elantra
7596,FORD,2016,2.0,Petrol,Automatic,58007,Sedan,5018,Fusion
7597,MAZDA,2014,2.5,Petrol,Automatic,46840,Sedan,3058,1300
7598,TOYOTA,2011,2.5,Petrol,Automatic,93454,Jeep,25089,RAV 4
7599,FORD,1999,2.5,Diesel,Manual,84506,Microbus,14113,Transit
7600,TOYOTA,2014,1.5,Petrol,Automatic,87646,Hatchback,12272,Aqua
7601,HYUNDAI,2015,2.4,Petrol,Automatic,71386,Sedan,3293,Sonata
7602,HONDA,2012,1.3,Hybrid,Automatic,193246,Hatchback,10450,FIT
7603,BMW,2012,2.0,Petrol,Tiptronic,98425,Sedan,38400,528
7604,NISSAN,2005,1.5,Petrol,Automatic,80778,Hatchback,8154,Tiida
7605,HYUNDAI,2011,2.0,Petrol,Automatic,97694,Sedan,17305,Sonata
7606,TOYOTA,2019,1.8,Petrol,Automatic,33745,Sedan,3293,Corolla
7607,HYUNDAI,2014,2.0,Diesel,Automatic,95016,Jeep,38809,Santa FE
7608,HONDA,2013,1.8,Petrol,Automatic,81886,Sedan,30405,Civic
7609,FORD,2013,2.0,Hybrid,Automatic,53703,Sedan,19444,Fusion SE
7610,HYUNDAI,2017,2.0,Petrol,Automatic,33604,Sedan,28225,Lantra LIMITED
7611,NISSAN,2010,4.0,Petrol,Automatic,74565,Jeep,27284,Pathfinder
7612,CHEVROLET,2017,1.8,Hybrid,Tiptronic,18641,Sedan,18817,Malibu
7613,HYUNDAI,2015,2.0,Diesel,Automatic,62366,Jeep,40224,Tucson
7614,KIA,2015,1.6,Petrol,Automatic,55368,Sedan,18983,Cerato
7615,MERCEDES-BENZ,2009,3.5,Petrol,Tiptronic,124274,Sedan,20385,C 320
7616,VOLKSWAGEN,2014,2.0,Diesel,Automatic,74519,Sedan,1568,Jetta
7617,TOYOTA,2012,1.5,Hybrid,Automatic,73322,Sedan,16138,Aqua
7618,TOYOTA,2007,1.5,Hybrid,Variator,111847,Sedan,10349,Prius
7619,HYUNDAI,2017,2.5,Diesel,Automatic,45582,Universal,39750,H1
7620,TOYOTA,2011,3.5,Hybrid,Automatic,212895,Jeep,1568,Highlander
7621,CHEVROLET,2019,1.3,Petrol,Automatic,1167,Sedan,58507,Malibu
7622,KIA,2012,2.4,Hybrid,Tiptronic,91963,Sedan,20385,Optima
7623,TOYOTA,2011,1.8,Petrol,Automatic,86992,Sedan,18189,Camry
7624,NISSAN,2003,1.4,Petrol,Automatic,83885,Hatchback,5959,March
7625,MERCEDES-BENZ,2000,4.3,Petrol,Automatic,90099,Sedan,10349,S 430
7626,OPEL,1998,2.0,Petrol,Manual,9321,Jeep,2900,Frontera
7627,HYUNDAI,2016,2.0,LPG,Automatic,200263,Sedan,15681,Sonata
7628,VOLKSWAGEN,2015,1.8,Petrol,Tiptronic,21748,Sedan,19444,Passat
7629,SUBARU,2015,2.0,Petrol,Tiptronic,34175,Sedan,11290,Impreza
7630,MERCEDES-BENZ,1998,2.4,Petrol,Manual,167770,Sedan,7527,E 240
7631,NISSAN,2015,2.5,Petrol,Automatic,59030,Jeep,17562,Rogue
7632,MERCEDES-BENZ,1998,2.0,CNG,Manual,111849,Sedan,7840,E 200
7633,TOYOTA,2001,4.2,Diesel,Manual,18828,Jeep,32929,Land Cruiser 100
7634,TOYOTA,2013,1.5,Petrol,Automatic,86371,Hatchback,14113,Aqua
7635,FORD,2019,1.5,Petrol,Automatic,2677,Sedan,13015,Escape
7636,MITSUBISHI,2018,2.4,Petrol,Tiptronic,7671,Jeep,44500,Outlander
7637,HYUNDAI,2011,1.6,Petrol,Automatic,74515,Sedan,18240,Elantra
7638,MERCEDES-BENZ,2017,2.0,Petrol,Automatic,31667,Sedan,56136,E 300
7639,SSANGYONG,2016,1.6,Diesel,Automatic,26606,Jeep,43868,Actyon
7640,HYUNDAI,2016,1.6,Petrol,Manual,47846,Hatchback,24462,Veloster Turbo
7641,NISSAN,2005,4.0,Petrol,Manual,194862,Jeep,10349,X-Terra
7642,TOYOTA,2012,1.8,Hybrid,Variator,48467,Hatchback,21012,Prius
7643,HONDA,2013,1.5,Petrol,Tiptronic,29204,Sedan,11604,FIT
7644,VOLKSWAGEN,2007,2.5,Petrol,Automatic,196665,Sedan,7840,Jetta
7645,TOYOTA,2013,1.8,Hybrid,Automatic,121167,Hatchback,19757,Prius
7646,NISSAN,2016,1.6,Petrol,Automatic,44160,Sedan,10506,Versa
7647,HONDA,2012,1.5,Petrol,Tiptronic,20505,Hatchback,8467,FIT
7648,FORD,2013,2.0,Petrol,Tiptronic,94448,Hatchback,17249,Focus
7649,NISSAN,2004,3.5,CNG,Variator,145152,Jeep,11917,Murano
7650,HYUNDAI,2013,2.5,Diesel,Automatic,120472,Universal,23414,H1
7651,HYUNDAI,2016,2.0,Petrol,Automatic,29250,Hatchback,1411,Elantra
7652,FORD,2005,4.0,Petrol,Automatic,77050,Coupe,10976,Mustang
7653,TOYOTA,2016,2.5,Hybrid,Automatic,41898,Sedan,12858,Camry
7654,MERCEDES-BENZ,2014,3.5,Diesel,Automatic,82238,Sedan,31047,E 350
7655,MERCEDES-BENZ,2007,3.0,Diesel,Tiptronic,169013,Sedan,21326,E 320 bluetec
7656,HYUNDAI,2017,2.0,Diesel,Automatic,41052,Jeep,44517,Tucson
7657,MERCEDES-BENZ,2013,2.0,Petrol,Tiptronic,60273,Sedan,35900,CLA 250
7658,HYUNDAI,2013,2.0,Diesel,Automatic,73576,Jeep,27654,Tucson
7659,HYUNDAI,2011,1.6,Petrol,Automatic,80165,Sedan,20005,Elantra
7660,FORD,2008,2.2,Diesel,Manual,113288,Microbus,16935,Transit
7661,OPEL,2002,2.2,Petrol,Manual,69041,Minivan,9408,Zafira
7662,TOYOTA,2013,2.5,Hybrid,Automatic,77617,Sedan,3763,Camry
7663,HYUNDAI,2013,2.0,Petrol,Automatic,120676,Sedan,16308,Sonata
7664,BMW,2009,3.0,Petrol,Tiptronic,101283,Sedan,26657,535
7665,KIA,2016,2.0,Petrol,Automatic,39069,Sedan,22580,Optima
7666,MERCEDES-BENZ,2016,3.5,Diesel,Automatic,47973,Sedan,1568,E 350
7667,CHEVROLET,2013,1.4,Plug-in Hybrid,Automatic,80157,Sedan,26971,Volt PREMIER
7668,TOYOTA,2010,1.8,LPG,Variator,223694,Hatchback,15681,Prius
7669,TOYOTA,2011,1.8,Hybrid,Automatic,98696,Sedan,16308,Prius
7670,LEXUS,2010,3.5,Petrol,Automatic,50965,Jeep,49864,RX 350
7671,DODGE,2011,2.0,Petrol,Automatic,55302,Hatchback,13172,Caliber
7672,MERCEDES-BENZ,2008,3.0,Diesel,Automatic,109121,Sedan,2430,E 350
7673,MITSUBISHI,1998,1.8,Petrol,Automatic,121789,Jeep,9408,Pajero IO
7674,HYUNDAI,2012,1.6,Petrol,Automatic,106076,Sedan,14166,Elantra
7675,TOYOTA,2014,2.5,Hybrid,Automatic,80778,Sedan,9408,Camry
7676,HYUNDAI,2016,2.5,Diesel,Automatic,113426,Universal,36231,H1
7677,SUZUKI,1996,1.3,Petrol,Manual,46603,Jeep,15367,SJ 413 Samurai
7678,CHEVROLET,2014,2.0,Diesel,Automatic,81270,Jeep,32973,Captiva
7679,TOYOTA,2018,1.2,Petrol,Tiptronic,7456,Jeep,57391,CHR
7680,MAZDA,2015,2.5,Petrol,Automatic,120162,Jeep,2979,1000
7681,BMW,2014,2.0,Petrol,Tiptronic,37116,Sedan,32615,320
7682,HYUNDAI,2016,1.8,Petrol,Automatic,57065,Sedan,1490,Elantra
7683,HONDA,2018,1.5,Petrol,Automatic,3861,Hatchback,39189,FIT
7684,MERCEDES-BENZ,2010,3.5,Diesel,Automatic,117768,Sedan,12388,E 350
7685,MERCEDES-BENZ,2016,3.0,Petrol,Automatic,36722,Jeep,1646,GLE 350
7686,HYUNDAI,2016,1.8,Petrol,Automatic,75708,Sedan,7683,Elantra
7687,SKODA,2004,2.0,Diesel,Manual,186411,Sedan,9408,Octavia
7688,FORD,2013,1.6,Petrol,Automatic,55302,Hatchback,14113,Fiesta
7689,HYUNDAI,2011,2.0,Diesel,Automatic,84314,Jeep,24681,Tucson
7690,DAEWOO,2009,2.0,Diesel,Automatic,24253,Sedan,5865,Lacetti
7691,HYUNDAI,2014,2.5,Diesel,Automatic,111796,Minivan,26594,H1
7692,BMW,2015,2.0,Petrol,Automatic,69075,Sedan,1019,328
7693,LEXUS,2016,3.5,Hybrid,Automatic,37194,Jeep,11290,RX 450
7694,CHEVROLET,2011,2.0,Diesel,Automatic,105555,Sedan,9832,Cruze
7695,HONDA,2010,1.5,Petrol,Tiptronic,128251,Hatchback,11917,FIT
7696,MERCEDES-BENZ,2014,3.5,Petrol,Automatic,90966,Sedan,1882,E 350
7697,HYUNDAI,2016,2.0,LPG,Automatic,165233,Sedan,15681,Sonata
7698,HYUNDAI,2014,1.8,Petrol,Tiptronic,72576,Sedan,18817,Elantra
7699,HYUNDAI,2011,2.5,Diesel,Automatic,34090,Minivan,14897,H1
7700,MERCEDES-BENZ,2005,2.2,Diesel,Manual,191413,Minivan,28222,Vito 115 CDI
7701,VOLKSWAGEN,2010,4.0,Petrol,Automatic,76553,Minivan,20385,Routan SEL
7702,MERCEDES-BENZ,2009,3.5,Diesel,Automatic,165323,Sedan,1411,E 350
7703,GAZ,2001,3.0,Petrol,Tiptronic,83885,Sedan,16621,21 3.0
7704,CHEVROLET,2017,1.4,Petrol,Automatic,32722,Sedan,3920,Cruze
7705,TOYOTA,2009,2.5,Petrol,Tiptronic,37438,Sedan,16621,Camry
7706,HYUNDAI,2017,2.5,Diesel,Automatic,104791,Universal,37125,H1
7707,FORD,2013,1.5,Petrol,Manual,122410,Hatchback,14740,Focus SE
7708,SSANGYONG,2011,2.0,Diesel,Automatic,66784,Jeep,20005,Actyon
7709,HYUNDAI,2018,2.0,Petrol,Automatic,21852,Sedan,43143,Elantra
7710,MERCEDES-BENZ,2017,2.0,Petrol,Automatic,31646,Sedan,22580,E 300
7711,TOYOTA,2017,2.7,Petrol,Automatic,58572,Jeep,49237,Tacoma
7712,MERCEDES-BENZ,2010,3.0,Petrol,Tiptronic,7581,Sedan,18503,C 300
7713,LAND ROVER,2007,2.7,Diesel,Tiptronic,124274,Jeep,26030,Land Rover Sport
7714,CHEVROLET,2014,2.0,Petrol,Automatic,35959,Sedan,27190,Malibu
7715,HYUNDAI,2010,2.0,Diesel,Automatic,161174,Jeep,13962,Santa FE
7716,CHEVROLET,2013,2.0,Diesel,Automatic,25041,Jeep,24415,Orlando
7717,LEXUS,2016,4.6,Petrol,Automatic,96919,Jeep,31988,GX 460
7718,OPEL,1999,2.0,Diesel,Manual,180198,Universal,7213,Zafira
7719,MINI,2013,1.6,Petrol,Tiptronic,77547,Jeep,26657,Countryman S
7720,TOYOTA,2016,1.8,Petrol,Automatic,51574,Hatchback,42024,Prius
7721,LEXUS,2013,4.6,Petrol,Automatic,125921,Jeep,54568,GX 470
7722,TOYOTA,2005,1.0,Petrol,Automatic,83885,Hatchback,5645,Passo
7723,LEXUS,2012,4.6,Petrol,Automatic,158702,Jeep,54568,GX 460
7724,TOYOTA,2015,1.5,Hybrid,Automatic,110879,Hatchback,8377,Aqua
7725,CHEVROLET,2012,1.6,Petrol,Automatic,31069,Hatchback,11851,Aveo
7726,HYUNDAI,2010,2.5,Diesel,Automatic,32757,Minivan,15063,H1
7727,KIA,2019,2.4,Petrol,Automatic,11313,Jeep,18817,Sportage
7728,HYUNDAI,2018,2.0,Diesel,Automatic,63960,Jeep,51028,Santa FE
7729,MITSUBISHI,2005,2.4,Petrol,Tiptronic,101905,Jeep,14426,Outlander
7730,TOYOTA,2005,1.5,LPG,Automatic,85128,Hatchback,11133,Ist
7731,TOYOTA,2012,1.5,Hybrid,Automatic,81400,Hatchback,10349,Aqua
7732,HYUNDAI,2014,2.4,Petrol,Automatic,98620,Sedan,2901,Sonata
7733,CHEVROLET,2015,1.4,Petrol,Automatic,47224,Sedan,11604,Cruze
7734,MERCEDES-BENZ,2004,2.7,Diesel,Manual,124274,Microbus,31361,Sprinter
7735,LEXUS,2015,3.5,Hybrid,Automatic,89241,Jeep,13956,RX 450
7736,MERCEDES-BENZ,2012,3.0,Diesel,Automatic,106392,Sedan,9565,E 350
7737,MERCEDES-BENZ,2006,2.2,Diesel,Manual,621,Minivan,10000,Vito
7738,TOYOTA,2002,1.5,Petrol,Tiptronic,75186,Hatchback,8467,Ist
7739,TOYOTA,2012,3.5,Petrol,Automatic,87592,Jeep,23521,Highlander
7740,JEEP,2004,4.0,LPG,Automatic,225682,Jeep,11917,Grand Cherokee special e
7741,HYUNDAI,2014,2.5,Diesel,Automatic,19884,Minivan,35570,H1
7742,TOYOTA,2012,2.5,Hybrid,Automatic,99033,Sedan,3136,Camry
7743,SSANGYONG,2017,1.6,Diesel,Automatic,26651,Jeep,43576,Actyon
7744,MERCEDES-BENZ,2010,2.7,Diesel,Manual,186411,Microbus,42000,Sprinter
7745,HYUNDAI,2012,1.6,Petrol,Automatic,69745,Sedan,19121,Elantra
7746,LEXUS,2012,4.6,Petrol,Automatic,93770,Jeep,4077,GX 460
7747,KIA,2015,2.4,Hybrid,Tiptronic,54612,Sedan,24775,Optima
7748,HONDA,2011,1.5,Petrol,Automatic,74565,Hatchback,15367,FIT
7749,NISSAN,2008,3.5,Petrol,Tiptronic,102526,Sedan,14113,Fuga
7750,DAEWOO,2010,1.6,Diesel,Automatic,47125,Sedan,6743,Lacetti
7751,MITSUBISHI,1998,1.8,Petrol,Automatic,77671,Jeep,5645,Pajero IO
7752,BMW,2011,3.0,Diesel,Tiptronic,155343,Sedan,26971,335 D
7753,HYUNDAI,2014,2.0,Petrol,Tiptronic,53686,Sedan,25089,Sonata Sport
7754,HYUNDAI,2010,2.0,Petrol,Automatic,71683,Coupe,15289,Genesis
7755,TOYOTA,2014,1.5,Hybrid,Automatic,7954,Hatchback,16308,Aqua
7756,HYUNDAI,2009,1.6,Petrol,Automatic,49105,Sedan,10976,I30
7757,MERCEDES-BENZ,2005,2.7,Diesel,Tiptronic,14105,Microbus,18817,Sprinter
7758,HYUNDAI,2010,2.0,Diesel,Automatic,133370,Jeep,22357,Tucson
7759,HONDA,2015,1.3,Petrol,Automatic,85459,Hatchback,13203,FIT
7760,AUDI,2012,4.2,Petrol,Automatic,124274,Sedan,33870,A8
7761,HYUNDAI,2009,2.0,Petrol,Automatic,74701,Coupe,17553,Genesis
7762,BMW,2002,3.0,Petrol,Automatic,199727,Sedan,10036,X5
7763,FORD,2014,2.0,Hybrid,Automatic,102801,Sedan,2038,Fusion
7764,MINI,2013,1.6,Petrol,Manual,82442,Jeep,18033,Countryman
7765,MERCEDES-BENZ,2003,3.5,CNG,Automatic,110604,Jeep,7213,ML 350
7766,BMW,2000,2.5,Petrol,Manual,124274,Sedan,7997,525
7767,TOYOTA,2013,1.8,Hybrid,Automatic,65617,Sedan,21953,Prius
7768,TOYOTA,2012,1.5,Hybrid,Variator,123932,Hatchback,49174,Aqua
7769,LEXUS,2013,3.5,Petrol,Tiptronic,64623,Jeep,53941,RX 350
7770,SSANGYONG,2011,2.0,Diesel,Automatic,52817,Jeep,25889,Korando
7771,HYUNDAI,2016,2.2,Diesel,Automatic,80952,Jeep,53521,Santa FE
7772,TOYOTA,2019,2.0,Petrol,Automatic,12408,Jeep,6586,CHR
7773,HYUNDAI,2014,2.5,Diesel,Automatic,84948,Minivan,30784,H1
7774,FORD,2012,2.0,Petrol,Tiptronic,99419,Hatchback,10663,Focus
7775,ACURA,2012,3.7,Petrol,Automatic,91777,Jeep,4861,MDX
7776,TOYOTA,2013,1.5,Petrol,Automatic,95691,Hatchback,10873,Aqua
7777,HYUNDAI,2011,2.5,Diesel,Automatic,43262,Minivan,18654,H1
7778,HONDA,2017,2.0,Petrol,Automatic,16459,Coupe,53185,Civic
7779,TOYOTA,2005,2.0,Petrol,Automatic,123376,Minivan,9408,ISIS
7780,TOYOTA,2010,1.8,Petrol,Variator,74565,Hatchback,14740,Prius
7781,HONDA,2017,1.5,Petrol,Automatic,4459,Sedan,63152,Civic
7782,HYUNDAI,2018,2.0,Petrol,Automatic,29932,Sedan,1254,Elantra
7783,TOYOTA,2012,1.5,Hybrid,Variator,72700,Hatchback,15681,Aqua
7784,HYUNDAI,2016,1.6,Diesel,Automatic,56740,Sedan,21103,Elantra
7785,AUDI,2014,3.0,Diesel,Automatic,61393,Jeep,10663,Q7
7786,TOYOTA,2014,2.5,Petrol,Automatic,72354,Jeep,28225,RAV 4
7787,AUDI,2008,3.2,Petrol,Tiptronic,167025,Sedan,13485,A6
7788,TOYOTA,2007,1.6,Petrol,Tiptronic,111225,Sedan,14740,Corolla
7789,OPEL,2001,2.6,Petrol,Automatic,136205,Hatchback,3800,Vectra ბ
7790,SSANGYONG,2016,2.2,Diesel,Automatic,9289,Jeep,53872,REXTON
7791,CHEVROLET,2016,1.4,Petrol,Tiptronic,39768,Sedan,22580,Cruze
7792,TOYOTA,2012,1.5,Hybrid,Variator,125517,Hatchback,15367,Prius C
7793,BMW,2010,3.0,Petrol,Tiptronic,98177,Sedan,39201,740
7794,OPEL,2000,1.6,Petrol,Manual,155343,Hatchback,6586,Astra
7795,LEXUS,2016,3.5,Hybrid,Automatic,37194,Jeep,11917,RX 450
7796,SSANGYONG,2011,2.0,Diesel,Automatic,130426,Jeep,14069,Actyon
7797,MITSUBISHI,2016,2.4,Petrol,Automatic,42865,Jeep,20855,Outlander
7798,NISSAN,2011,1.6,Petrol,Tiptronic,78365,Jeep,18817,Juke
7799,HYUNDAI,2012,2.0,Diesel,Automatic,101257,Jeep,21972,Tucson
7800,NISSAN,2004,2.0,CNG,Automatic,103769,Jeep,10349,X-Trail
7801,HYUNDAI,2016,2.0,Petrol,Automatic,11861,Sedan,21918,Sonata
7802,AUDI,2014,3.0,Petrol,Automatic,118914,Hatchback,9565,A7
7803,MERCEDES-BENZ,2011,3.0,Diesel,Automatic,169750,Sedan,9879,E 350
7804,TOYOTA,2009,1.5,Hybrid,Automatic,88499,Sedan,1882,Prius
7805,SSANGYONG,2018,1.6,Petrol,Automatic,15144,Jeep,44003,Actyon
7806,MITSUBISHI,1999,1.8,Petrol,Automatic,114954,Jeep,7997,Pajero IO
7807,TOYOTA,2010,1.8,Hybrid,Variator,106254,Hatchback,17249,Prius
7808,BMW,2005,3.0,LPG,Tiptronic,44117,Jeep,17562,X5
7809,MERCEDES-BENZ,2001,2.0,Petrol,Manual,121167,Sedan,11290,C 200
7810,HYUNDAI,2010,2.0,Petrol,Automatic,120517,Sedan,15035,Sonata
7811,MERCEDES-BENZ,2001,2.2,Diesel,Tiptronic,1864,Sedan,9500,220
7812,TOYOTA,2012,1.8,Hybrid,Automatic,123031,Universal,21639,Prius V
7813,HYUNDAI,2010,2.2,Diesel,Automatic,92613,Jeep,25365,Santa FE
7814,MAZDA,2014,2.5,Petrol,Automatic,35454,Sedan,8154,1300
7815,HONDA,2010,1.3,Petrol,Variator,5717,Hatchback,7213,FIT
7816,TOYOTA,2008,1.5,Hybrid,Automatic,74565,Hatchback,10349,Prius
7817,AUDI,2002,1.8,Petrol,Tiptronic,201324,Sedan,10036,A4
7818,MERCEDES-BENZ,2006,1.7,LPG,Tiptronic,67729,Hatchback,12544,B 170
7819,HYUNDAI,2011,1.6,Petrol,Automatic,108362,Sedan,15035,Elantra
7820,SSANGYONG,2013,2.0,Diesel,Automatic,88235,Jeep,35338,REXTON
7821,HYUNDAI,2015,2.0,Diesel,Automatic,41010,Jeep,29777,Tucson
7822,HYUNDAI,2016,2.0,Diesel,Automatic,92356,Jeep,44247,Santa FE
7823,DAEWOO,2010,2.0,Diesel,Automatic,33071,Sedan,7997,Lacetti
7824,MERCEDES-BENZ,2004,3.7,Petrol,Tiptronic,147935,Jeep,15681,ML 350 ML350
7825,SUBARU,2003,0.7,Petrol,Automatic,31069,Sedan,2509,R2
7826,NISSAN,2010,4.0,Petrol,Tiptronic,104390,Jeep,23521,Pathfinder SE
7827,KIA,2013,2.0,Petrol,Automatic,165047,Sedan,1176,Avella
7828,TOYOTA,2015,2.5,Petrol,Automatic,49710,Sedan,27284,Camry
7829,HONDA,2013,1.3,Petrol,Automatic,42635,Universal,17813,FIT
7830,TOYOTA,2006,1.5,Hybrid,Variator,130488,Hatchback,10663,Prius
7831,LEXUS,2010,2.4,Hybrid,Variator,6904,Sedan,11447,HS 250h
7832,FORD,1999,2.5,Diesel,Manual,149750,Microbus,10976,Transit
7833,LEXUS,2011,4.6,Petrol,Automatic,99505,Jeep,43278,GX 460
7834,HONDA,2015,2.4,Petrol,Automatic,49889,Jeep,5331,Cr-v
7835,CHEVROLET,2011,2.4,Petrol,Automatic,49710,Jeep,1568,Equinox
7836,HYUNDAI,2016,2.0,Diesel,Automatic,88260,Jeep,41553,Santa FE
7837,HYUNDAI,2010,2.0,Diesel,Automatic,85864,Jeep,24123,Tucson
7838,HYUNDAI,2007,1.6,Petrol,Automatic,79755,Sedan,11992,Elantra
7839,FORD,2016,1.5,Petrol,Tiptronic,56669,Sedan,21953,Fusion
7840,HYUNDAI,2016,1.6,Petrol,Automatic,20254,Sedan,18817,Elantra
7841,KIA,2010,2.0,Diesel,Automatic,40228,Jeep,7056,Sportage
7842,AUDI,2011,2.0,Petrol,Tiptronic,91963,Hatchback,32302,Q5
7843,HYUNDAI,2017,1.7,Diesel,Automatic,50375,Jeep,42551,Tucson
7844,HYUNDAI,2014,1.6,Diesel,Automatic,86121,Sedan,20266,Elantra
7845,MERCEDES-BENZ,2001,2.0,CNG,Manual,62137,Sedan,6899,C 200
7846,HYUNDAI,2011,2.5,Diesel,Automatic,28573,Minivan,16778,H1
7847,TOYOTA,2012,1.8,Hybrid,Variator,71121,Hatchback,20385,Prius
7848,FIAT,2012,1.4,Petrol,Manual,62137,Sedan,17562,500 Abarth ტურბო
7849,LEXUS,2009,4.6,Petrol,Automatic,82035,Sedan,26591,LS 460
7850,MERCEDES-BENZ,2012,3.0,Diesel,Automatic,137517,Jeep,2430,ML 350
7851,HYUNDAI,2010,2.0,Diesel,Automatic,144656,Jeep,19707,Tucson
7852,TOYOTA,2019,2.5,Hybrid,Automatic,5981,Sedan,3450,Camry
7853,TOYOTA,2013,1.8,Hybrid,Automatic,56777,Hatchback,16500,Prius
7854,NISSAN,2013,1.6,Petrol,Automatic,56545,Jeep,21953,Juke
7855,TOYOTA,2003,1.8,LPG,Automatic,118309,Hatchback,10349,Matrix XR
7856,BMW,2012,3.0,Petrol,Tiptronic,94448,Sedan,32929,535
7857,FORD,1998,2.5,Diesel,Manual,7671,Microbus,11604,Transit
7858,BMW,2004,2.5,Petrol,Tiptronic,118060,Sedan,8467,225
7859,HYUNDAI,2010,2.0,Diesel,Tiptronic,38063,Jeep,26030,Tucson
7860,CHEVROLET,2013,1.8,Petrol,Automatic,59100,Sedan,13877,Cruze
7861,HYUNDAI,2007,2.5,Diesel,Automatic,42253,Minivan,22000,H1
7862,TOYOTA,2011,1.8,Hybrid,Automatic,108367,Hatchback,16308,Prius
7863,LEXUS,2010,4.6,Petrol,Automatic,96823,Jeep,39829,GX 460
7864,SUBARU,2002,2.0,CNG,Automatic,127381,Jeep,6899,Forester
7865,BMW,2009,3.0,Diesel,Automatic,142825,Jeep,1803,X5
7866,FORD,2016,1.6,Petrol,Automatic,31313,Hatchback,16621,Fiesta
7867,MERCEDES-BENZ,2016,4.6,Petrol,Automatic,42180,Sedan,19444,S 550
7868,INFINITI,2004,4.5,Petrol,Tiptronic,186411,Jeep,10036,FX45
7869,AUDI,2017,3.0,Petrol,Automatic,27739,Sedan,13328,Q7
7870,HYUNDAI,2016,1.6,Petrol,Automatic,20254,Sedan,18817,Elantra
7871,SSANGYONG,2016,2.2,Diesel,Automatic,145961,Jeep,22843,Korando
7872,KIA,2011,2.4,Hybrid,Tiptronic,101324,Sedan,11290,Optima
7873,TOYOTA,2009,1.5,Hybrid,Automatic,88499,Sedan,1882,Prius
7874,TOYOTA,2017,2.5,Petrol,Automatic,15534,Jeep,54255,RAV 4 se
7875,VOLVO,2003,2.4,Petrol,Automatic,136205,Sedan,8700,S60
7876,TOYOTA,2012,3.5,Petrol,Automatic,87592,Jeep,23521,Highlander
7877,MITSUBISHI,2007,1.3,Petrol,Manual,102216,Hatchback,9095,Colt
7878,HYUNDAI,2011,2.5,Diesel,Automatic,32738,Minivan,18669,H1
7879,BMW,2014,2.0,Petrol,Automatic,80023,Sedan,19757,328
7880,MERCEDES-BENZ,2001,2.7,Diesel,Tiptronic,182683,Jeep,11604,ML 270
7881,HYUNDAI,2013,1.6,Petrol,Automatic,70215,Coupe,11917,Veloster
7882,FORD,2015,2.0,Hybrid,Automatic,62601,Sedan,2822,Fusion
7883,KIA,2016,1.8,Petrol,Tiptronic,40762,Sedan,16935,Forte
7884,HYUNDAI,2017,2.4,Petrol,Automatic,43345,Jeep,4234,Santa FE
7885,TOYOTA,2012,1.8,Petrol,Variator,86495,Sedan,15681,Prius
7886,OPEL,2009,1.6,Petrol,Manual,147750,Coupe,10976,Astra H
7887,TOYOTA,2012,2.5,Hybrid,Automatic,97256,Sedan,3607,Camry
7888,HYUNDAI,2018,2.0,Diesel,Automatic,63960,Jeep,55515,Santa FE
7889,TOYOTA,2014,1.5,Hybrid,Automatic,49710,Hatchback,24148,Prius C
7890,SSANGYONG,2016,1.6,Petrol,Automatic,30537,Jeep,39161,Actyon
7891,FORD,1996,2.5,Diesel,Manual,76429,Microbus,23521,Transit
7892,MAZDA,2014,1.5,Petrol,Automatic,39126,Hatchback,10506,Mazda 2
7893,FORD,2014,3.5,Petrol,Automatic,54701,Jeep,56340,Explorer
7894,HYUNDAI,2016,2.5,Diesel,Automatic,64692,Minivan,36567,H1
7895,HONDA,2015,1.5,Hybrid,Automatic,30616,Sedan,4861,Civic
7896,CHEVROLET,2010,2.4,Petrol,Automatic,188897,Sedan,12074,Malibu
7897,BMW,2005,3.0,Petrol,Automatic,178955,Jeep,14113,X3
7898,FORD,2013,3.5,Petrol,Automatic,70215,Jeep,53787,Explorer
7899,TOYOTA,2014,1.8,Petrol,Automatic,79411,Hatchback,12800,Ist
7900,BMW,2000,4.4,Petrol,Tiptronic,134838,Jeep,11290,X5
7901,HONDA,2006,2.2,Diesel,Manual,186411,Universal,13172,Edix FR-v
7902,CHEVROLET,2009,2.0,Diesel,Automatic,28103,Jeep,7213,Captiva
7903,MERCEDES-BENZ,2014,2.2,Diesel,Automatic,178333,Minivan,45473,Vito
7904,MAZDA,2002,1.5,Petrol,Automatic,68351,Hatchback,6272,Demio
7905,HYUNDAI,2010,2.0,Diesel,Automatic,75945,Jeep,13962,Tucson
7906,BMW,2014,3.0,Petrol,Tiptronic,50331,Sedan,53314,535
7907,MERCEDES-BENZ,2013,3.0,Diesel,Tiptronic,6214,Jeep,56450,ML 350
7908,HYUNDAI,2008,1.6,Diesel,Automatic,130471,Sedan,10635,Elantra
7909,LEXUS,2008,3.3,Hybrid,Automatic,139578,Jeep,8154,RX 400
7910,SUBARU,2013,2.0,Petrol,Tiptronic,74771,Sedan,15053,Impreza
7911,MITSUBISHI,2004,2.0,Petrol,Automatic,124274,Jeep,11917,Pajero IO
7912,MERCEDES-BENZ,1998,2.0,CNG,Manual,111849,Sedan,7840,E 200
7913,PORSCHE,2018,2.0,Petrol,Automatic,725,Jeep,25716,Cayman
7914,NISSAN,2014,1.5,Petrol,Automatic,68351,Hatchback,19883,March
7915,MITSUBISHI,2017,2.4,Petrol,Manual,49710,Pickup,45473,L 200
7916,HYUNDAI,2006,1.5,Diesel,Manual,124257,Hatchback,8500,Getz
7917,FIAT,2014,1.4,Petrol,Tiptronic,28832,Hatchback,16621,500
7918,VOLKSWAGEN,1997,1.8,CNG,Manual,108119,Sedan,4391,Golf
7919,BMW,2013,4.4,Petrol,Tiptronic,34175,Sedan,43905,550
7920,MERCEDES-BENZ,2011,3.0,Diesel,Automatic,171413,Jeep,9879,ML 350
7921,HYUNDAI,2016,1.7,Diesel,Automatic,87613,Jeep,28755,Tucson
7922,HYUNDAI,2011,2.4,Petrol,Automatic,108367,Sedan,15053,Sonata
7923,MERCEDES-BENZ,2017,3.5,Petrol,Automatic,24739,Jeep,43592,GLE 350
7924,JEEP,2011,3.6,Petrol,Automatic,75802,Jeep,39954,Grand Cherokee
7925,BMW,2013,3.0,Petrol,Automatic,43343,Jeep,4391,X5
7926,HYUNDAI,2016,2.0,LPG,Automatic,189836,Sedan,15681,Sonata
7927,CHRYSLER,2010,3.5,Petrol,Automatic,60894,Sedan,23521,300
7928,BMW,2011,3.0,Petrol,Tiptronic,66487,Sedan,14426,328
7929,TOYOTA,2012,2.5,Petrol,Tiptronic,7456,Sedan,21953,Camry
7930,NISSAN,2019,2.5,Petrol,Automatic,18825,Sedan,21326,Altima
7931,TOYOTA,2010,3.3,Hybrid,Automatic,164587,Jeep,4861,Highlander
7932,LEXUS,2010,4.6,Petrol,Automatic,162036,Jeep,46728,GX 460
7933,ALFA ROMEO,2005,2.2,Petrol,Manual,94573,Sedan,12544,159
7934,MERCEDES-BENZ,2014,3.5,Petrol,Automatic,90966,Sedan,1882,E 350
7935,TOYOTA,2008,1.5,Hybrid,Automatic,69904,Sedan,13485,Prius
7936,MITSUBISHI,1998,1.6,Petrol,Manual,93206,Hatchback,2000,Carisma
7937,TOYOTA,2015,1.5,Hybrid,Automatic,79404,Hatchback,8154,Prius
7938,FORD,2016,2.0,Hybrid,Automatic,7456,Hatchback,14740,C-MAX
7939,FORD,2013,2.0,Hybrid,Automatic,88235,Hatchback,21326,C-MAX
7940,HYUNDAI,2013,2.0,Diesel,Automatic,91180,Jeep,37125,Santa FE
7941,TOYOTA,2015,1.8,Petrol,Automatic,52743,Sedan,2901,Corolla
7942,BMW,2010,3.0,Petrol,Tiptronic,123031,Sedan,31358,535 XI
7943,FORD,2013,2.5,Petrol,Automatic,89249,Sedan,12858,Fusion
7944,CHEVROLET,2014,2.0,Diesel,Automatic,76957,Sedan,14856,Cruze
7945,TOYOTA,2013,1.8,Hybrid,Automatic,84879,Sedan,21326,Prius
7946,TOYOTA,2013,1.8,Plug-in Hybrid,Automatic,74988,Hatchback,13015,Prius plug-in
7947,TOYOTA,2017,2.5,Petrol,Automatic,37355,Sedan,5959,Camry
7948,CHEVROLET,2012,2.0,Diesel,Automatic,150626,Jeep,13962,Orlando
7949,HYUNDAI,2010,2.0,Diesel,Automatic,142541,Jeep,19008,Santa FE
7950,MERCEDES-BENZ,2012,2.2,Diesel,Automatic,105633,Minivan,30000,Vito
7951,SSANGYONG,2018,1.6,Petrol,Automatic,18693,Jeep,40634,Actyon
7952,OPEL,1998,1.6,Petrol,Manual,93206,Goods wagon,6899,Astra
7953,NISSAN,1998,3.3,LPG,Automatic,124274,Jeep,4704,Pathfinder
7954,FORD,2018,1.5,Petrol,Automatic,4578,Sedan,24462,Fusion SE
7955,HYUNDAI,2010,2.0,Diesel,Automatic,31385,Jeep,15521,Santa FE
7956,MERCEDES-BENZ,2011,3.0,Diesel,Automatic,169750,Sedan,9879,E 350
7957,MERCEDES-BENZ,2002,2.3,Petrol,Tiptronic,129245,Coupe,8467,C 230
7958,HONDA,2018,1.5,Petrol,Automatic,11180,Sedan,60831,Civic
7959,HYUNDAI,2014,2.0,Diesel,Automatic,81828,Jeep,38063,Santa FE
7960,TOYOTA,2010,1.8,Petrol,Variator,6276,Sedan,14740,Prius
7961,HYUNDAI,2011,2.0,Diesel,Automatic,35143,Jeep,14113,Santa FE
7962,TOYOTA,2014,2.2,Diesel,Automatic,101905,Jeep,46414,RAV 4 Dizel
7963,CHEVROLET,2011,1.8,Petrol,Automatic,110175,Sedan,11563,Cruze
7964,MERCEDES-BENZ,1997,1.8,Petrol,Manual,193868,Sedan,7527,C 180
7965,TOYOTA,2010,1.8,Hybrid,Variator,157083,Hatchback,14113,Prius
7966,OPEL,2003,1.8,Petrol,Automatic,14571,Sedan,7997,Astra j
7967,BMW,2019,2.0,Petrol,Automatic,21046,Sedan,1019,X3
7968,TOYOTA,2016,2.5,Petrol,Tiptronic,15534,Jeep,51589,RAV 4
7969,SSANGYONG,2015,2.0,Diesel,Automatic,27179,Universal,17562,Korando
7970,TOYOTA,2018,1.8,Hybrid,Automatic,128496,Sedan,21012,Prius
7971,TOYOTA,2013,1.5,Petrol,Automatic,66487,Hatchback,30906,Aqua
7972,MERCEDES-BENZ,2010,3.5,Diesel,Automatic,117768,Sedan,12388,E 350
7973,SEAT,2001,1.9,Diesel,Manual,116196,Hatchback,3700,Ibiza
7974,BMW,2012,3.0,Petrol,Tiptronic,57166,Sedan,43592,535
7975,MERCEDES-BENZ,2011,3.5,Diesel,Automatic,105900,Coupe,15994,E 350
7976,VOLKSWAGEN,1997,1.8,Petrol,Manual,99419,Goods wagon,5018,Passat
7977,HYUNDAI,2016,1.6,LPG,Automatic,78416,Sedan,21075,Elantra
7978,DAEWOO,2009,1.6,Petrol,Automatic,37632,Sedan,6269,Lacetti
7979,TOYOTA,2014,1.8,Hybrid,Variator,65865,Hatchback,18801,Prius
7980,NISSAN,2005,1.5,Petrol,Automatic,86992,Hatchback,9095,Tiida
7981,SSANGYONG,2016,1.6,Diesel,Automatic,19731,Jeep,41281,Actyon
7982,HYUNDAI,2016,2.0,LPG,Automatic,159548,Sedan,15681,Sonata
7983,LEXUS,2013,4.6,Petrol,Automatic,95851,Sedan,22894,LS 460
7984,HYUNDAI,2009,2.5,Diesel,Automatic,31474,Minivan,22433,H1
7985,HYUNDAI,2017,2.0,Diesel,Automatic,65193,Jeep,45542,Tucson
7986,VOLKSWAGEN,2008,2.5,Petrol,Manual,76056,Sedan,10036,Jetta
7987,INFINITI,2008,3.5,Petrol,Tiptronic,86495,Jeep,21639,EX35
7988,NISSAN,2013,1.5,Petrol,Automatic,61516,Jeep,17249,Juke
7989,FORD,2015,2.3,Petrol,Tiptronic,29826,Coupe,34497,Mustang
7990,MERCEDES-BENZ,2005,1.7,Petrol,Tiptronic,88235,Sedan,10976,A 200
7991,OPEL,1998,1.7,Diesel,Manual,34175,Goods wagon,2800,Astra
7992,DAEWOO,2010,1.8,Petrol,Automatic,28911,Sedan,10192,Lacetti
7993,TOYOTA,2012,1.8,Hybrid,Automatic,134098,Hatchback,1882,Prius
7994,HYUNDAI,2009,2.0,Petrol,Automatic,166668,Sedan,1254,Elantra
7995,BMW,2010,2.8,Petrol,Tiptronic,99419,Sedan,16621,328
7996,TOYOTA,2010,1.8,Hybrid,Automatic,100662,Hatchback,11917,Prius
7997,LEXUS,2010,4.6,Petrol,Automatic,96823,Jeep,39201,GX 460
7998,FORD,1996,2.5,Diesel,Manual,76429,Microbus,23521,Transit
7999,TOYOTA,2010,3.3,Hybrid,Automatic,214625,Jeep,5645,Highlander
8000,TOYOTA,2010,3.3,Hybrid,Automatic,164587,Jeep,4861,Highlander
8001,HYUNDAI,2017,2.5,Diesel,Automatic,65706,Universal,44843,H1
8002,VOLKSWAGEN,2013,2.5,Petrol,Automatic,64001,Sedan,12544,Jetta
8003,CHEVROLET,2015,1.0,Petrol,Automatic,63077,Hatchback,9543,Spark
8004,MITSUBISHI,1999,1.8,Petrol,Automatic,123031,Jeep,7840,Pajero IO
8005,SSANGYONG,2008,2.0,Diesel,Automatic,61099,Jeep,5425,Kyron
8006,MERCEDES-BENZ,2014,3.0,Diesel,Automatic,148165,Jeep,34184,ML 350
8007,OPEL,2005,2.2,Petrol,Automatic,62137,Universal,11917,Zafira
8008,HYUNDAI,2016,2.0,Diesel,Automatic,100073,Jeep,37730,Santa FE
8009,HYUNDAI,2017,2.0,Petrol,Tiptronic,19884,Sedan,26657,Elantra
8010,HYUNDAI,2012,1.6,Petrol,Tiptronic,75807,Hatchback,18817,Veloster
8011,HYUNDAI,2011,1.6,Petrol,Automatic,26229,Sedan,11290,Accent
8012,HYUNDAI,2012,2.4,Petrol,Automatic,53438,Sedan,17249,Sonata
8013,VOLKSWAGEN,1999,2.0,CNG,Automatic,155343,Sedan,4077,Jetta
8014,TOYOTA,2005,1.3,Petrol,Automatic,111847,Sedan,10349,Vitz
8015,TOYOTA,2012,1.5,Hybrid,Automatic,86371,Hatchback,12858,Aqua
8016,HYUNDAI,2010,2.5,Diesel,Automatic,34708,Minivan,16778,H1
8017,MERCEDES-BENZ,2005,1.9,LPG,Tiptronic,117439,Minivan,6896,Vaneo
8018,HYUNDAI,2017,2.0,LPG,Automatic,147902,Sedan,16935,Sonata
8019,BMW,2012,2.0,Petrol,Automatic,89477,Sedan,37633,528
8020,MERCEDES-BENZ,2011,3.0,Diesel,Automatic,52999,Jeep,20385,R 350
8021,HYUNDAI,2018,1.6,Petrol,Automatic,19965,Jeep,56371,Tucson
8022,SSANGYONG,2009,2.7,Diesel,Automatic,46154,Jeep,10349,REXTON
8023,FORD,2017,1.5,Petrol,Automatic,1678,Sedan,24775,Focus
8024,MERCEDES-BENZ,2013,1.8,Petrol,Tiptronic,83264,Sedan,29479,C 250
8025,HYUNDAI,2015,2.4,Petrol,Automatic,109789,Sedan,1490,Sonata
8026,AUDI,1998,2.8,Petrol,Tiptronic,93206,Sedan,3500,A6
8027,HONDA,2005,1.3,Petrol,Variator,99575,Hatchback,7840,FIT
8028,NISSAN,2004,1.5,Petrol,Automatic,91342,Hatchback,10349,Tiida
8029,FORD,2014,2.0,Hybrid,Automatic,84165,Sedan,3450,Fusion
8030,KIA,2018,3.3,Petrol,Automatic,30849,Sedan,22894,Sorento
8031,HYUNDAI,2010,2.0,Diesel,Automatic,93827,Jeep,23408,Santa FE
8032,HYUNDAI,2016,2.0,Diesel,Automatic,11229,Jeep,29006,Tucson
8033,HYUNDAI,2011,2.0,Petrol,Automatic,35141,Sedan,11770,Sonata
8034,MERCEDES-BENZ,2006,2.4,Petrol,Automatic,155343,Sedan,12544,C 230
8035,HYUNDAI,2015,1.6,Diesel,Automatic,49944,Sedan,26149,Elantra
8036,SUBARU,2010,2.5,Petrol,Tiptronic,113090,Jeep,11300,Forester
8037,HYUNDAI,2014,2.4,Hybrid,Automatic,55302,Sedan,10506,Sonata
8038,AUDI,2011,3.0,Diesel,Automatic,144502,Sedan,2352,Q7
8039,CHEVROLET,2012,2.0,Diesel,Automatic,94813,Jeep,19416,Orlando
8040,VOLKSWAGEN,2015,1.8,Petrol,Automatic,136224,Hatchback,1411,Golf
8041,HYUNDAI,2014,1.8,Petrol,Automatic,66583,Sedan,1725,Elantra
8042,TOYOTA,2017,2.5,Petrol,Tiptronic,6835,Jeep,43592,RAV 4
8043,SKODA,2007,1.2,Petrol,Manual,621,Hatchback,4500,Fabia
8044,HYUNDAI,2018,2.0,Petrol,Automatic,18848,Sedan,3136,Elantra
8045,MERCEDES-BENZ,2000,2.2,Diesel,Manual,198839,Sedan,6899,E 220
8046,TOYOTA,2007,1.5,Hybrid,Automatic,119925,Hatchback,12544,Prius
8047,MITSUBISHI,1997,3.5,Petrol,Automatic,228665,Jeep,11604,Pajero
8048,FORD,2012,2.0,Petrol,Tiptronic,72700,Sedan,13485,Focus
8049,TOYOTA,2014,1.8,Petrol,Variator,83885,Hatchback,22580,Prius personna
8050,TOYOTA,2005,2.4,Petrol,Automatic,169693,Hatchback,16621,RAV 4
8051,LEXUS,2015,3.5,Petrol,Automatic,44701,Jeep,3293,RX 350
8052,TOYOTA,2012,1.5,Hybrid,Automatic,8078,Sedan,10036,Aqua
8053,AUDI,2016,2.0,Petrol,Automatic,38158,Sedan,14113,S3
8054,HYUNDAI,2016,2.5,Diesel,Automatic,74004,Minivan,36899,H1
8055,JEEP,2010,3.7,Petrol,Automatic,142170,Jeep,15994,Liberty
8056,HYUNDAI,2014,2.5,Diesel,Automatic,94358,Minivan,30517,H1
8057,MERCEDES-BENZ,1998,3.2,CNG,Automatic,69041,Coupe,7840,CLK 320
8058,BMW,2010,3.0,Petrol,Tiptronic,10563,Jeep,16935,X5
8059,VOLKSWAGEN,2003,2.0,Petrol,Automatic,155343,Hatchback,6272,Golf 4
8060,HYUNDAI,2013,1.8,Petrol,Tiptronic,72700,Sedan,17876,Elantra
8061,HYUNDAI,2012,1.4,Petrol,Automatic,67687,Sedan,13877,Accent
8062,CHEVROLET,2007,2.0,Diesel,Automatic,34666,Jeep,4077,Captiva
8063,AUDI,2014,3.0,Petrol,Automatic,53020,Jeep,2666,Q7
8064,OPEL,2009,1.7,Diesel,Manual,103148,Universal,13172,Astra
8065,HYUNDAI,2011,1.6,Petrol,Automatic,86992,Sedan,14454,Elantra
8066,VOLKSWAGEN,2013,2.5,Petrol,Tiptronic,96934,Sedan,15681,Passat
8067,BMW,2009,3.0,Petrol,Tiptronic,111847,Sedan,14113,325
8068,HYUNDAI,2011,2.0,Diesel,Automatic,96313,Jeep,24709,Tucson
8069,CHEVROLET,2011,3.6,Petrol,Automatic,78914,Sedan,47042,Camaro
8070,TOYOTA,2001,2.0,Petrol,Manual,134216,Jeep,10663,RAV 4
8071,MERCEDES-BENZ,2007,3.0,Diesel,Tiptronic,136702,Sedan,21953,S 320
8072,FORD,1998,2.5,Diesel,Manual,137944,Microbus,14113,Transit
8073,TOYOTA,2008,1.5,Petrol,Automatic,93206,Sedan,14113,Prius
8074,HONDA,2017,1.5,Petrol,Automatic,25487,Hatchback,61471,Civic
8075,TOYOTA,2012,1.5,Hybrid,Automatic,42253,Hatchback,19601,Prius C
8076,SSANGYONG,2014,2.0,Diesel,Automatic,98439,Jeep,24327,Korando
8077,VOLKSWAGEN,2012,2.5,Petrol,Tiptronic,78914,Sedan,18158,Passat SE
8078,NISSAN,2014,1.8,Petrol,Automatic,57788,Sedan,16621,Juke
8079,NISSAN,2004,2.0,CNG,Automatic,118060,Jeep,13172,X-Trail
8080,SUBARU,2013,2.0,Petrol,Automatic,171206,Sedan,1254,Impreza
8081,HYUNDAI,2016,2.0,Diesel,Automatic,72306,Jeep,43128,Santa FE
8082,HYUNDAI,2018,2.0,Diesel,Automatic,18358,Jeep,64823,Tucson
8083,LEXUS,2012,4.6,Petrol,Automatic,93770,Sedan,4077,GX 460
8084,BMW,2005,3.0,Petrol,Automatic,152857,Sedan,11200,525
8085,INFINITI,2011,3.5,Petrol,Tiptronic,99419,Jeep,39201,FX35
8086,TOYOTA,2012,3.5,Hybrid,Automatic,110604,Jeep,48610,Highlander
8087,HONDA,2013,1.5,Hybrid,Automatic,54059,Hatchback,23082,FIT
8088,HYUNDAI,2011,2.0,Diesel,Automatic,119097,Jeep,20171,Tucson
8089,SUBARU,2015,2.5,Petrol,Automatic,50367,Jeep,10663,Forester
8090,MAZDA,2014,1.2,Petrol,Automatic,44117,Hatchback,6500,Demio
8091,BMW,2004,2.5,CNG,Tiptronic,108119,Sedan,14113,525
8092,HONDA,2006,3.0,CNG,Automatic,76080,Minivan,15994,Elysion
8093,HYUNDAI,2017,1.6,Petrol,Automatic,66623,Sedan,26017,Elantra
8094,MERCEDES-BENZ,2008,3.0,Diesel,Automatic,109121,Sedan,2430,E 350
8095,HYUNDAI,2016,2.5,Diesel,Automatic,75186,Universal,38609,H1
8096,SSANGYONG,2013,2.0,Diesel,Automatic,91478,Pickup,21940,Korando
8097,TOYOTA,2013,1.5,Petrol,Automatic,54867,Hatchback,17844,Aqua
8098,FORD,2013,2.0,Hybrid,Automatic,108503,Sedan,1646,Fusion
8099,MERCEDES-BENZ,2008,3.5,Petrol,Tiptronic,88235,Sedan,24462,E 350
8100,TOYOTA,2008,1.5,Hybrid,Automatic,172741,Hatchback,10492,Prius
8101,MERCEDES-BENZ,1998,2.0,CNG,Manual,69041,Universal,6586,C 200
8102,LINCOLN,1999,4.6,CNG,Automatic,11185,Sedan,9408,Town Car
8103,MERCEDES-BENZ,2005,2.0,Petrol,Tiptronic,76712,Hatchback,10036,A 200
8104,FORD,2015,2.5,Petrol,Tiptronic,121292,Sedan,17562,Fusion 2015
8105,HONDA,2012,1.5,Hybrid,Variator,125517,Sedan,18033,Civic
8106,TOYOTA,2010,3.3,Hybrid,Automatic,140553,Sedan,1725,Highlander
8107,TOYOTA,2014,2.5,Petrol,Tiptronic,79535,Sedan,9408,Camry
8108,SSANGYONG,2013,2.0,Diesel,Automatic,78385,Jeep,30856,REXTON
8109,TOYOTA,2013,2.5,Petrol,Tiptronic,53686,Sedan,18817,Camry
8110,BMW,2014,3.0,Petrol,Tiptronic,61640,Sedan,53314,535
8111,FORD,2019,1.5,Petrol,Tiptronic,45981,Jeep,26657,Escape
8112,HYUNDAI,2010,2.0,Petrol,Automatic,50570,Coupe,15822,Genesis
8113,TOYOTA,2012,1.5,Petrol,Automatic,25315,Hatchback,22715,Aqua
8114,HYUNDAI,2011,1.8,Petrol,Tiptronic,171995,Sedan,15681,Elantra
8115,TOYOTA,2012,1.8,Hybrid,Automatic,66039,Hatchback,1333,Prius
8116,HYUNDAI,2012,1.6,Petrol,Automatic,76429,Sedan,19707,Elantra
8117,HYUNDAI,2014,1.6,Petrol,Automatic,87467,Sedan,16480,Elantra
8118,TOYOTA,2014,1.8,Hybrid,Automatic,211086,Hatchback,5488,Prius
8119,VOLVO,2013,3.2,Petrol,Automatic,105097,Jeep,2509,XC90
8120,HYUNDAI,2010,2.2,Diesel,Automatic,43706,Jeep,15053,Santa FE
8121,MERCEDES-BENZ,2017,2.0,Petrol,Automatic,31667,Sedan,56136,E 300
8122,MERCEDES-BENZ,2016,3.0,Petrol,Automatic,36722,Jeep,1646,GLE 350
8123,MERCEDES-BENZ,2016,2.0,Petrol,Automatic,21163,Sedan,21326,CLA 250
8124,MERCEDES-BENZ,2014,3.5,Diesel,Automatic,82238,Sedan,31047,E 350
8125,HONDA,2003,1.5,Petrol,Tiptronic,149129,Hatchback,7213,FIT
8126,BMW,2008,3.0,Petrol,Tiptronic,99637,Jeep,42337,X6
8127,CHEVROLET,2012,2.0,Diesel,Automatic,95418,Jeep,21768,Orlando
8128,TOYOTA,2013,4.0,Petrol,Automatic,35762,Sedan,19130,Tacoma
8129,SUBARU,2014,2.0,Hybrid,Automatic,168063,Sedan,15681,XV
8130,FORD,2009,2.5,Hybrid,Automatic,102278,Jeep,13172,Escape
8131,KIA,2014,2.4,Petrol,Tiptronic,55923,Jeep,21012,Sportage EX
8132,BMW,2012,3.0,Petrol,Tiptronic,118060,Sedan,51746,640
8133,JEEP,2005,3.7,CNG,Tiptronic,69041,Jeep,7370,Grand Cherokee
8134,BMW,2007,3.0,Petrol,Tiptronic,88856,Cabriolet,18817,330
8135,CHEVROLET,2007,2.0,Diesel,Automatic,30151,Jeep,5645,Captiva
8136,FORD,2004,1.8,Diesel,Manual,138566,Goods wagon,13799,Transit Connect
8137,TOYOTA,2013,2.5,Petrol,Automatic,127257,Sedan,21326,Camry
8138,LEXUS,2015,2.5,Hybrid,Automatic,25095,Sedan,10192,ES 350
8139,JEEP,2011,3.0,Diesel,Automatic,123964,Jeep,31524,Grand Cherokee
8140,HONDA,2010,2.4,Petrol,Automatic,83264,Minivan,18000,Elysion
8141,CHEVROLET,2012,2.0,Diesel,Automatic,111847,Sedan,13987,Cruze
8142,CHEVROLET,2013,1.4,Petrol,Tiptronic,91342,Sedan,13172,Cruze
8143,SUBARU,2013,2.5,Petrol,Tiptronic,72576,Hatchback,23521,Outback
8144,CHEVROLET,2014,2.0,Diesel,Automatic,110047,Jeep,21739,Orlando
8145,FORD,2014,2.0,Petrol,Automatic,94082,Sedan,3058,Fusion
8146,TOYOTA,2010,1.0,Petrol,Variator,11185,Sedan,9095,Vitz
8147,NISSAN,2005,1.5,Petrol,Automatic,95691,Sedan,7700,Tiida
8148,SSANGYONG,2011,2.0,Diesel,Automatic,81470,Jeep,22649,REXTON
8149,HYUNDAI,2011,2.5,Diesel,Automatic,34330,Minivan,18660,H1
8150,HYUNDAI,2015,2.0,LPG,Automatic,193176,Sedan,10663,Sonata
8151,OPEL,2001,2.6,Petrol,Automatic,12427,Sedan,5175,Omega c
8152,SUBARU,2002,3.0,Petrol,Automatic,116196,Sedan,7213,Legacy
8153,KIA,2013,2.4,Petrol,Tiptronic,57166,Sedan,16308,Optima EX
8154,TOYOTA,2013,1.8,Petrol,Tiptronic,34797,Hatchback,20071,Prius
8155,HYUNDAI,2015,2.0,Diesel,Automatic,49710,Jeep,48955,Santa FE
8156,HYUNDAI,2015,2.0,Petrol,Automatic,21852,Sedan,16465,Elantra Limited
8157,HYUNDAI,2017,1.7,Diesel,Automatic,51220,Jeep,40556,Tucson
8158,HONDA,2013,1.5,Hybrid,Manual,55923,Coupe,14113,CR-Z
8159,HYUNDAI,2014,2.5,Diesel,Automatic,74492,Minivan,34406,H1
8160,HYUNDAI,2018,2.0,Petrol,Automatic,30202,Sedan,52959,Sonata
8161,HYUNDAI,2012,2.0,Diesel,Automatic,139881,Jeep,17747,Tucson
8162,HYUNDAI,2013,1.8,Petrol,Automatic,57663,Sedan,17249,Elantra
8163,LEXUS,2010,4.6,Petrol,Automatic,96823,Jeep,39829,GX 460
8164,MERCEDES-BENZ,2000,2.0,CNG,Tiptronic,90099,Coupe,7840,CLK 200
8165,HYUNDAI,2007,1.6,Petrol,Automatic,93014,Sedan,8320,Elantra
8166,HONDA,2012,1.3,Hybrid,Automatic,8078,Hatchback,11917,FIT
8167,MERCEDES-BENZ,2011,3.0,Diesel,Tiptronic,91652,Jeep,48610,GL 350 Bluetec
8168,HYUNDAI,2010,2.0,LPG,Automatic,50485,Sedan,7119,Sonata
8169,NISSAN,2003,1.2,Petrol,Manual,7657,Coupe,4000,Micra
8170,SSANGYONG,2011,2.0,Diesel,Automatic,103676,Jeep,20005,Actyon
8171,MERCEDES-BENZ,1998,1.6,Petrol,Tiptronic,126760,Hatchback,5331,A 160
8172,FORD,2000,2.4,Diesel,Manual,155343,Microbus,13000,Transit
8173,CHEVROLET,2014,2.0,Diesel,Automatic,91120,Jeep,24283,Captiva
8174,HYUNDAI,2011,1.6,Petrol,Automatic,64283,Sedan,17484,Elantra
8175,NISSAN,2003,2.3,Petrol,Automatic,59030,Sedan,7213,Teana
8176,MERCEDES-BENZ,2000,3.2,Diesel,Tiptronic,621,Sedan,3800,E 320
8177,VOLKSWAGEN,2010,2.0,Petrol,Manual,621,Hatchback,15681,Golf
8178,CHEVROLET,2013,1.4,Hybrid,Automatic,122155,Hatchback,4077,Volt
8179,HYUNDAI,2013,1.8,Petrol,Automatic,182704,Sedan,5018,Elantra
8180,BMW,2015,3.5,Petrol,Tiptronic,36785,Sedan,47042,535
8181,FORD,2013,2.0,Hybrid,Automatic,107497,Sedan,15053,C-MAX
8182,NISSAN,2008,2.5,Diesel,Manual,103148,Pickup,22580,Navara
8183,HYUNDAI,2011,1.6,Petrol,Tiptronic,67729,Sedan,13172,Accent
8184,FIAT,2015,1.4,Petrol,Manual,17398,Hatchback,25089,500 Abarth
8185,LEXUS,2013,4.6,Petrol,Automatic,125921,Jeep,6272,GX 470
8186,HYUNDAI,2010,1.6,Petrol,Automatic,44243,Sedan,16894,Elantra
8187,HYUNDAI,2015,2.0,Diesel,Automatic,89029,Jeep,30151,Tucson
8188,HYUNDAI,2016,2.0,Diesel,Automatic,58570,Jeep,53154,Santa FE
8189,MERCEDES-BENZ,1997,2.4,CNG,Manual,173984,Universal,7840,C 240
8190,KIA,2012,2.4,Petrol,Tiptronic,60273,Sedan,15800,Optima
8191,NISSAN,2009,1.5,Petrol,Automatic,59030,Hatchback,1568,Tiida
8192,MITSUBISHI,2018,1.2,Petrol,Automatic,4617,Sedan,1411,Mirage
8193,SSANGYONG,2016,1.6,Diesel,Automatic,95321,Jeep,30564,Actyon
8194,KIA,2013,1.6,Petrol,Automatic,33173,Sedan,1960,RIO
8195,MERCEDES-BENZ,2011,3.5,Diesel,Automatic,74179,Sedan,16621,E 350
8196,FORD,2010,2.4,Diesel,Manual,123031,Goods wagon,21009,Transit
8197,TOYOTA,2012,3.5,Petrol,Automatic,153106,Sedan,24305,Camry
8198,HYUNDAI,2016,2.0,LPG,Automatic,197040,Sedan,15681,Sonata
8199,LEXUS,2010,4.6,Petrol,Automatic,171026,Jeep,15681,GX 460
8200,LEXUS,2012,1.8,Hybrid,Automatic,108184,Hatchback,1490,CT 200h
8201,LEXUS,2010,4.6,Petrol,Automatic,171026,Jeep,15681,GX 460
8202,HYUNDAI,2015,2.0,LPG,Automatic,193176,Sedan,10663,Sonata
8203,TOYOTA,2012,1.8,Petrol,Automatic,118060,Sedan,20385,Prius
8204,HYUNDAI,2011,1.6,Petrol,Tiptronic,34175,Hatchback,17876,Veloster
8205,VOLKSWAGEN,2014,1.8,Petrol,Automatic,44739,Sedan,18817,Jetta se
8206,HYUNDAI,2019,1.6,Petrol,Automatic,2871,Sedan,10036,Accent
8207,TOYOTA,2010,2.5,Petrol,Tiptronic,75186,Sedan,15994,Camry
8208,TOYOTA,2016,4.0,Petrol,Automatic,29826,Jeep,64290,4Runner
8209,HYUNDAI,2016,1.7,Diesel,Automatic,70219,Jeep,36730,Tucson
8210,CHEVROLET,2016,2.0,Petrol,Automatic,70531,Sedan,25744,Malibu
8211,HYUNDAI,2014,2.0,LPG,Automatic,194296,Sedan,11604,Sonata
8212,HYUNDAI,2017,2.0,Petrol,Automatic,11856,Sedan,50018,Sonata
8213,HYUNDAI,2014,1.8,Petrol,Automatic,68776,Sedan,3763,Elantra
8214,MAZDA,2002,1.5,LPG,Tiptronic,621,Hatchback,5959,Demio
8215,KIA,2014,2.0,Petrol,Automatic,37720,Sedan,14113,Optima
8216,MERCEDES-BENZ,2014,3.5,Petrol,Automatic,90966,Sedan,1882,E 350
8217,MERCEDES-BENZ,1999,2.0,Petrol,Manual,173984,Sedan,10349,E 200
8218,SSANGYONG,2008,2.0,Diesel,Automatic,47721,Jeep,5645,Kyron
8219,TOYOTA,2018,2.5,Hybrid,Automatic,21784,Sedan,18817,Camry
8220,MERCEDES-BENZ,2008,2.2,Diesel,Tiptronic,109983,Universal,23521,C 220
8221,CHEVROLET,2011,1.4,Hybrid,Automatic,179438,Hatchback,2666,Volt
8222,HYUNDAI,2010,2.0,Diesel,Automatic,94002,Jeep,22649,Tucson
8223,HYUNDAI,2010,2.5,Diesel,Automatic,45609,Minivan,13015,H1
8224,MERCEDES-BENZ,2013,2.1,Diesel,Tiptronic,28230,Sedan,51746,E 250
8225,MITSUBISHI,2002,1.5,Petrol,Variator,116196,Hatchback,7527,Colt
8226,HYUNDAI,2017,2.0,Petrol,Tiptronic,14292,Sedan,25089,Elantra
8227,TOYOTA,2012,1.8,LPG,Variator,14913,Hatchback,21953,Prius
8228,OPEL,2008,1.4,LPG,Manual,144779,Goods wagon,9408,Combo
8229,TOYOTA,2014,1.8,Hybrid,Automatic,54059,Sedan,21953,Prius
8230,CHEVROLET,2014,1.6,Petrol,Automatic,46244,Hatchback,17346,Aveo
8231,CHEVROLET,2009,1.6,Petrol,Automatic,32605,Sedan,8311,Lacetti
8232,SUBARU,2005,2.0,Petrol,Automatic,119303,Sedan,7840,Legacy
8233,CHEVROLET,2016,1.4,Petrol,Tiptronic,18020,Sedan,25089,Cruze
8234,HONDA,2015,1.5,Petrol,Automatic,69375,Hatchback,24512,FIT
8235,LEXUS,2010,3.5,Hybrid,Automatic,103907,Jeep,5018,RX 450
8236,MERCEDES-BENZ,2011,3.5,Diesel,Automatic,40076,Sedan,13642,E 350
8237,HONDA,2014,1.5,Hybrid,Automatic,71458,Sedan,10663,FIT
8238,SUBARU,1999,2.5,Petrol,Automatic,116196,Universal,6272,Legacy Outback
8239,TOYOTA,2012,3.5,Petrol,Automatic,177206,Sedan,9565,Highlander
8240,HYUNDAI,2014,2.0,LPG,Automatic,225218,Sedan,10036,Sonata
8241,CITROEN,2007,1.6,Petrol,Manual,130488,Hatchback,12544,C4
8242,HONDA,2005,2.4,Petrol,Automatic,85004,Minivan,11917,Step Wagon
8243,NISSAN,2005,2.0,Petrol,Automatic,111847,Jeep,12858,X-Trail
8244,TOYOTA,2015,2.5,Petrol,Automatic,29284,Sedan,26343,Camry SE
8245,HYUNDAI,2010,2.5,Diesel,Automatic,71475,Jeep,19757,H1
8246,VOLKSWAGEN,2016,1.8,Petrol,Tiptronic,16777,Sedan,23207,Jetta
8247,BMW,2012,3.0,Diesel,Tiptronic,123163,Jeep,30420,X5
8248,MERCEDES-BENZ,2003,2.7,Diesel,Automatic,152236,Sedan,13485,E 270
8249,OPEL,2002,1.6,Petrol,Automatic,169081,Goods wagon,4300,Astra
8250,TOYOTA,2012,1.5,Hybrid,Automatic,158077,Sedan,19130,Prius C
8251,NISSAN,2017,2.5,Petrol,Automatic,27975,Sedan,10506,Altima
8252,JEEP,2004,4.0,CNG,Automatic,93827,Jeep,12074,Grand Cherokee
8253,TOYOTA,2016,1.8,Hybrid,Automatic,30284,Hatchback,21953,Prius
8254,BMW,2011,4.4,Petrol,Tiptronic,621,Jeep,28600,X6
8255,TOYOTA,2011,3.5,Petrol,Automatic,112917,Sedan,3607,Sienna
8256,HONDA,2011,1.3,Hybrid,Automatic,77671,Hatchback,10349,FIT Modulo
8257,HYUNDAI,2016,2.4,Petrol,Automatic,57788,Sedan,15994,Sonata
8258,TOYOTA,2012,3.5,Hybrid,Automatic,97686,Jeep,9879,Highlander
8259,HYUNDAI,2016,2.0,Diesel,Automatic,75922,Jeep,42052,Santa FE
8260,TOYOTA,2013,1.5,Hybrid,Variator,64001,Hatchback,16621,Prius C
8261,HYUNDAI,2011,2.5,Diesel,Automatic,75065,Minivan,22266,H1
8262,HYUNDAI,2011,2.0,Petrol,Automatic,112344,Sedan,18817,Sonata
8263,VOLKSWAGEN,2002,2.0,Petrol,Automatic,93206,Hatchback,5645,Golf
8264,HYUNDAI,2010,1.6,Petrol,Automatic,60355,Sedan,12880,Elantra
8265,HYUNDAI,2011,1.6,Petrol,Automatic,77604,Sedan,19384,Elantra
8266,VOLKSWAGEN,2014,1.8,Petrol,Tiptronic,52817,Sedan,13799,Jetta
8267,BMW,2008,3.0,Diesel,Tiptronic,132352,Jeep,25089,X5
8268,FORD,2013,1.6,Petrol,Variator,53438,Sedan,12858,Fiesta
8269,HYUNDAI,2015,1.8,Petrol,Tiptronic,35418,Sedan,20071,Elantra LIMITED
8270,MAZDA,2005,3.0,Petrol,Manual,123031,Sedan,6586,Mazda 6
8271,CHEVROLET,2015,2.2,Diesel,Automatic,37282,Jeep,23414,Captiva
8272,CHEVROLET,2014,2.0,Diesel,Automatic,37624,Sedan,11895,Cruze
8273,ALFA ROMEO,2013,1.4,Petrol,Tiptronic,52817,Hatchback,18817,Giulietta
8274,CHEVROLET,2015,2.0,Petrol,Automatic,22221,Jeep,13642,Orlando
8275,OPEL,2009,1.7,Diesel,Manual,86992,Goods wagon,11917,Astra H
8276,MERCEDES-BENZ,2008,3.0,Diesel,Tiptronic,106876,Jeep,36692,GL 320
8277,BMW,2011,3.0,Diesel,Automatic,206446,Jeep,10192,X5
8278,TOYOTA,2014,2.5,Hybrid,Automatic,111462,Sedan,11133,Camry
8279,HYUNDAI,2015,2.0,LPG,Automatic,174370,Sedan,10663,Sonata
8280,MERCEDES-BENZ,2014,3.5,Diesel,Automatic,148226,Sedan,11133,E 350
8281,SSANGYONG,2013,2.0,Diesel,Automatic,90801,Jeep,33823,REXTON
8282,HYUNDAI,2016,2.0,Diesel,Automatic,231537,Jeep,55638,Santa FE
8283,LEXUS,2010,3.5,Petrol,Tiptronic,119303,Sedan,25716,IS 350
8284,HONDA,2013,1.5,Hybrid,Automatic,95940,Hatchback,16719,FIT
8285,OPEL,1999,1.6,Petrol,Manual,90099,Sedan,4700,Astra
8286,FORD,2014,2.0,Petrol,Tiptronic,83512,Sedan,13172,Focus
8287,HONDA,2011,1.3,Petrol,Variator,86992,Hatchback,12544,FIT
8288,HYUNDAI,2017,1.7,Diesel,Automatic,76946,Jeep,45210,Tucson
8289,BMW,2006,2.0,Petrol,Manual,147265,Sedan,13485,318
8290,TOYOTA,2002,2.4,LPG,Tiptronic,124274,Minivan,9408,Ipsum
8291,CHEVROLET,2007,2.0,Diesel,Automatic,48211,Jeep,7527,Captiva
8292,MERCEDES-BENZ,2002,2.6,Petrol,Tiptronic,99419,Sedan,17562,E 320
8293,TOYOTA,2011,1.8,Petrol,Variator,167025,Hatchback,21012,Prius
8294,NISSAN,2005,3.5,CNG,Automatic,96437,Jeep,20385,Murano
8295,MERCEDES-BENZ,1997,2.0,CNG,Tiptronic,194003,Sedan,5300,E 220
8296,SSANGYONG,2015,2.0,Diesel,Automatic,38882,Jeep,49751,REXTON
8297,OPEL,1999,1.2,Petrol,Manual,123709,Hatchback,4861,Astra
8298,MERCEDES-BENZ,2005,2.2,Diesel,Manual,111847,Microbus,14113,Vito
8299,HYUNDAI,2016,2.5,Diesel,Automatic,68120,Minivan,36235,H1
8300,TOYOTA,2017,1.8,Hybrid,Automatic,28265,Hatchback,16308,Prius
8301,CHEVROLET,2012,1.4,Plug-in Hybrid,Variator,173984,Sedan,20071,Volt
8302,LEXUS,2011,4.6,Petrol,Automatic,55841,Sedan,43360,LS 460
8303,LEXUS,2010,4.6,Petrol,Automatic,96823,Jeep,39829,GX 460
8304,VOLKSWAGEN,2014,2.0,Petrol,Tiptronic,70215,Jeep,27598,Tiguan
8305,HYUNDAI,2014,2.5,Diesel,Automatic,65530,Minivan,36899,H1
8306,TOYOTA,2019,1.5,Petrol,Automatic,15534,Hatchback,28532,Aqua
8307,NISSAN,2015,1.6,Petrol,Automatic,69222,Jeep,5018,Juke
8308,HONDA,2016,2.4,Petrol,Automatic,55950,Sedan,3058,Accord
8309,NISSAN,2004,3.5,LPG,Tiptronic,81400,Minivan,15681,Elgrand
8310,HYUNDAI,2001,2.4,CNG,Tiptronic,1455,Jeep,3000,Santa FE
8311,HONDA,2006,2.4,Petrol,Automatic,74875,Minivan,15681,Elysion
8312,HYUNDAI,2013,1.6,Petrol,Automatic,45733,Sedan,19444,Veloster
8313,HONDA,2014,1.5,Petrol,Variator,48715,Sedan,21953,FIT
8314,HYUNDAI,2015,2.0,LPG,Automatic,109515,Sedan,14279,Sonata
8315,HYUNDAI,2016,2.0,Diesel,Automatic,65918,Jeep,51075,Santa FE
8316,HYUNDAI,2012,2.4,Hybrid,Automatic,129635,Sedan,4234,Sonata
8317,HONDA,2005,1.5,Petrol,Variator,118060,Hatchback,8624,FIT
8318,BMW,2012,2.0,Petrol,Tiptronic,114332,Sedan,36065,528
8319,SSANGYONG,2012,2.0,Diesel,Automatic,53842,Jeep,24709,Korando
8320,TOYOTA,2012,1.8,Hybrid,Automatic,120297,Hatchback,20385,Prius
8321,MERCEDES-BENZ,2016,2.0,Petrol,Automatic,68074,Jeep,8311,GLA 250
8322,SSANGYONG,2016,1.6,Petrol,Automatic,47568,Jeep,37611,Actyon
8323,SSANGYONG,2011,2.0,Diesel,Automatic,68351,Jeep,20297,REXTON
8324,LEXUS,2013,3.5,Hybrid,Variator,43185,Sedan,62722,GS 450
8325,MERCEDES-BENZ,2006,2.5,Petrol,Tiptronic,135459,Sedan,13799,C 230
8326,CHEVROLET,2007,2.0,Diesel,Tiptronic,33554,Jeep,14740,Captiva
8327,TOYOTA,2010,1.8,Hybrid,Automatic,146644,Sedan,13328,Prius
8328,TOYOTA,2014,2.5,Hybrid,Automatic,68225,Sedan,5488,Camry
8329,HYUNDAI,2010,2.0,Petrol,Automatic,91391,Sedan,15257,Sonata
8330,TOYOTA,2015,1.8,Hybrid,Variator,167025,Sedan,31361,Prius
8331,FORD,1998,2.5,Diesel,Manual,111847,Microbus,11604,Transit
8332,MERCEDES-BENZ,1999,2.7,Diesel,Tiptronic,229907,Sedan,9565,E 270
8333,MAZDA,2002,1.5,LPG,Tiptronic,102526,Hatchback,6272,Demio
8334,FORD,2005,2.0,Diesel,Manual,93206,Microbus,32929,Transit
8335,KIA,2017,2.4,Petrol,Tiptronic,18890,Sedan,23521,Optima
8336,HYUNDAI,2016,2.0,Petrol,Automatic,26719,Sedan,48547,Sonata
8337,HONDA,2001,1.3,Petrol,Variator,93421,Hatchback,8467,FIT
8338,AUDI,2014,3.0,Diesel,Automatic,42257,Sedan,37633,A8
8339,HONDA,2014,1.8,Petrol,Automatic,79330,Sedan,2274,Civic
8340,BMW,2002,2.0,Petrol,Tiptronic,90099,Sedan,10349,318
8341,TOYOTA,2014,1.8,Hybrid,Automatic,129681,Hatchback,4234,Prius
8342,HYUNDAI,2014,2.0,Diesel,Automatic,34245,Jeep,45542,Santa FE
8343,NISSAN,1996,1.1,CNG,Manual,136702,Sedan,2200,Micra
8344,SSANGYONG,2011,2.0,Diesel,Automatic,81190,Jeep,19278,REXTON
8345,CHEVROLET,2012,1.4,Plug-in Hybrid,Automatic,116818,Hatchback,23521,Volt
8346,VOLKSWAGEN,2015,1.6,Petrol,Manual,167770,Sedan,12544,Polo
8347,HONDA,2018,1.3,Petrol,Automatic,1637,Hatchback,22900,FIT
8348,HYUNDAI,2014,2.0,Diesel,Automatic,81452,Jeep,32578,Tucson
8349,TOYOTA,2015,2.5,Petrol,Automatic,71991,Sedan,6429,Camry
8350,TOYOTA,2018,2.5,Petrol,Automatic,18444,Sedan,14583,Camry
8351,CHEVROLET,2015,2.0,LPG,Automatic,68038,Jeep,24283,Orlando
8352,SSANGYONG,2013,2.0,Diesel,Automatic,69163,Jeep,26108,REXTON
8353,KIA,2017,1.6,Hybrid,Automatic,64293,Sedan,4391,Avella
8354,TOYOTA,2007,1.5,Hybrid,Automatic,159692,Hatchback,10036,Prius
8355,JEEP,2010,2.4,Petrol,Automatic,50490,Jeep,27294,Compass
8356,MERCEDES-BENZ,2001,2.2,Diesel,Automatic,170877,Sedan,11604,C 240
8357,VOLKSWAGEN,2013,2.0,Petrol,Manual,83885,Sedan,22894,Jetta
8358,TOYOTA,2003,2.0,Petrol,Variator,155343,Minivan,7527,VOXY
8359,HYUNDAI,2014,2.0,Petrol,Tiptronic,68351,Hatchback,18817,Elantra
8360,BMW,2008,3.0,Petrol,Automatic,97555,Coupe,25089,335
8361,FORD,2014,2.0,Petrol,Tiptronic,55923,Hatchback,14740,Focus
8362,FORD,1996,2.5,Diesel,Manual,130488,Microbus,13799,Transit
8363,TOYOTA,2008,3.3,Hybrid,Automatic,118060,Jeep,23521,Highlander LIMITED
8364,TOYOTA,2017,2.5,Petrol,Automatic,29848,Sedan,14269,Camry
8365,AUDI,2007,3.2,Petrol,Tiptronic,188897,Sedan,15681,A6
8366,FORD,2013,2.0,Petrol,Automatic,81569,Jeep,1490,Escape
8367,HYUNDAI,2014,1.6,Petrol,Automatic,86992,Sedan,25591,Elantra
8368,SSANGYONG,2015,2.0,Diesel,Automatic,73549,Jeep,47076,REXTON
8369,MINI,2012,1.6,Petrol,Manual,46603,Jeep,18503,Countryman
8370,CHEVROLET,2015,2.2,Diesel,Automatic,43498,Jeep,41400,Captiva
8371,DODGE,2006,3.3,LPG,Automatic,83885,Minivan,13485,Caravan
8372,HONDA,2010,1.5,Hybrid,Manual,124274,Coupe,11917,CR-Z
8373,MERCEDES-BENZ,2009,3.5,Petrol,Automatic,69041,Sedan,21326,E 350
8374,TOYOTA,2017,1.5,Petrol,Automatic,63580,Sedan,3058,Yaris
8375,TOYOTA,2006,1.5,Hybrid,Automatic,186411,Sedan,5018,Prius
8376,HONDA,2014,1.5,Hybrid,Automatic,37282,Hatchback,13172,FIT
8377,CHEVROLET,2009,1.6,Petrol,Automatic,48909,Sedan,6125,Cruze
8378,MERCEDES-BENZ,2003,2.2,Diesel,Manual,133595,Sedan,9722,E 220
8379,LEXUS,2010,3.5,Hybrid,Tiptronic,92118,Jeep,39201,RX 450 HYBRID
8380,TOYOTA,2017,1.5,Petrol,Automatic,23295,Hatchback,35808,Aqua
8381,MERCEDES-BENZ,2018,2.0,Petrol,Tiptronic,7456,Jeep,65545,GLC 300
8382,HYUNDAI,2014,2.0,Petrol,Tiptronic,65244,Hatchback,19444,Elantra GT
8383,NISSAN,1997,1.0,Petrol,Manual,69041,Sedan,3700,Micra
8384,HYUNDAI,2015,2.0,Diesel,Automatic,19418,Jeep,34340,Santa FE
8385,CHEVROLET,2014,1.6,Petrol,Automatic,36844,Hatchback,19071,Aveo
8386,HYUNDAI,2017,1.7,Diesel,Automatic,43202,Jeep,50861,Tucson
8387,MITSUBISHI,2003,2.0,Petrol,Tiptronic,9010,Jeep,7840,Airtrek
8388,MERCEDES-BENZ,2008,3.5,Diesel,Automatic,227962,Jeep,3763,ML 350
8389,FORD,2014,2.0,Hybrid,Automatic,31131,Hatchback,19444,C-MAX
8390,FORD,2017,2.0,Hybrid,Automatic,48003,Sedan,27284,C-MAX
8391,MERCEDES-BENZ,2014,4.6,Petrol,Automatic,61184,Sedan,48610,S 550
8392,OPEL,2003,1.6,CNG,Manual,100662,Universal,6272,Astra CNG
8393,HYUNDAI,2013,2.0,Diesel,Automatic,135633,Jeep,33243,Santa FE
8394,TOYOTA,2014,1.8,Hybrid,Automatic,211086,Jeep,14113,Prius
8395,DAEWOO,2010,1.8,Petrol,Automatic,53675,Sedan,5739,Lacetti
8396,LEXUS,2013,4.6,Petrol,Automatic,95763,Jeep,1490,GX 470
8397,SSANGYONG,2017,1.6,Diesel,Automatic,33806,Jeep,40926,Actyon
8398,TOYOTA,2013,1.5,Hybrid,Variator,6835,Hatchback,19444,Prius C ჰიბრიდი
8399,ROVER,1997,1.6,Petrol,Manual,100662,Sedan,2500,216
8400,HYUNDAI,2011,1.6,Petrol,Automatic,22339,Sedan,20005,Elantra
8401,TOYOTA,2013,1.8,Hybrid,Tiptronic,4039,Sedan,17249,Prius
8402,SSANGYONG,2013,2.0,Diesel,Automatic,57595,Jeep,22947,Korando
8403,CHEVROLET,2011,1.4,Hybrid,Automatic,179438,Hatchback,2666,Volt
8404,NISSAN,2001,1.0,Petrol,Manual,124274,Coupe,3500,Micra
8405,HYUNDAI,2016,2.0,LPG,Automatic,197040,Sedan,15681,Sonata
8406,TOYOTA,2012,1.8,Hybrid,Automatic,31690,Hatchback,13500,Prius V
8407,VOLKSWAGEN,2014,2.0,Diesel,Automatic,10474,Sedan,5331,Jetta
8408,TOYOTA,2012,2.5,Petrol,Automatic,99358,Jeep,5959,RAV 4
8409,TOYOTA,2015,2.5,Petrol,Tiptronic,7146,Sedan,34497,Camry
8410,MERCEDES-BENZ,2012,3.0,Diesel,Automatic,168827,Jeep,26657,ML 350
8411,HYUNDAI,2016,2.5,Diesel,Automatic,77490,Universal,44517,H1
8412,TOYOTA,2017,2.5,Petrol,Tiptronic,37282,Sedan,13172,Camry SPORT
8413,FORD,2014,1.6,Petrol,Automatic,43598,Jeep,30417,Escape
8414,SSANGYONG,2009,2.7,Diesel,Automatic,35188,Jeep,9252,REXTON
8415,MERCEDES-BENZ,2010,3.5,Petrol,Automatic,78293,Jeep,25089,ML 350 sport
8416,HYUNDAI,2010,1.6,Petrol,Automatic,81284,Sedan,11563,Elantra
8417,HYUNDAI,2009,3.8,Petrol,Automatic,88471,Sedan,25399,Genesis
8418,HONDA,2008,1.3,Hybrid,Variator,86992,Sedan,14113,Civic
8419,TOYOTA,2014,2.5,Hybrid,Automatic,111462,Sedan,11133,Camry
8420,ROVER,1996,1.6,Petrol,Manual,76636,Sedan,1800,416
8421,FORD,2013,1.6,Petrol,Automatic,63741,Sedan,14113,Fiesta
8422,KIA,2012,2.0,Petrol,Tiptronic,71458,Sedan,22580,Optima
8423,CHEVROLET,2016,3.6,Petrol,Automatic,57056,Jeep,10506,Traverse
8424,FORD,2009,2.4,Diesel,Manual,82642,Microbus,21950,Transit
8425,MITSUBISHI,2010,3.8,Petrol,Automatic,43496,Jeep,36065,Pajero
8426,MERCEDES-BENZ,2012,3.0,Diesel,Automatic,168827,Jeep,26657,ML 350
8427,HYUNDAI,2015,1.6,Petrol,Automatic,64555,Sedan,25889,Elantra
8428,LAND ROVER,2007,2.7,Diesel,Tiptronic,122410,Jeep,25402,Range Rover
8429,CHEVROLET,2017,1.5,Hybrid,Automatic,32350,Hatchback,26030,Volt
8430,SSANGYONG,2010,2.0,Diesel,Automatic,125477,Sedan,14966,Actyon
8431,DAIHATSU,2008,0.7,Petrol,Manual,41632,Jeep,10349,Terios
8432,HONDA,2014,1.3,Hybrid,Automatic,93187,Hatchback,2274,Insight
8433,HYUNDAI,2016,2.0,Diesel,Automatic,93464,Jeep,41632,Santa FE
8434,BMW,2010,3.0,Petrol,Tiptronic,63400,Sedan,37006,535
8435,DAEWOO,2009,1.6,Petrol,Automatic,73126,Sedan,5883,Lacetti
8436,DODGE,2009,2.0,Petrol,Tiptronic,75807,Jeep,14740,Caliber
8437,CHEVROLET,2017,1.4,Petrol,Automatic,44427,Sedan,2038,Cruze
8438,TOYOTA,2014,2.7,Petrol,Automatic,40385,Jeep,3293,Tacoma
8439,TOYOTA,2004,2.0,Petrol,Automatic,105633,Minivan,11290,Noah
8440,TOYOTA,2014,2.5,Hybrid,Automatic,68225,Sedan,5488,Camry
8441,MAZDA,2013,2.5,Petrol,Tiptronic,77671,Sedan,16308,Mazda 6 Grand touring
8442,TOYOTA,2006,1.3,Petrol,Automatic,105653,Sedan,11604,Vitz
8443,VOLKSWAGEN,2014,1.4,Hybrid,Automatic,93206,Sedan,17249,Jetta
8444,HYUNDAI,2017,2.0,Petrol,Automatic,26830,Sedan,49751,Sonata
8445,HYUNDAI,2010,1.6,Petrol,Automatic,61254,Sedan,15100,Elantra
8446,TOYOTA,2014,1.5,Hybrid,Variator,63927,Hatchback,20385,Prius C
8447,HYUNDAI,2014,2.0,Diesel,Automatic,156089,Jeep,25591,Tucson
8448,TOYOTA,2014,2.5,Petrol,Tiptronic,48345,Sedan,21796,Camry
8449,HONDA,2011,1.3,Hybrid,Automatic,69594,Hatchback,7840,FIT
8450,KIA,2016,2.4,Petrol,Tiptronic,72576,Sedan,25089,Optima
8451,TOYOTA,2016,2.5,Petrol,Automatic,76429,Sedan,23521,Camry
8452,HONDA,2016,2.4,Petrol,Automatic,96222,Sedan,7683,Accord
8453,MERCEDES-BENZ,2008,2.2,Diesel,Manual,167149,Minivan,26657,Vito
8454,LEXUS,2015,2.5,Petrol,Automatic,43592,Sedan,5018,IS 250
8455,HYUNDAI,2015,2.0,Diesel,Automatic,68351,Jeep,48403,Santa FE
8456,BMW,2005,2.0,Petrol,Tiptronic,68351,Coupe,9408,318
8457,MERCEDES-BENZ,2010,2.0,Diesel,Tiptronic,130488,Sedan,32929,E 200
8458,HYUNDAI,2016,1.6,Diesel,Automatic,20516,Sedan,23207,Elantra
8459,LEXUS,2012,4.6,Petrol,Automatic,142501,Jeep,52059,GX 460
8460,MERCEDES-BENZ,1997,3.2,CNG,Automatic,160314,Sedan,6000,E 320
8461,FORD,2013,2.0,Petrol,Tiptronic,72576,Sedan,14113,Focus
8462,KIA,2013,2.4,Petrol,Automatic,66580,Jeep,25873,Sorento EX
8463,HYUNDAI,2012,1.8,Petrol,Tiptronic,60273,Sedan,16935,Elantra LIMITED
8464,TOYOTA,2016,2.5,Petrol,Tiptronic,11806,Sedan,33870,Camry SPORT PAKET
8465,HYUNDAI,2012,1.6,Petrol,Automatic,64306,Sedan,19121,Elantra
8466,SSANGYONG,2010,2.0,Diesel,Automatic,91133,Sedan,15530,Actyon
8467,KIA,2016,1.7,Petrol,Automatic,18739,Sedan,26500,Optima
8468,HYUNDAI,2011,1.6,Petrol,Automatic,96250,Sedan,18240,Elantra
8469,NISSAN,2016,1.6,Petrol,Automatic,113088,Jeep,2117,Juke
8470,BMW,2014,3.0,Diesel,Automatic,68795,Jeep,16621,X5
8471,VOLKSWAGEN,1996,1.6,Petrol,Manual,99419,Hatchback,3000,Golf
8472,MERCEDES-BENZ,2008,3.5,Diesel,Automatic,180770,Sedan,2195,E 350
8473,HONDA,2011,2.0,Petrol,Automatic,95070,Minivan,13799,Elysion
8474,MERCEDES-BENZ,2008,1.5,Diesel,Tiptronic,621,Sedan,3136,SLK 32 AMG
8475,MERCEDES-BENZ,2010,3.5,Petrol,Tiptronic,11185,Sedan,29793,E 350
8476,MERCEDES-BENZ,2014,3.5,Diesel,Automatic,136099,Sedan,29793,E 350
8477,MERCEDES-BENZ,2001,3.2,Petrol,Tiptronic,58409,Sedan,15681,C 32 AMG
8478,FORD,2008,2.4,Petrol,Manual,113711,Microbus,14740,Transit
8479,CHEVROLET,2013,2.2,Diesel,Automatic,57893,Jeep,32973,Captiva
8480,SSANGYONG,2016,1.6,Diesel,Automatic,14768,Jeep,42667,Actyon
8481,TOYOTA,2009,3.3,Hybrid,Automatic,197818,Sedan,1019,Highlander
8482,LEXUS,2012,1.8,Hybrid,Automatic,107091,Hatchback,23050,CT 200h
8483,MERCEDES-BENZ,2011,3.0,Diesel,Automatic,180509,Jeep,3763,ML 350
8484,SSANGYONG,2017,1.6,Petrol,Automatic,31535,Jeep,42102,Actyon
8485,TOYOTA,2011,1.8,Hybrid,Automatic,127257,Sedan,18189,Prius
8486,TOYOTA,2013,1.8,Hybrid,Variator,42875,Hatchback,23207,Prius
8487,CHEVROLET,2014,1.4,Petrol,Tiptronic,1243,Sedan,10976,Cruze
8488,NISSAN,2006,2.3,Petrol,Automatic,96313,Sedan,9408,Teana
8489,HYUNDAI,2009,2.5,Diesel,Automatic,71448,Minivan,15329,H1
8490,HONDA,2017,1.5,Petrol,Automatic,30447,Hatchback,39615,FIT
8491,MERCEDES-BENZ,2017,2.0,Petrol,Automatic,31667,Sedan,56136,E 300
8492,HYUNDAI,2010,2.0,Petrol,Automatic,127985,Sedan,15257,Sonata
8493,HONDA,2010,1.8,Petrol,Automatic,54824,Sedan,5645,Civic
8494,AUDI,2005,2.0,Diesel,Tiptronic,13794,Sedan,16621,A3
8495,FORD,2007,2.4,Diesel,Manual,117439,Microbus,20385,Transit
8496,TOYOTA,2010,1.8,Hybrid,Automatic,103010,Hatchback,11290,Prius
8497,TOYOTA,2013,1.5,Petrol,Automatic,65368,Hatchback,10036,Aqua
8498,SSANGYONG,2011,2.0,Diesel,Automatic,118060,Jeep,22357,REXTON
8499,CHEVROLET,2012,2.0,Diesel,Automatic,86764,Jeep,19416,Orlando
8500,BMW,2011,3.0,Diesel,Tiptronic,129245,Jeep,22266,X5
8501,LEXUS,2015,4.6,Petrol,Automatic,116866,Jeep,5018,GX 460
8502,BMW,2013,2.0,Petrol,Tiptronic,125119,Sedan,21953,328
8503,HYUNDAI,2009,2.0,Petrol,Automatic,32777,Coupe,15608,Genesis
8504,HYUNDAI,2016,1.7,Diesel,Automatic,62251,Jeep,45210,Tucson
8505,UAZ,2000,2.5,Petrol,Manual,31069,Microbus,6272,31514 UAZ
8506,HYUNDAI,2014,2.5,Diesel,Automatic,107802,Minivan,23436,H1
8507,OPEL,2005,1.6,CNG,Manual,103769,Universal,8781,Combo
8508,HYUNDAI,2019,2.0,Petrol,Automatic,19387,Sedan,22580,Tucson
8509,TOYOTA,2018,1.8,Petrol,Automatic,48845,Sedan,6429,Corolla
8510,BMW,1999,2.8,LPG,Tiptronic,136702,Sedan,8467,528
8511,HYUNDAI,2012,1.8,Petrol,Tiptronic,54059,Coupe,12858,Elantra
8512,HYUNDAI,2010,1.6,Petrol,Automatic,68351,Sedan,13739,Elantra
8513,BMW,2012,3.0,Diesel,Automatic,64286,Jeep,8154,X5
8514,LEXUS,2012,1.8,Hybrid,Automatic,119728,Hatchback,1019,CT 200h
8515,HYUNDAI,2015,2.4,Petrol,Tiptronic,43680,Sedan,24462,Sonata SPORT
8516,TOYOTA,2011,1.8,Hybrid,Variator,80157,Sedan,17876,Prius
8517,HYUNDAI,2010,2.0,Diesel,Automatic,33077,Jeep,15053,Tucson
8518,BMW,2003,3.0,Diesel,Tiptronic,621,Jeep,16000,X5
8519,MERCEDES-BENZ,2009,3.5,Diesel,Automatic,67816,Sedan,3450,E 350
8520,HYUNDAI,2014,1.6,Diesel,Automatic,112612,Sedan,15035,Accent
8521,CITROEN,2002,1.9,Diesel,Manual,118060,Goods wagon,7840,Berlingo
8522,TOYOTA,2014,1.5,Petrol,Automatic,12427,Hatchback,31211,Aqua
8523,CHEVROLET,2012,1.4,Hybrid,Automatic,100780,Hatchback,4547,Volt
8524,FORD,2010,2.5,Hybrid,Automatic,96934,Sedan,17876,Fusion HIBRID
8525,HONDA,2011,2.0,Petrol,Automatic,59652,Minivan,22580,Step Wagon
8526,CHEVROLET,2017,1.0,Petrol,Automatic,17539,Sedan,12858,Spark
8527,HYUNDAI,2007,1.6,Petrol,Automatic,114517,Sedan,8097,Elantra
8528,MERCEDES-BENZ,2008,3.0,Diesel,Automatic,135459,Jeep,27598,ML 280
8529,MERCEDES-BENZ,2011,3.5,Diesel,Automatic,74179,Sedan,16621,E 350
8530,VOLKSWAGEN,2014,2.0,Diesel,Tiptronic,131427,Sedan,18817,Passat
8531,HYUNDAI,2010,2.0,Petrol,Automatic,118845,Coupe,16753,Genesis
8532,VOLKSWAGEN,2014,2.0,Diesel,Automatic,104786,Sedan,9565,Jetta
8533,TOYOTA,2001,1.5,Petrol,Manual,93206,Sedan,12541,Vitz RS
8534,VOLKSWAGEN,2013,1.8,Petrol,Tiptronic,53438,Sedan,18503,Passat
8535,HYUNDAI,2013,2.0,Petrol,Automatic,24142,Sedan,11259,Sonata
8536,TOYOTA,2013,1.5,Hybrid,Variator,92584,Hatchback,14113,Aqua S
8537,BMW,2016,2.0,Petrol,Tiptronic,14292,Sedan,46101,328
8538,TOYOTA,2013,1.5,Hybrid,Automatic,49710,Hatchback,10976,Aqua
8539,HYUNDAI,2011,2.0,Diesel,Automatic,33220,Jeep,16151,Tucson
8540,MERCEDES-BENZ,2005,2.7,Diesel,Tiptronic,15907,Microbus,19444,Sprinter 316
8541,NISSAN,2012,1.6,Petrol,Automatic,107855,Jeep,3763,Juke
8542,MITSUBISHI,2005,1.3,Petrol,Automatic,54681,Universal,8467,Colt
8543,OPEL,2001,2.0,Diesel,Manual,186411,Minivan,9252,Zafira
8544,HYUNDAI,2015,2.0,Diesel,Automatic,52903,Jeep,48403,Santa FE
8545,BMW,2016,2.0,Petrol,Tiptronic,31690,Sedan,51746,330
8546,LEXUS,2008,3.3,Hybrid,Automatic,139578,Jeep,8154,RX 400
8547,TOYOTA,2012,2.5,Petrol,Automatic,75383,Sedan,5175,Camry
8548,VOLKSWAGEN,2012,2.5,Petrol,Tiptronic,46603,Sedan,18503,Passat
8549,CHEVROLET,2011,2.2,Diesel,Automatic,65865,Jeep,19482,Captiva
8550,HYUNDAI,2011,1.6,Petrol,Automatic,98069,Sedan,17158,Elantra
8551,VOLKSWAGEN,2004,4.0,Petrol,Tiptronic,36934,Sedan,12074,Passat
8552,HYUNDAI,2016,1.6,LPG,Automatic,19747,Sedan,20855,Elantra
8553,AUDI,2016,2.0,Petrol,Automatic,34946,Jeep,47042,Q5
8554,HYUNDAI,2014,2.5,Diesel,Automatic,108420,Minivan,27924,H1
8555,NISSAN,2012,1.8,Petrol,Automatic,102997,Hatchback,8467,Versa
8556,HUMMER,2006,3.5,Petrol,Automatic,115253,Jeep,24618,H3
8557,MERCEDES-BENZ,2002,2.6,Petrol,Tiptronic,193868,Sedan,6272,E 240
8558,TOYOTA,2008,1.5,Hybrid,Automatic,153248,Sedan,2901,Prius
8559,TOYOTA,2012,1.8,Hybrid,Automatic,36661,Hatchback,20385,Prius
8560,FORD,2004,2.2,Diesel,Automatic,142915,Goods wagon,6899,Mondeo
8561,MERCEDES-BENZ,2010,3.5,Petrol,Tiptronic,99419,Jeep,26657,ML 350
8562,FORD,2013,2.0,Hybrid,Automatic,45981,Jeep,20385,C-MAX
8563,MERCEDES-BENZ,2012,4.6,Diesel,Automatic,112256,Jeep,1725,ML 350
8564,SUZUKI,2013,2.0,Petrol,Tiptronic,155343,Jeep,11604,SX4
8565,HYUNDAI,2015,2.0,LPG,Automatic,193456,Sedan,10976,Sonata
8566,HYUNDAI,2015,1.6,Petrol,Automatic,72700,Sedan,25889,Elantra
8567,OPEL,2000,1.6,Petrol,Manual,142283,Hatchback,7370,Astra
8568,TOYOTA,2012,2.5,Hybrid,Automatic,133034,Sedan,4077,Camry
8569,HYUNDAI,2015,2.0,Diesel,Automatic,22878,Jeep,55638,Santa FE
8570,FORD,2015,1.5,Petrol,Automatic,37282,Sedan,23521,Fusion
8571,MERCEDES-BENZ,2012,3.0,Diesel,Automatic,106392,Sedan,9565,E 350
8572,VOLKSWAGEN,2014,2.0,Petrol,Tiptronic,96313,Jeep,25089,Tiguan
8573,TOYOTA,2012,1.5,Hybrid,Automatic,63380,Sedan,8781,Aqua
8574,BMW,2007,3.0,Petrol,Tiptronic,142915,Sedan,17876,535 i
8575,HONDA,2010,1.3,Hybrid,Tiptronic,92584,Hatchback,9408,Insight
8576,MERCEDES-BENZ,2010,3.5,Diesel,Automatic,117768,Sedan,12388,E 350
8577,LEXUS,2011,3.5,Hybrid,Automatic,70836,Jeep,44846,RX 450
8578,LEXUS,2012,4.6,Petrol,Automatic,158702,Jeep,54568,GX 460
8579,TOYOTA,2010,1.8,Petrol,Automatic,114332,Sedan,15994,Prius
8580,HONDA,2014,1.5,Hybrid,Automatic,80778,Hatchback,15053,FIT GP-5
8581,HYUNDAI,2016,2.0,LPG,Automatic,195590,Sedan,15681,Sonata
8582,FORD,2001,1.3,Petrol,Manual,45981,Hatchback,3450,KA
8583,CHEVROLET,2017,1.5,Hybrid,Automatic,32350,Hatchback,26030,Volt
8584,VOLKSWAGEN,1996,2.0,CNG,Manual,1875,Goods wagon,1200,Passat
8585,SSANGYONG,2015,2.0,Diesel,Automatic,38882,Jeep,49751,REXTON
8586,FORD,1998,2.5,Diesel,Manual,167770,Goods wagon,19130,Transit
8587,HYUNDAI,2014,2.5,Diesel,Automatic,90854,Minivan,30750,H1
8588,TOYOTA,2006,1.5,Petrol,Variator,71458,Hatchback,9408,Vitz
8589,BMW,2011,4.4,Petrol,Tiptronic,105633,Jeep,32302,X5 M packet
8590,TOYOTA,2013,1.8,Hybrid,Automatic,63628,Hatchback,20071,Prius
8591,FIAT,2012,1.4,Petrol,Manual,79237,Hatchback,10976,500
8592,LEXUS,2010,4.6,Petrol,Automatic,221982,Jeep,40142,GX 470
8593,VOLKSWAGEN,2016,2.0,Petrol,Tiptronic,70588,Hatchback,7527,Golf GTI
8594,HYUNDAI,2016,1.6,Petrol,Automatic,54376,Sedan,27654,Elantra
8595,SSANGYONG,2016,1.6,Diesel,Automatic,28261,Jeep,39499,Actyon
8596,CHRYSLER,2004,3.0,Petrol,Automatic,104390,Coupe,9408,300
8597,RENAULT,2009,1.5,Diesel,Manual,99419,Goods wagon,10976,Kangoo Waggon
8598,HYUNDAI,2016,1.8,Petrol,Automatic,75708,Sedan,7683,Elantra
8599,JEEP,2011,2.4,Petrol,Automatic,60445,Jeep,27174,Compass
8600,MERCEDES-BENZ,2008,2.2,Diesel,Tiptronic,144158,Sedan,21400,C 200
8601,CHEVROLET,2011,1.4,Petrol,Tiptronic,44739,Sedan,12544,Cruze
8602,SUBARU,2006,2.0,Petrol,Tiptronic,133595,Sedan,10349,Legacy B4
8603,TOYOTA,2019,1.5,Hybrid,Tiptronic,13670,Universal,15000,Corolla
8604,KIA,2009,1.4,Petrol,Manual,9740,Sedan,12858,Ceed
8605,SUBARU,2012,2.5,Petrol,Tiptronic,105012,Jeep,14740,Forester
8606,SSANGYONG,2011,2.0,Diesel,Automatic,51988,Jeep,25889,REXTON
8607,CHEVROLET,2007,2.0,Diesel,Automatic,39493,Jeep,8311,Captiva
8608,HYUNDAI,2016,2.0,Diesel,Automatic,55044,Jeep,45542,Tucson
8609,TOYOTA,2007,1.5,Hybrid,Automatic,134216,Sedan,10663,Prius
8610,HYUNDAI,2010,1.6,Petrol,Automatic,77609,Sedan,11992,Elantra
8611,TOYOTA,2002,2.0,Petrol,Automatic,99761,Minivan,10976,VOXY
8612,HYUNDAI,2013,1.6,Petrol,Automatic,35272,Sedan,28830,Elantra
8613,HONDA,2014,1.5,Hybrid,Automatic,75186,Universal,17327,FIT
8614,TOYOTA,2013,2.5,Hybrid,Automatic,118402,Sedan,5018,Camry
8615,CHEVROLET,2012,2.0,Petrol,Automatic,84485,Sedan,25456,Malibu
8616,VOLKSWAGEN,2016,1.4,Petrol,Automatic,58111,Sedan,15994,Jetta SE
8617,BMW,2015,2.0,Diesel,Tiptronic,95070,Jeep,43902,X1
8618,OPEL,2005,1.6,Petrol,Manual,96313,Minivan,14113,Zafira
8619,HYUNDAI,2018,2.0,Petrol,Automatic,38151,Sedan,5018,Elantra
8620,MERCEDES-BENZ,2017,2.0,Petrol,Automatic,31646,Sedan,3450,E 300
8621,NISSAN,2017,1.6,Petrol,Automatic,29536,Jeep,27284,Juke
8622,HYUNDAI,2011,1.6,Petrol,Automatic,79627,Sedan,17484,Elantra
8623,HYUNDAI,2010,2.0,Petrol,Automatic,31986,Sedan,26180,Sonata
8624,HONDA,1998,1.4,Petrol,Manual,94448,Coupe,6586,Civic
8625,HYUNDAI,2013,2.0,Diesel,Automatic,74848,Jeep,41193,Santa FE
8626,HYUNDAI,2010,1.6,Petrol,Automatic,80135,Sedan,12585,Elantra
8627,VOLKSWAGEN,2013,2.5,Petrol,Tiptronic,59652,Sedan,16308,Passat
8628,MERCEDES-BENZ,2003,2.2,Diesel,Tiptronic,229907,Sedan,15053,E 220
8629,BMW,2000,2.5,Petrol,Manual,124274,Hatchback,10349,325
8630,NISSAN,2006,1.5,Petrol,Variator,83264,Hatchback,8500,Tiida
8631,VOLKSWAGEN,2014,1.8,Hybrid,Automatic,621,Sedan,17249,Jetta
8632,TOYOTA,2007,1.4,Hybrid,Automatic,164042,Hatchback,11290,Prius
8633,TOYOTA,2013,1.5,Petrol,Automatic,80778,Hatchback,12231,Aqua
8634,SSANGYONG,2018,1.6,Petrol,Automatic,7427,Jeep,44752,Actyon
8635,HYUNDAI,2016,1.6,LPG,Automatic,20849,Sedan,18346,Elantra
8636,VOLKSWAGEN,2008,2.0,Petrol,Manual,109361,Sedan,13485,Passat
8637,TOYOTA,2014,1.8,Hybrid,Automatic,47224,Hatchback,21169,Prius
8638,AUDI,2014,3.0,Petrol,Automatic,118914,Hatchback,9565,A7
8639,AUDI,2011,3.0,Diesel,Automatic,144502,Sedan,2352,Q7
8640,BMW,2011,3.5,Diesel,Tiptronic,65244,Jeep,36065,X5
8641,MERCEDES-BENZ,2008,3.5,Petrol,Tiptronic,76180,Coupe,29793,CLS 350 JAPAN
8642,TOYOTA,2006,1.3,Petrol,Automatic,68972,Hatchback,8781,Vitz
8643,DODGE,2016,3.6,Petrol,Automatic,78316,Coupe,3293,Challenger
8644,FORD,2000,2.5,Diesel,Manual,124274,Microbus,14113,Transit
8645,HYUNDAI,2016,2.5,Diesel,Automatic,73070,Minivan,32578,H1
8646,KIA,2013,2.0,Petrol,Automatic,21753,Sedan,12231,Optima
8647,MITSUBISHI,2012,2.4,Petrol,Automatic,79535,Jeep,21326,Outlander
8648,TOYOTA,2013,2.5,Petrol,Automatic,191813,Sedan,3920,Camry
8649,CHEVROLET,2014,2.0,Diesel,Automatic,63331,Sedan,21639,Cruze
8650,KIA,2008,2.0,Diesel,Automatic,37859,Jeep,9408,Sportage
8651,BMW,2015,2.0,Petrol,Tiptronic,60600,Jeep,25716,X1
8652,FORD,2015,2.0,Petrol,Automatic,44810,Sedan,12544,Focus
8653,HYUNDAI,2016,2.5,Diesel,Automatic,25400,Universal,30326,H1
8654,TOYOTA,2015,1.5,Petrol,Automatic,44304,Hatchback,17876,Prius C
8655,NISSAN,2008,1.5,Petrol,Automatic,70284,Sedan,7527,Note
8656,HONDA,2012,1.5,Petrol,Automatic,90099,Minivan,10000,Fred
8657,LEXUS,2015,2.5,Hybrid,Automatic,25095,Sedan,10192,ES 350
8658,BMW,2012,3.0,Petrol,Automatic,57254,Coupe,2666,335
8659,HYUNDAI,2014,1.8,Petrol,Tiptronic,93206,Sedan,18503,Elantra
8660,TOYOTA,2013,1.8,Hybrid,Variator,62137,Hatchback,20698,Prius s
8661,CHEVROLET,2017,2.5,Petrol,Automatic,35099,Sedan,35617,Impala
8662,HYUNDAI,2017,1.6,Diesel,Automatic,60894,Sedan,28909,Elantra
8663,HYUNDAI,2016,2.0,Diesel,Automatic,92880,Jeep,47217,Santa FE
8664,PEUGEOT,2003,1.6,Petrol,Automatic,52195,Hatchback,6899,307
8665,VOLKSWAGEN,2014,1.8,Petrol,Tiptronic,32311,Sedan,17249,Passat
8666,HYUNDAI,2011,1.6,Petrol,Automatic,79525,Sedan,19384,Elantra
8667,HYUNDAI,2011,2.4,Hybrid,Automatic,139404,Sedan,3450,Sonata
8668,HYUNDAI,2012,1.6,Petrol,Automatic,25650,Sedan,16778,Elantra
8669,TOYOTA,2012,1.8,Hybrid,Automatic,102526,Sedan,21012,Prius
8670,HONDA,2016,1.3,Petrol,Automatic,41564,Hatchback,15486,FIT
8671,VOLKSWAGEN,2008,2.0,Diesel,Automatic,95691,Minivan,18817,Touran
8672,HYUNDAI,2012,2.5,Diesel,Automatic,134216,Universal,21395,H1
8673,HYUNDAI,2016,2.0,LPG,Automatic,160094,Sedan,11290,Sonata
8674,CHEVROLET,2015,1.4,Petrol,Automatic,103966,Sedan,1490,Cruze
8675,HYUNDAI,2018,1.7,Diesel,Automatic,32797,Jeep,48867,Tucson
8676,CHEVROLET,2014,1.4,Hybrid,Automatic,69670,Hatchback,6586,Volt
8677,HONDA,2003,1.3,Petrol,Variator,83264,Hatchback,6743,FIT
8678,HYUNDAI,2016,2.0,LPG,Automatic,152674,Sedan,18760,Sonata
8679,HYUNDAI,2015,2.0,LPG,Automatic,31400,Sedan,14740,Sonata
8680,FORD,2017,1.5,Petrol,Automatic,25533,Jeep,21796,Escape SE
8681,HYUNDAI,2013,2.0,Diesel,Automatic,32514,Jeep,26804,Santa FE
8682,BMW,2014,2.0,Diesel,Tiptronic,98798,Sedan,37006,320 Diesel
8683,FIAT,2015,2.4,Petrol,Tiptronic,57663,Jeep,24148,500X
8684,MERCEDES-BENZ,2006,3.5,Petrol,Tiptronic,111847,Jeep,19601,ML 350
8685,TOYOTA,2010,1.8,Hybrid,Automatic,57788,Sedan,15367,Prius
8686,TOYOTA,2010,1.8,Hybrid,Automatic,56254,Hatchback,13172,Prius
8687,TOYOTA,2012,2.5,Hybrid,Automatic,99033,Sedan,3136,Camry
8688,HYUNDAI,2017,3.3,Petrol,Automatic,27837,Jeep,49864,Santa FE long
8689,TOYOTA,2009,1.5,Hybrid,Automatic,88499,Sedan,1882,Prius
8690,HYUNDAI,2013,1.8,Petrol,Tiptronic,25849,Sedan,15681,Elantra
8691,LEXUS,2013,4.6,Petrol,Automatic,95763,Jeep,1490,GX 470
8692,HYUNDAI,2015,1.8,Petrol,Automatic,10563,Sedan,18189,Elantra
8693,VOLKSWAGEN,1997,2.0,CNG,Manual,15534,Hatchback,3763,Golf
8694,HYUNDAI,2017,1.6,Petrol,Automatic,22044,Jeep,59338,Tucson
8695,SSANGYONG,2011,2.0,Diesel,Automatic,74139,Jeep,21768,Korando
8696,KIA,2014,2.4,Hybrid,Tiptronic,41010,Sedan,24148,Optima
8697,SUZUKI,2000,2.5,CNG,Automatic,216734,Jeep,6899,Grand Vitara
8698,VOLKSWAGEN,2013,1.0,Petrol,Automatic,27547,Hatchback,6899,UP
8699,SSANGYONG,2015,2.0,Diesel,Automatic,90454,Jeep,28532,Korando
8700,HYUNDAI,2014,2.5,Diesel,Automatic,114767,Minivan,27921,H1
8701,CHEVROLET,2012,1.0,Petrol,Automatic,46856,Hatchback,6272,Spark
8702,DAEWOO,2009,1.6,Petrol,Automatic,57123,Sedan,3763,Gentra
8703,FORD,2017,1.6,Petrol,Automatic,32933,Hatchback,18189,Fiesta
8704,HYUNDAI,2014,2.5,Diesel,Automatic,31613,Minivan,32772,H1
8705,TOYOTA,2007,1.3,Petrol,Automatic,90099,Sedan,10976,Vitz
8706,VOLKSWAGEN,2015,2.0,Petrol,Tiptronic,30855,Sedan,17876,Jetta
8707,TOYOTA,2013,2.5,Petrol,Tiptronic,90099,Sedan,23521,Camry se
8708,MERCEDES-BENZ,2013,3.5,Diesel,Automatic,66984,Sedan,5802,E 350
8709,TOYOTA,2015,2.5,Hybrid,Tiptronic,49710,Sedan,27284,Camry
8710,HYUNDAI,2012,1.6,Petrol,Automatic,101228,Sedan,13589,Elantra
8711,BMW,2009,3.0,Diesel,Automatic,162844,Jeep,6429,X5
8712,CHEVROLET,2011,2.2,Diesel,Automatic,92010,Jeep,13799,Captiva
8713,TOYOTA,2010,1.8,Hybrid,Tiptronic,77050,Hatchback,15524,Prius
8714,FORD,2012,1.8,Diesel,Manual,89204,Goods wagon,13799,Transit Connect
8715,KIA,2012,2.0,Petrol,Automatic,28712,Sedan,8781,Optima
8716,TOYOTA,2018,3.0,Hybrid,Variator,49710,Sedan,62095,Avalon
8717,TOYOTA,2013,2.5,Hybrid,Automatic,77617,Sedan,3763,Camry
8718,HYUNDAI,2010,2.0,LPG,Automatic,41483,Sedan,8006,Sonata
8719,KIA,2012,2.0,Petrol,Automatic,28712,Sedan,8781,Optima
8720,VOLKSWAGEN,2013,2.0,Petrol,Tiptronic,83512,Sedan,18189,CC
8721,HYUNDAI,2012,3.5,Petrol,Automatic,160620,Jeep,2038,Santa FE
8722,MERCEDES-BENZ,2004,3.7,CNG,Tiptronic,84506,Jeep,13328,ML 350
8723,NISSAN,2006,1.5,Petrol,Automatic,88856,Hatchback,7840,Tiida
8724,BMW,1997,2.5,LPG,Tiptronic,69041,Sedan,8467,525
8725,MITSUBISHI,2006,1.3,Petrol,Tiptronic,146022,Hatchback,7840,Colt
8726,HYUNDAI,2019,2.0,Petrol,Tiptronic,7456,Hatchback,31047,Veloster
8727,SUBARU,2003,2.5,Petrol,Tiptronic,621,Goods wagon,4000,Forester
8728,CHEVROLET,2013,1.4,Petrol,Tiptronic,118346,Hatchback,7527,Sonic LT
8729,HYUNDAI,2017,2.0,Petrol,Automatic,29162,Jeep,26500,Tucson SE
8730,CHEVROLET,2007,2.0,Diesel,Automatic,46347,Jeep,6586,Captiva
8731,TOYOTA,2013,1.5,Hybrid,Automatic,55923,Hatchback,17249,Prius C
8732,SSANGYONG,2016,2.2,Diesel,Automatic,65458,Jeep,26149,Korando
8733,HONDA,2014,1.3,Hybrid,Automatic,86371,Hatchback,9408,FIT
8734,MERCEDES-BENZ,2010,2.2,Diesel,Tiptronic,109983,Minivan,40142,Viano
8735,CHEVROLET,2015,2.2,Diesel,Automatic,57679,Jeep,36774,Captiva
8736,SSANGYONG,2016,1.6,Petrol,Automatic,30159,Jeep,40064,Actyon
8737,HONDA,2014,1.5,Hybrid,Automatic,37282,Hatchback,11290,FIT
8738,HYUNDAI,2011,2.5,Diesel,Automatic,47846,Minivan,31361,H1 grandstarex
8739,KIA,2015,2.0,Diesel,Tiptronic,21127,Jeep,47038,Sportage PRESTIGE
8740,SUBARU,2019,2.5,Petrol,Automatic,9619,Jeep,3450,Outback
8741,OPEL,2000,1.8,Petrol,Manual,149129,Sedan,6115,Vectra
8742,MITSUBISHI,2001,2.0,CNG,Tiptronic,118060,Jeep,8900,Airtrek
8743,FIAT,2013,1.4,Petrol,Automatic,66520,Jeep,4391,500
8744,HONDA,2012,2.4,LPG,Automatic,54551,Jeep,25089,Cr-v
8745,SUBARU,2013,2.0,Petrol,Automatic,67269,Jeep,2744,XV
8746,VOLKSWAGEN,2000,2.8,Petrol,Tiptronic,155343,Sedan,6272,Passat
8747,VOLKSWAGEN,1997,1.4,Petrol,Manual,136702,Hatchback,5645,Golf
8748,NISSAN,2004,2.5,Petrol,Automatic,96934,Sedan,6272,Skyline 4WD
8749,TOYOTA,2002,1.3,Petrol,Automatic,63380,Hatchback,6899,Will Chypa
8750,BMW,2015,3.0,Petrol,Tiptronic,4847,Sedan,43905,535
8751,MERCEDES-BENZ,2013,3.5,Petrol,Tiptronic,88856,Sedan,38574,E 350
8752,MERCEDES-BENZ,2013,3.5,Petrol,Tiptronic,93206,Sedan,42337,E 350
8753,MERCEDES-BENZ,2004,3.2,Petrol,Manual,62137,Sedan,11290,C 320 AMG
8754,KIA,2007,1.6,Diesel,Manual,621,Hatchback,10192,Ceed
8755,CHEVROLET,2011,3.6,Petrol,Automatic,104608,Coupe,7527,Camaro
8756,HYUNDAI,2015,1.6,Diesel,Automatic,62470,Sedan,16568,Elantra
8757,HYUNDAI,2015,2.2,Diesel,Automatic,89148,Jeep,53580,Santa FE
8758,TOYOTA,2012,2.5,Petrol,Automatic,99358,Jeep,5959,RAV 4
8759,MERCEDES-BENZ,2014,3.5,Petrol,Tiptronic,62360,Sedan,34497,C 300
8760,VOLVO,2001,2.0,Petrol,Automatic,82954,Sedan,3500,S40
8761,BMW,1999,2.5,Petrol,Tiptronic,155343,Sedan,9408,225
8762,TOYOTA,2010,1.8,Hybrid,Automatic,160879,Hatchback,1803,Prius
8763,HYUNDAI,2012,2.5,Diesel,Automatic,32684,Minivan,17719,H1
8764,HYUNDAI,2008,1.6,Diesel,Automatic,38801,Hatchback,8006,I30
8765,FORD,2000,2.3,CNG,Manual,186411,Microbus,11917,Transit
8766,NISSAN,2012,1.6,Petrol,Tiptronic,86495,Jeep,15367,Juke
8767,BUICK,2015,1.4,Petrol,Automatic,36040,Jeep,20385,Encore
8768,TOYOTA,2017,1.5,Petrol,Automatic,31633,Hatchback,42933,Aqua
8769,HONDA,2016,1.5,Petrol,Automatic,30820,Hatchback,18817,FIT
8770,TOYOTA,2003,2.0,CNG,Automatic,124274,Minivan,9408,VOXY
8771,TOYOTA,2013,1.5,Hybrid,Automatic,55163,Universal,15988,Aqua
8772,HYUNDAI,2016,2.0,Petrol,Automatic,62883,Sedan,37984,Sonata
8773,MERCEDES-BENZ,2009,2.2,Diesel,Manual,203188,Microbus,25089,Sprinter
8774,TOYOTA,2014,2.5,Petrol,Tiptronic,79734,Sedan,26657,Camry SE
8775,TOYOTA,2008,1.5,Hybrid,Variator,59353,Hatchback,14113,Prius
8776,TOYOTA,2014,2.5,Petrol,Automatic,91867,Sedan,23521,Camry
8777,CHEVROLET,2018,1.0,Petrol,Automatic,38835,Hatchback,13322,Spark
8778,HYUNDAI,2008,2.5,Diesel,Automatic,57962,Minivan,13454,H1
8779,TOYOTA,2010,3.3,Hybrid,Automatic,140553,Jeep,1725,Highlander
8780,HYUNDAI,2016,1.7,Diesel,Tiptronic,15534,Jeep,45473,Tucson
8781,HYUNDAI,2013,2.0,Diesel,Automatic,92608,Jeep,30351,Santa FE
8782,HYUNDAI,2016,2.2,Diesel,Automatic,85740,Jeep,43416,Santa FE
8783,HONDA,2015,1.5,Hybrid,Automatic,63708,Hatchback,11726,FIT
8784,TOYOTA,2012,1.8,Hybrid,Variator,85128,Hatchback,19444,Prius
8785,HYUNDAI,2016,2.0,Petrol,Tiptronic,28272,Sedan,25716,Elantra
8786,SKODA,2011,1.8,Petrol,Tiptronic,137944,Sedan,18817,Superb
8787,HYUNDAI,2013,1.8,Petrol,Tiptronic,59030,Hatchback,19000,Elantra
8788,VOLKSWAGEN,2013,2.0,Petrol,Manual,69594,Sedan,12544,Jetta
8789,LEXUS,2009,3.5,Petrol,Tiptronic,96437,Jeep,36065,RX 350
8790,MERCEDES-BENZ,2012,4.6,Diesel,Automatic,112256,Jeep,1725,ML 350
8791,HYUNDAI,2016,2.5,Diesel,Automatic,68456,Minivan,36899,H1
8792,MITSUBISHI,2012,1.0,Petrol,Automatic,69041,Hatchback,7213,Mirage
8793,HYUNDAI,2010,1.8,Petrol,Tiptronic,143164,Sedan,15367,Elantra
8794,TOYOTA,2012,1.8,Hybrid,Automatic,21800,Hatchback,3450,Prius
8795,MERCEDES-BENZ,2003,3.2,CNG,Tiptronic,100032,Sedan,16308,E 320
8796,LEXUS,2016,1.8,Hybrid,Automatic,44679,Hatchback,9565,CT 200h
8797,VOLKSWAGEN,2014,1.8,Petrol,Tiptronic,42253,Sedan,25089,Passat
8798,FORD,2015,2.0,Petrol,Automatic,33554,Sedan,14113,Focus
8799,TOYOTA,2013,1.5,Hybrid,Variator,62137,Hatchback,14113,Aqua
8800,JEEP,2003,3.7,Petrol,Automatic,134216,Jeep,10663,Liberty
8801,TOYOTA,2007,2.4,Hybrid,Variator,216734,Sedan,14740,Camry
8802,HONDA,2019,1.5,Petrol,Automatic,2540,Sedan,6429,Accord
8803,SSANGYONG,2012,2.0,Diesel,Automatic,48922,Jeep,29094,REXTON
8804,HYUNDAI,2011,2.0,Diesel,Automatic,124063,Jeep,19312,Tucson
8805,HYUNDAI,2017,2.5,Diesel,Automatic,65706,Universal,44843,H1
8806,CHEVROLET,2015,2.0,Diesel,Automatic,30008,Jeep,32744,Captiva
8807,HYUNDAI,2016,2.0,LPG,Automatic,159292,Sedan,11290,Sonata
8808,NISSAN,2007,1.5,LPG,Automatic,85749,Sedan,8467,Note
8809,JAGUAR,2017,2.0,Diesel,Automatic,31398,Jeep,14269,F-pace
8810,SSANGYONG,2016,1.6,Diesel,Automatic,46789,Jeep,42400,Actyon
8811,TOYOTA,2008,1.5,Hybrid,Automatic,118060,Hatchback,11917,Prius
8812,BMW,2008,3.5,Petrol,Tiptronic,86651,Jeep,40142,X6
8813,MITSUBISHI,2014,1.0,Petrol,Automatic,6214,Hatchback,7056,Mirage
8814,BMW,2014,2.0,Petrol,Automatic,68351,Coupe,56450,428
8815,TOYOTA,2014,2.5,Petrol,Tiptronic,104191,Sedan,23521,Camry
8816,HYUNDAI,2016,2.0,LPG,Automatic,171838,Sedan,15681,Sonata
8817,MITSUBISHI,2009,2.0,Petrol,Variator,77050,Universal,17249,Lancer
8818,HYUNDAI,2012,1.8,Petrol,Tiptronic,51574,Sedan,16621,Elantra
8819,CITROEN,2001,2.0,Petrol,Manual,158450,Goods wagon,1700,C5
8820,HYUNDAI,2014,2.5,Diesel,Automatic,60279,Minivan,34108,H1
8821,TOYOTA,2011,4.0,Petrol,Automatic,85501,Jeep,54882,4Runner
8822,TOYOTA,2017,2.5,Petrol,Automatic,10936,Jeep,45473,RAV 4
8823,HYUNDAI,2011,2.4,Petrol,Automatic,60894,Sedan,12544,Sonata
8824,CHEVROLET,2014,1.8,Petrol,Automatic,36991,Sedan,16766,Cruze
8825,HYUNDAI,2009,1.6,Diesel,Automatic,33092,Sedan,6272,Elantra
8826,HYUNDAI,2015,2.0,LPG,Automatic,31860,Sedan,15367,Sonata
8827,RENAULT,2008,1.9,Diesel,Automatic,104996,Sedan,14583,Megane 1.9CDI
8828,HYUNDAI,2010,3.8,Petrol,Automatic,94434,Coupe,16621,Genesis
8829,HYUNDAI,2015,2.0,LPG,Automatic,18867,Sedan,13485,Sonata
8830,HYUNDAI,2010,2.0,Diesel,Automatic,123874,Jeep,22947,Tucson
8831,TOYOTA,2013,2.5,Hybrid,Automatic,103595,Sedan,22580,Camry
8832,BMW,2003,3.0,Diesel,Tiptronic,173984,Jeep,15681,X5
8833,TOYOTA,2019,2.5,Hybrid,Automatic,5981,Sedan,3450,Camry
8834,MERCEDES-BENZ,2001,2.6,Petrol,Tiptronic,12438,Sedan,9722,C 240
8835,CHEVROLET,2012,3.6,Petrol,Automatic,79657,Sedan,3293,Impala
8836,TOYOTA,2012,1.5,Hybrid,Automatic,59652,Hatchback,13799,Aqua
8837,TOYOTA,2010,1.8,Hybrid,Automatic,76596,Hatchback,14113,Prius
8838,NISSAN,2013,1.2,Petrol,Automatic,36661,Hatchback,16838,March
8839,MERCEDES-BENZ,2017,2.0,Petrol,Automatic,31646,Sedan,22580,E 300
8840,HYUNDAI,2017,2.0,Diesel,Automatic,25445,Jeep,57526,Santa FE
8841,NISSAN,2013,1.6,Petrol,Automatic,38525,Hatchback,20385,Juke
8842,TOYOTA,2010,1.0,Petrol,Automatic,24233,Hatchback,6586,Vitz
8843,TOYOTA,2010,1.8,Hybrid,Automatic,87613,Hatchback,18503,Prius
8844,HYUNDAI,2012,1.6,Petrol,Automatic,94448,Sedan,19676,Elantra
8845,HONDA,2005,2.4,Petrol,Automatic,139808,Minivan,7527,Odyssey
8846,TOYOTA,2018,2.5,Hybrid,Automatic,21784,Sedan,18817,Camry
8847,CHEVROLET,2009,1.6,Petrol,Automatic,41286,Sedan,6272,Cruze
8848,FORD,2005,2.4,Diesel,Manual,109361,Microbus,15681,Transit
8849,MERCEDES-BENZ,2012,3.5,Diesel,Automatic,149742,Sedan,1646,E 350
8850,OPEL,1997,1.6,Petrol,Manual,1243,Hatchback,5331,Vectra
8851,FORD,2003,2.0,Diesel,Manual,186411,Microbus,12544,Transit
8852,HYUNDAI,2012,1.6,Petrol,Automatic,66598,Sedan,20005,Elantra
8853,HYUNDAI,2016,1.7,Diesel,Automatic,76339,Jeep,43626,Tucson
8854,OPEL,2000,1.6,Petrol,Manual,81400,Universal,8467,Astra
8855,NISSAN,2007,1.5,Petrol,Automatic,93392,Hatchback,8781,Tiida
8856,NISSAN,2002,2.0,Petrol,Variator,108740,Minivan,8781,Serena
8857,INFINITI,2012,3.3,Petrol,Automatic,32311,Hatchback,31361,EX37
8858,MERCEDES-BENZ,2002,2.0,Diesel,Tiptronic,141673,Sedan,16725,E 220 W210...CDI
8859,FORD,2015,2.0,Hybrid,Automatic,62601,Sedan,2666,Fusion
8860,TOYOTA,2014,2.5,Petrol,Tiptronic,57166,Coupe,21950,Camry
8861,VOLKSWAGEN,2009,2.5,Petrol,Automatic,103396,Sedan,10349,Jetta
8862,CHEVROLET,2015,2.0,Diesel,Automatic,76952,Jeep,35617,Captiva
8863,TOYOTA,2012,1.5,Petrol,Automatic,36412,Hatchback,21893,Aqua
8864,FORD,2013,2.0,Hybrid,Automatic,108503,Sedan,1646,Fusion
8865,HYUNDAI,2015,2.0,Diesel,Automatic,30127,Jeep,53872,Santa FE
8866,TOYOTA,2012,2.5,Petrol,Tiptronic,8575,Sedan,22580,Camry
8867,HYUNDAI,2016,1.8,Petrol,Automatic,46727,Sedan,19444,Elantra
8868,TOYOTA,2014,2.5,Hybrid,Automatic,165285,Sedan,13956,Camry
8869,MAZDA,2015,2.5,Petrol,Automatic,88732,Sedan,1176,1000
8870,TOYOTA,2010,1.8,Hybrid,Automatic,99035,Hatchback,3293,Prius
8871,TOYOTA,2013,1.5,Petrol,Automatic,76864,Hatchback,15530,Aqua
8872,TOYOTA,2013,2.5,Hybrid,Automatic,118402,Sedan,5018,Camry
8873,HONDA,2013,1.5,Petrol,Automatic,34175,Hatchback,22473,FIT
8874,MERCEDES-BENZ,2012,1.8,Petrol,Tiptronic,59920,Sedan,20100,C 250
8875,TOYOTA,2013,1.5,Petrol,Automatic,51799,Hatchback,25089,Aqua
8876,AUDI,2012,2.0,Diesel,Automatic,108719,Sedan,2587,A3
8877,VOLKSWAGEN,2011,2.5,Petrol,Tiptronic,83512,Sedan,13485,Jetta სასწაფოდ
8878,MERCEDES-BENZ,2013,3.5,Diesel,Automatic,66984,Sedan,5802,E 350
8879,CHEVROLET,2011,1.8,Petrol,Tiptronic,72700,Sedan,14740,Corvette
8880,CHEVROLET,2017,1.5,Petrol,Tiptronic,32933,Sedan,23521,Malibu
8881,KIA,2013,2.4,Hybrid,Automatic,67729,Sedan,21639,Optima
8882,TOYOTA,2012,1.5,Hybrid,Automatic,101477,Hatchback,7919,Aqua
8883,MERCEDES-BENZ,2015,2.1,Diesel,Automatic,123770,Jeep,13015,GLK 250
8884,HYUNDAI,2012,1.6,Petrol,Automatic,60273,Sedan,19707,Elantra
8885,HYUNDAI,2012,1.6,Petrol,Automatic,101228,Sedan,13589,Elantra
8886,TOYOTA,2015,1.5,Petrol,Automatic,76203,Hatchback,28015,Aqua
8887,MITSUBISHI,2000,0.7,Petrol,Manual,29826,Goods wagon,1550,Minica
8888,FORD,2016,2.3,Petrol,Tiptronic,52817,Coupe,43905,Mustang
8889,TOYOTA,2014,2.5,Hybrid,Automatic,68225,Sedan,5488,Camry
8890,HYUNDAI,2017,1.6,Petrol,Automatic,15929,Sedan,1019,Elantra
8891,MERCEDES-BENZ,2013,2.2,Diesel,Manual,136702,Microbus,47042,Sprinter 316 CDI
8892,TOYOTA,2013,1.8,Hybrid,Automatic,44269,Hatchback,23207,Prius
8893,TOYOTA,2013,1.5,Hybrid,Automatic,40389,Sedan,17876,Prius C
8894,HONDA,2011,1.3,Hybrid,Tiptronic,74888,Sedan,12544,FIT
8895,HYUNDAI,2016,2.0,Diesel,Automatic,61516,Jeep,53154,Santa FE
8896,HYUNDAI,2015,2.0,LPG,Automatic,50409,Sedan,17719,Grandeur
8897,HYUNDAI,2009,2.5,Diesel,Automatic,45359,Minivan,14426,H1
8898,TOYOTA,2019,2.0,Petrol,Automatic,12408,Jeep,6586,CHR
8899,HYUNDAI,2015,2.0,LPG,Automatic,26763,Sedan,20542,Sonata
8900,BMW,2015,2.0,Petrol,Tiptronic,17895,Coupe,49000,420
8901,CHEVROLET,2016,1.4,Petrol,Automatic,5884,Sedan,18660,Cruze PREMIER
8902,TOYOTA,2012,1.8,Hybrid,Automatic,55923,Hatchback,21953,Prius
8903,NISSAN,2007,2.5,Diesel,Automatic,136702,Pickup,25716,Navara
8904,KIA,2015,2.0,Petrol,Automatic,25531,Sedan,17092,Optima
8905,TOYOTA,2018,2.5,Hybrid,Automatic,21784,Sedan,18817,Camry
8906,HONDA,2014,1.3,Petrol,Automatic,22532,Hatchback,28288,FIT
8907,MERCEDES-BENZ,2001,2.0,Petrol,Manual,142915,Sedan,10036,E 36 AMG
8908,BMW,2014,3.0,Diesel,Tiptronic,39768,Sedan,53314,535
8909,MINI,2011,1.6,Petrol,Tiptronic,51574,Jeep,24458,Countryman
8910,NISSAN,2002,3.3,Petrol,Automatic,13670,Jeep,5018,X-Terra
8911,MITSUBISHI,2015,2.4,Petrol,Automatic,72700,Jeep,28225,Outlander xl
8912,HONDA,2014,1.5,Hybrid,Tiptronic,47224,Sedan,14269,"FIT ""S""- PAKETI."
8913,VOLKSWAGEN,2012,2.0,Petrol,Automatic,77671,Sedan,25716,CC
8914,LEXUS,2010,4.6,Petrol,Automatic,221982,Jeep,16308,GX 470
8915,HYUNDAI,2013,2.0,Diesel,Automatic,169865,Jeep,27858,Santa FE
8916,CHEVROLET,2012,2.0,Diesel,Automatic,109597,Jeep,22357,Orlando
8917,TOYOTA,2011,2.5,Petrol,Automatic,147225,Sedan,1882,Camry
8918,TOYOTA,2015,2.5,Petrol,Automatic,56653,Jeep,20385,RAV 4
8919,BMW,1998,2.8,Petrol,Tiptronic,155424,Sedan,4704,528
8920,FORD,2011,2.0,Petrol,Automatic,99419,Goods wagon,12231,Transit Connect
8921,TOYOTA,2013,1.8,Hybrid,Automatic,152538,Hatchback,1803,Prius
8922,MERCEDES-BENZ,1998,2.2,Diesel,Manual,142915,Sedan,8781,E 220
8923,OPEL,1999,1.6,Petrol,Manual,13670,Goods wagon,6586,Vectra
8924,MITSUBISHI,2003,2.0,Petrol,Automatic,111847,Jeep,9408,Pajero IO
8925,HYUNDAI,2016,3.3,Petrol,Automatic,20943,Sedan,44533,Genesis
8926,FORD,2014,2.0,Petrol,Automatic,80981,Hatchback,16621,Focus se
8927,HYUNDAI,2016,1.7,Diesel,Automatic,54681,Jeep,37066,Tucson
8928,TOYOTA,2014,2.5,Petrol,Tiptronic,41010,Sedan,24462,Camry
8929,HYUNDAI,2011,2.2,Diesel,Automatic,151949,Jeep,16546,Santa FE
8930,HONDA,2008,1.3,Hybrid,Automatic,154178,Sedan,11917,Civic
8931,HYUNDAI,2017,2.0,Diesel,Automatic,48991,Jeep,48534,Santa FE
8932,CHEVROLET,2019,1.5,Petrol,Automatic,10595,Sedan,10349,Equinox
8933,HYUNDAI,2012,1.6,Petrol,Automatic,60186,Sedan,20005,Elantra
8934,HONDA,2015,1.8,Petrol,Automatic,62546,Sedan,30891,Civic
8935,NISSAN,2005,2.0,Petrol,Automatic,121167,Minivan,9722,Serena
8936,NISSAN,2000,1.0,Petrol,Manual,87613,Coupe,5959,Micra
8937,HYUNDAI,2015,1.8,Petrol,Tiptronic,6214,Sedan,14740,Elantra
8938,KIA,2007,2.0,Diesel,Automatic,55595,Jeep,7213,Sportage
8939,TOYOTA,2012,2.5,Hybrid,Automatic,97256,Sedan,3607,Camry
8940,TOYOTA,2012,2.5,Hybrid,Automatic,97256,Sedan,3607,Camry
8941,BMW,2010,3.0,Diesel,Automatic,164794,Jeep,1882,X5
8942,HYUNDAI,2016,2.5,Diesel,Automatic,97028,Universal,36219,H1
8943,OPEL,1996,1.4,Petrol,Manual,167770,Hatchback,2195,Corsa
8944,FORD,1998,2.5,Diesel,Manual,202450,Microbus,10976,Transit
8945,MERCEDES-BENZ,1999,1.8,Petrol,Manual,155343,Sedan,9408,C 180
8946,MAZDA,2001,2.5,Petrol,Automatic,111847,Minivan,9408,MPV
8947,TOYOTA,2011,2.5,Petrol,Tiptronic,44739,Sedan,25402,Camry SE
8948,LEXUS,2014,2.5,Petrol,Automatic,54346,Sedan,11447,IS 250
8949,SSANGYONG,2010,2.7,Diesel,Automatic,41010,Jeep,22266,REXTON SUPER
8950,TOYOTA,2016,2.5,Hybrid,Automatic,37282,Sedan,38574,Camry
8951,FORD,2005,2.0,Diesel,Manual,105633,Goods wagon,9252,Transit
8952,MERCEDES-BENZ,2009,3.0,Petrol,Tiptronic,80778,Sedan,18817,C 300
8953,MAZDA,2017,2.5,Petrol,Automatic,13670,Sedan,50805,Mazda 6
8954,AUDI,2002,1.8,Petrol,Tiptronic,124274,Sedan,7000,A4
8955,NISSAN,2009,1.5,Petrol,Automatic,59030,Hatchback,1568,Tiida
8956,HYUNDAI,2016,2.5,Diesel,Automatic,84013,Universal,40688,H1
8957,DAEWOO,2010,1.8,Petrol,Automatic,53675,Sedan,5739,Lacetti
8958,HYUNDAI,2013,2.0,Diesel,Automatic,148470,Jeep,24283,Santa FE
8959,FORD,2014,1.6,Petrol,Automatic,89477,Hatchback,3136,Fiesta SE
8960,SSANGYONG,2016,2.2,Diesel,Automatic,68456,Jeep,47989,REXTON
8961,TOYOTA,2016,1.8,Petrol,Automatic,58783,Sedan,3293,Corolla
8962,TOYOTA,2012,1.8,Hybrid,Automatic,89477,Hatchback,16151,Prius V
8963,CHEVROLET,2017,1.0,Petrol,Automatic,20413,Sedan,13485,Spark
8964,HYUNDAI,2012,2.0,Petrol,Automatic,100632,Sedan,20266,Sonata
8965,CHEVROLET,2017,1.4,Petrol,Automatic,16519,Sedan,15524,Cruze LT
8966,HYUNDAI,2011,2.5,Diesel,Tiptronic,44739,Minivan,21950,H1 GRAND STAREX
8967,SUBARU,2013,2.0,Petrol,Automatic,65569,Sedan,5645,XV
8968,FORD,2019,1.6,Petrol,Automatic,29662,Sedan,3763,Fiesta
8969,TOYOTA,2008,1.5,Hybrid,Variator,110604,Hatchback,10976,Prius
8970,BMW,2012,3.0,Diesel,Automatic,64286,Jeep,8154,X5
8971,DODGE,2015,3.6,Petrol,Automatic,45117,Coupe,4861,Challenger
8972,JEEP,2009,2.4,Petrol,Automatic,104086,Jeep,16358,Compass
8973,CHEVROLET,2015,1.4,Petrol,Automatic,22991,Sedan,17249,Cruze
8974,SUBARU,2001,2.0,Petrol,Automatic,13180,Hatchback,4000,Forester
8975,HONDA,2012,1.3,Hybrid,Variator,36661,Hatchback,7840,FIT
8976,TOYOTA,2018,2.5,Hybrid,Automatic,79234,Sedan,9722,Camry
8977,LEXUS,2015,3.5,Petrol,Automatic,44701,Jeep,3293,RX 350
8978,HYUNDAI,2014,2.4,Petrol,Tiptronic,57166,Sedan,21639,Sonata SPORT
8979,TOYOTA,2012,1.8,Hybrid,Automatic,61516,Hatchback,16308,Prius
8980,SSANGYONG,2010,2.0,Diesel,Automatic,147267,Jeep,15718,Actyon
8981,FORD,2013,2.0,Hybrid,Automatic,97431,Sedan,21012,Fusion
8982,HYUNDAI,2018,1.7,Diesel,Automatic,54595,Jeep,44875,Tucson
8983,TOYOTA,2015,1.5,Hybrid,Automatic,19287,Universal,35168,Aqua
8984,BMW,2009,3.5,Petrol,Tiptronic,98177,Jeep,40769,X6
8985,HYUNDAI,2016,2.0,Diesel,Automatic,74653,Jeep,35237,Tucson
8986,HYUNDAI,2010,2.0,Petrol,Automatic,100190,Sedan,13877,Sonata
8987,FORD,2012,2.2,Diesel,Manual,169013,Goods wagon,20695,Transit
8988,MERCEDES-BENZ,2000,2.2,Diesel,Manual,223694,Microbus,13482,Sprinter
8989,BMW,1998,1.9,CNG,Manual,193868,Sedan,7213,318
8990,TOYOTA,2016,2.5,Petrol,Tiptronic,43496,Sedan,31361,Camry
8991,MERCEDES-BENZ,1999,4.3,Petrol,Automatic,124274,Sedan,5645,E 430
8992,LEXUS,2015,2.5,Petrol,Automatic,57788,Sedan,52059,IS 250
8993,HYUNDAI,2015,2.0,Petrol,Automatic,39612,Sedan,49431,Sonata
8994,BMW,2003,2.0,Petrol,Tiptronic,105636,Coupe,11917,320
8995,VOLKSWAGEN,2003,2.8,CNG,Manual,175227,Sedan,7213,Passat
8996,PORSCHE,2003,4.5,CNG,Tiptronic,117439,Jeep,19444,Cayenne S
8997,HONDA,2016,1.5,Hybrid,Automatic,14776,Universal,34560,FIT
8998,SSANGYONG,2017,1.6,Diesel,Automatic,37063,Jeep,43281,Actyon
8999,CHEVROLET,2011,2.4,Petrol,Automatic,50545,Jeep,23129,Captiva
9000,HYUNDAI,2016,2.0,Diesel,Automatic,56304,Jeep,55932,Santa FE
9001,SSANGYONG,2012,2.0,Diesel,Automatic,88012,Jeep,22843,Korando
9002,MERCEDES-BENZ,2001,2.2,Diesel,Manual,311,Microbus,14426,Sprinter
9003,FORD,2014,2.0,Petrol,Tiptronic,43869,Sedan,20385,Fusion
9004,CHEVROLET,2017,1.4,Petrol,Automatic,19884,Sedan,26657,Cruze
9005,MITSUBISHI,2008,1.3,Petrol,Automatic,40303,Hatchback,8781,Colt
9006,MERCEDES-BENZ,2011,3.5,Diesel,Automatic,74179,Sedan,16621,E 350
9007,FORD,2015,2.5,Petrol,Automatic,69594,Sedan,17249,Fusion
9008,AUDI,2013,3.0,Petrol,Automatic,187472,Hatchback,11133,A7
9009,CHEVROLET,2019,3.6,Petrol,Automatic,11457,Sedan,3450,Impala
9010,CHEVROLET,2013,1.4,Petrol,Automatic,57788,Sedan,14740,Cruze
9011,BMW,2011,3.0,Diesel,Automatic,206446,Jeep,10349,X5
9012,MERCEDES-BENZ,2013,3.5,Petrol,Tiptronic,68351,Coupe,33556,E 350
9013,HYUNDAI,2010,2.7,LPG,Automatic,42392,Sedan,7665,Grandeur
9014,SUZUKI,2005,2.7,Petrol,Automatic,111847,Jeep,11000,Grand Vitara
9015,SUBARU,2012,2.5,Petrol,Automatic,161639,Jeep,4861,Forester
9016,TOYOTA,2015,2.5,Hybrid,Automatic,170039,Sedan,1882,Camry
9017,MERCEDES-BENZ,2013,3.5,Diesel,Automatic,66984,Sedan,5802,E 350
9018,FORD,2007,2.4,Diesel,Manual,104390,Microbus,17249,Transit
9019,LEXUS,2013,2.5,Petrol,Tiptronic,39782,Sedan,27598,IS 250
9020,TOYOTA,2015,1.8,Hybrid,Automatic,157335,Hatchback,20385,Prius
9021,NISSAN,2006,1.5,Petrol,Automatic,78914,Sedan,8781,Tiida Latio
9022,HYUNDAI,2016,2.0,Petrol,Automatic,27718,Sedan,20382,Sonata
9023,CHEVROLET,2014,1.4,Plug-in Hybrid,Automatic,41010,Hatchback,26343,Volt
9024,FORD,2008,2.5,Hybrid,Automatic,92584,Jeep,16308,Escape
9025,MERCEDES-BENZ,2014,3.0,Diesel,Automatic,53774,Jeep,7213,GL 350
9026,FORD,2005,2.9,Diesel,Manual,143537,Microbus,11917,Transit
9027,MERCEDES-BENZ,2017,2.0,Petrol,Automatic,31646,Sedan,3450,E 300
9028,AUDI,2013,2.0,Petrol,Automatic,97918,Sedan,3920,A4
9029,TOYOTA,2019,2.0,Petrol,Automatic,3243,Coupe,6586,CHR
9030,BMW,2000,2.5,Petrol,Tiptronic,128624,Sedan,8781,320
9031,HYUNDAI,2015,1.6,LPG,Automatic,22125,Sedan,19601,Elantra
9032,BMW,2002,3.0,Diesel,Tiptronic,159071,Jeep,20071,X5 3.0
9033,BMW,2004,4.4,LPG,Tiptronic,149129,Jeep,17249,X5
9034,TOYOTA,2012,3.5,Hybrid,Automatic,225594,Jeep,1490,Highlander
9035,TOYOTA,2008,1.5,Hybrid,Variator,103769,Sedan,12074,Prius
9036,MERCEDES-BENZ,2013,4.6,Petrol,Automatic,133448,Jeep,32302,GL 550
9037,HYUNDAI,2016,1.7,Diesel,Automatic,72130,Jeep,38016,Tucson
9038,FORD,2013,2.0,Plug-in Hybrid,Automatic,72700,Minivan,18189,C-MAX
9039,HYUNDAI,2016,2.0,LPG,Automatic,160752,Sedan,15681,Sonata
9040,HONDA,2006,2.4,Petrol,Automatic,621,Jeep,14113,Cr-v LX
9041,SSANGYONG,2017,1.6,Diesel,Automatic,44117,Jeep,45633,Actyon
9042,FORD,2008,2.3,Hybrid,Automatic,97197,Jeep,11604,Escape
9043,HYUNDAI,2014,2.5,Diesel,Automatic,123601,Minivan,25264,H1
9044,JEEP,2016,3.6,Petrol,Automatic,43833,Jeep,43905,Wrangler sport
9045,OPEL,2007,1.6,Petrol,Manual,118060,Hatchback,9095,Astra H
9046,TOYOTA,2012,1.5,Petrol,Automatic,12676,Hatchback,21558,Aqua
9047,LEXUS,2014,2.5,Hybrid,Automatic,109494,Sedan,14426,ES 300
9048,HYUNDAI,2015,2.0,LPG,Automatic,44968,Sedan,13485,Sonata
9049,HYUNDAI,2013,1.8,Petrol,Automatic,44104,Sedan,15681,Elantra
9050,HYUNDAI,2013,2.0,Diesel,Automatic,111267,Jeep,28589,Santa FE
9051,SUBARU,2007,2.5,Petrol,Tiptronic,81400,Hatchback,10976,Outback
9052,HYUNDAI,2015,1.6,Diesel,Automatic,24676,Sedan,16286,Accent
9053,CHEVROLET,2012,1.0,Petrol,Automatic,80428,Hatchback,5018,Spark
9054,FORD,1998,2.5,Diesel,Manual,203020,Microbus,9408,Transit
9055,MITSUBISHI,1999,1.8,Petrol,Automatic,121167,Jeep,7840,Pajero IO
9056,HYUNDAI,2012,1.6,Petrol,Automatic,74565,Hatchback,20385,Veloster
9057,CHEVROLET,2017,1.6,Petrol,Automatic,41708,Sedan,29777,Aveo
9058,PORSCHE,2010,3.6,Petrol,Tiptronic,119303,Sedan,64290,Panamera
9059,TOYOTA,2011,1.8,LPG,Variator,68351,Sedan,15367,Prius
9060,TOYOTA,2012,1.8,Hybrid,Variator,113090,Hatchback,19757,Prius
9061,FORD,2012,2.0,Hybrid,Automatic,72700,Hatchback,20385,C-MAX
9062,FIAT,2015,2.4,Petrol,Tiptronic,28583,Jeep,28225,500X Lounge
9063,HYUNDAI,2011,1.6,Petrol,Automatic,88110,Sedan,19416,Elantra
9064,KIA,2015,2.4,Petrol,Automatic,38326,Sedan,15681,Optima
9065,NISSAN,2015,1.6,Petrol,Automatic,64311,Jeep,1098,Juke
9066,HONDA,2011,1.3,Hybrid,Tiptronic,73943,Hatchback,12231,FIT
9067,CHEVROLET,2013,1.8,Petrol,Automatic,74435,Sedan,16618,Cruze
9068,DODGE,2010,2.0,Petrol,Tiptronic,81400,Hatchback,11604,Caliber
9069,TOYOTA,2008,3.3,Hybrid,Automatic,167249,Jeep,1646,Highlander
9070,HYUNDAI,2016,1.6,Petrol,Automatic,56965,Sedan,5959,Veloster
9071,CHEVROLET,2014,1.8,Petrol,Automatic,621,Sedan,18519,Cruze
9072,CHEVROLET,2016,1.6,Diesel,Automatic,68420,Jeep,23602,Orlando
9073,TOYOTA,2007,2.4,Hybrid,Automatic,124274,Sedan,15681,Camry
9074,HYUNDAI,2012,1.6,Petrol,Automatic,72738,Sedan,15323,Elantra
9075,FIAT,2013,1.4,Petrol,Tiptronic,59652,Coupe,13172,500
9076,HYUNDAI,2015,2.0,Petrol,Automatic,42825,Sedan,52696,Sonata
9077,CHEVROLET,2014,1.4,Petrol,Automatic,51574,Sedan,10976,Cruze
9078,CHEVROLET,2012,1.8,Petrol,Automatic,102770,Sedan,10697,Cruze
9079,NISSAN,2015,1.6,Petrol,Tiptronic,47846,Jeep,22580,Juke
9080,MERCEDES-BENZ,2006,3.5,Petrol,Tiptronic,149750,Sedan,17249,E 350
9081,HYUNDAI,2010,1.6,Petrol,Automatic,62388,Sedan,14069,Elantra
9082,FORD,2006,4.0,Petrol,Automatic,72700,Jeep,14113,Explorer XLT
9083,DAEWOO,2009,1.6,Petrol,Automatic,73126,Sedan,5883,Lacetti
9084,SSANGYONG,2016,1.6,Petrol,Automatic,47472,Jeep,40045,Actyon
9085,HYUNDAI,2017,2.0,Petrol,Tiptronic,22618,Sedan,28852,Elantra
9086,HYUNDAI,2017,2.0,Petrol,Automatic,28112,Sedan,4704,Elantra
9087,HONDA,2014,1.8,Petrol,Automatic,92361,Sedan,2430,Civic
9088,HONDA,2005,1.3,Petrol,Variator,76712,Hatchback,7840,FIT
9089,HYUNDAI,2014,2.4,Hybrid,Automatic,94448,Sedan,11917,Sonata
9090,MERCEDES-BENZ,2012,4.6,Diesel,Automatic,112256,Jeep,1725,ML 350
9091,CHEVROLET,2007,2.0,Diesel,Automatic,47294,Jeep,6429,Captiva
9092,CHEVROLET,2007,2.0,Diesel,Automatic,40112,Jeep,7683,Captiva
9093,BMW,2010,3.0,Diesel,Automatic,164794,Jeep,1882,X5
9094,SUBARU,2010,2.5,Petrol,Tiptronic,144158,Jeep,13172,Forester
9095,VOLKSWAGEN,2014,1.8,Petrol,Tiptronic,74565,Sedan,18503,Jetta
9096,LEXUS,2011,4.6,Petrol,Automatic,99505,Jeep,43278,GX 460
9097,HYUNDAI,2016,2.5,Diesel,Automatic,53264,Universal,52959,H1
9098,CHEVROLET,2018,1.5,Petrol,Automatic,40141,Sedan,3607,Malibu
9099,HYUNDAI,2017,2.0,Petrol,Automatic,43496,Sedan,46518,Sonata
9100,HYUNDAI,2016,2.0,Diesel,Automatic,21086,Jeep,61816,Santa FE
9101,CHEVROLET,2016,1.6,Diesel,Automatic,48365,Jeep,27425,Orlando
9102,HYUNDAI,2011,2.5,Diesel,Automatic,37992,Minivan,21953,H1
9103,CHEVROLET,2016,1.5,Petrol,Automatic,44534,Sedan,15681,Malibu LT
9104,LEXUS,2013,4.6,Petrol,Automatic,95763,Jeep,1490,GX 470
9105,NISSAN,2018,2.0,Petrol,Automatic,22026,Jeep,25000,Qashqai Advance CVT
9106,TOYOTA,2012,2.5,Hybrid,Automatic,92460,Sedan,26030,Camry
9107,OPEL,2000,1.8,Petrol,Manual,124274,Universal,6269,Zafira
9108,HYUNDAI,2014,2.5,Diesel,Automatic,82035,Minivan,34905,H1
9109,TOYOTA,2016,1.8,Hybrid,Variator,14292,Hatchback,13172,Prius V
9110,HYUNDAI,2012,1.6,Diesel,Automatic,32530,Hatchback,10192,Accent
9111,MERCEDES-BENZ,1999,2.2,Diesel,Manual,93206,Goods wagon,7527,C 220
9112,TOYOTA,2010,1.8,Hybrid,Automatic,100926,Hatchback,14426,Prius
9113,TOYOTA,2015,3.5,Petrol,Tiptronic,57788,Minivan,48610,Sienna
9114,HYUNDAI,2015,2.0,Diesel,Automatic,25229,Jeep,23991,Tucson
9115,TOYOTA,2016,2.5,Hybrid,Tiptronic,71458,Jeep,39201,RAV 4
9116,HYUNDAI,2015,2.0,LPG,Automatic,23985,Sedan,9879,Sonata
9117,MERCEDES-BENZ,2008,2.2,Diesel,Manual,221829,Microbus,45473,Sprinter
9118,HYUNDAI,2016,2.0,Diesel,Automatic,76557,Jeep,44790,Santa FE
9119,JEEP,2013,2.4,Petrol,Automatic,83885,Jeep,28921,Compass
9120,HYUNDAI,2014,2.0,Diesel,Automatic,26326,Jeep,32302,Santa FE
9121,LEXUS,2016,1.8,Hybrid,Automatic,44679,Hatchback,9565,CT 200h
9122,CHEVROLET,2016,2.5,Petrol,Automatic,84798,Sedan,37611,Impala
9123,HYUNDAI,2018,2.4,Petrol,Automatic,35763,Sedan,6743,Sonata
9124,TOYOTA,2018,2.5,Hybrid,Automatic,21784,Sedan,18817,Camry
9125,FORD,2004,2.4,Diesel,Manual,115352,Microbus,18503,Transit T330
9126,MITSUBISHI,2018,2.0,Petrol,Tiptronic,8078,Jeep,39201,Outlander
9127,HONDA,2012,1.3,Hybrid,Automatic,86992,Coupe,12544,FIT
9128,KIA,2011,2.4,Hybrid,Automatic,106379,Sedan,15681,Optima
9129,CHEVROLET,2016,2.5,Petrol,Automatic,49862,Sedan,52959,Impala
9130,HYUNDAI,2016,1.6,Petrol,Automatic,46298,Hatchback,13015,Accent SE
9131,HYUNDAI,2015,2.0,LPG,Automatic,234349,Sedan,9722,Sonata
9132,MERCEDES-BENZ,2014,3.5,Diesel,Automatic,124385,Sedan,30734,E 350
9133,HYUNDAI,2015,2.0,LPG,Automatic,23612,Sedan,9565,Sonata
9134,HYUNDAI,2012,1.6,Petrol,Automatic,42860,Sedan,16160,Elantra
9135,BMW,2011,3.0,Petrol,Tiptronic,132352,Sedan,28225,535 i xDrive
9136,HYUNDAI,2014,2.5,Diesel,Automatic,53579,Minivan,36899,H1
9137,TOYOTA,2008,3.3,Hybrid,Automatic,167249,Jeep,1646,Highlander
9138,MAZDA,2016,2.5,Petrol,Automatic,14292,Sedan,39201,Mazda 6
9139,HYUNDAI,2016,2.0,Petrol,Automatic,32323,Jeep,29009,Tucson SE
9140,TOYOTA,2013,1.5,Hybrid,Automatic,94770,Hatchback,7053,Aqua
9141,MITSUBISHI,2007,2.4,Petrol,Tiptronic,141051,Minivan,23521,Delica
9142,HONDA,2017,1.5,Petrol,Automatic,23635,Sedan,53185,Civic
9143,TOYOTA,2014,2.5,Hybrid,Automatic,111462,Sedan,11133,Camry
9144,MINI,2011,1.6,Petrol,Tiptronic,87613,Hatchback,20385,Countryman sport
9145,HYUNDAI,2011,2.0,Diesel,Automatic,25459,Jeep,14834,Tucson
9146,BMW,2000,2.5,Petrol,Manual,28331,Coupe,10976,325
9147,TOYOTA,2009,2.4,Petrol,Automatic,77671,Sedan,16935,Camry
9148,TOYOTA,2007,1.5,Hybrid,Variator,186411,Sedan,11604,Prius
9149,HYUNDAI,2015,2.0,LPG,Automatic,44968,Sedan,13485,Sonata
9150,NISSAN,2012,1.6,Petrol,Tiptronic,47257,Jeep,18503,Juke
9151,CHEVROLET,2015,2.0,Petrol,Automatic,34200,Sedan,1803,1500
9152,HYUNDAI,2012,2.0,Petrol,Tiptronic,50952,Sedan,20385,Sonata
9153,HYUNDAI,2010,2.0,Diesel,Automatic,80779,Jeep,20237,Tucson
9154,HYUNDAI,2011,2.0,Petrol,Automatic,56966,Sedan,13495,Sonata
9155,TOYOTA,2018,2.5,Hybrid,Automatic,21784,Sedan,18817,Camry
9156,HYUNDAI,2010,2.0,Petrol,Automatic,87000,Coupe,26971,Genesis
9157,MERCEDES-BENZ,1998,1.8,CNG,Automatic,155343,Sedan,6586,C 180
9158,NISSAN,2002,2.0,Petrol,Automatic,158450,Jeep,7527,X-Trail
9159,SUZUKI,2013,2.0,Petrol,Automatic,120238,Sedan,1411,SX4
9160,TOYOTA,2008,3.3,Hybrid,Automatic,207795,Jeep,12544,Highlander
9161,HYUNDAI,2014,1.8,Petrol,Automatic,45788,Sedan,15681,Elantra
9162,CHEVROLET,2014,1.8,Petrol,Automatic,54485,Sedan,12544,Cruze
9163,MERCEDES-BENZ,2002,2.7,Diesel,Tiptronic,182683,Coupe,9408,CLK 270
9164,HYUNDAI,2010,2.0,Diesel,Automatic,116818,Jeep,19657,Santa FE
9165,HYUNDAI,2015,1.8,Petrol,Automatic,91466,Sedan,13172,Elantra
9166,HYUNDAI,2016,2.0,LPG,Automatic,141072,Sedan,16151,Sonata
9167,HYUNDAI,2013,1.8,Petrol,Automatic,129000,Jeep,9408,Elantra
9168,MERCEDES-BENZ,2004,2.2,Diesel,Manual,111458,Minivan,13172,Vito
9169,FIAT,2014,1.4,Petrol,Automatic,35729,Hatchback,18503,500L
9170,TOYOTA,2000,1.0,Petrol,Automatic,69041,Hatchback,5018,Vitz
9171,CHEVROLET,2015,2.0,Diesel,Automatic,76489,Jeep,30251,Captiva
9172,HYUNDAI,2012,1.8,Petrol,Automatic,67729,Sedan,16621,Elantra
9173,OPEL,1996,1.6,Petrol,Manual,93206,Sedan,2500,Astra
9174,MERCEDES-BENZ,2008,2.2,Diesel,Automatic,186411,Microbus,27582,Sprinter 313
9175,SSANGYONG,2011,2.0,Diesel,Automatic,63198,Jeep,23239,REXTON
9176,HYUNDAI,2010,2.0,Diesel,Automatic,121760,Jeep,18029,Tucson
9177,HYUNDAI,2010,2.5,Diesel,Automatic,71506,Minivan,13172,H1
9178,JEEP,2013,2.4,Petrol,Automatic,47224,Jeep,29254,Compass
9179,HYUNDAI,2010,2.0,Petrol,Automatic,69500,Coupe,11099,Genesis
9180,DODGE,2013,3.6,Petrol,Automatic,127340,Sedan,1333,Avenger
9181,CHEVROLET,2009,2.0,Diesel,Automatic,39549,Jeep,9408,Captiva
9182,JEEP,2004,2.7,Diesel,Automatic,144779,Jeep,17249,Grand Cherokee
9183,HONDA,2011,1.3,Hybrid,Automatic,76429,Hatchback,12544,FIT
9184,OPEL,1997,1.6,Petrol,Automatic,43496,Sedan,3607,Vectra
9185,BMW,2003,2.3,Petrol,Tiptronic,124274,Universal,6968,323
9186,HONDA,2019,1.5,Hybrid,Automatic,959,Minivan,24000,Fred
9187,DODGE,2017,2.4,Petrol,Automatic,46292,Jeep,1254,Journey
9188,TOYOTA,2012,2.4,Hybrid,Automatic,95691,Sedan,24148,Camry
9189,SSANGYONG,2013,2.0,Diesel,Automatic,60273,Jeep,38251,REXTON
9190,SSANGYONG,2010,2.0,Diesel,Automatic,101515,Jeep,16148,Actyon
9191,NISSAN,2006,1.5,Petrol,Automatic,90099,Hatchback,7213,Note
9192,FORD,2011,2.3,Petrol,Automatic,62119,Coupe,44228,Mustang
9193,TOYOTA,2012,1.5,Hybrid,Automatic,55200,Hatchback,25274,Aqua
9194,TOYOTA,2008,3.3,Hybrid,Variator,79838,Jeep,26657,Highlander
9195,OPEL,2008,1.9,Diesel,Manual,86992,Coupe,18189,Astra
9196,FORD,2007,2.4,Diesel,Manual,102526,Microbus,17249,Transit
9197,HONDA,2003,1.5,Petrol,Tiptronic,129867,Hatchback,7840,FIT
9198,TOYOTA,2013,2.7,Petrol,Automatic,165010,Jeep,14583,Tacoma
9199,TOYOTA,2014,1.8,Hybrid,Automatic,54958,Hatchback,16308,Prius
9200,NISSAN,2013,1.2,Petrol,Variator,22369,Hatchback,7000,Note
9201,TOYOTA,2009,1.5,Hybrid,Automatic,9321,Sedan,13350,Prius
9202,FORD,2008,2.5,Hybrid,Automatic,57788,Jeep,21953,Escape
9203,VOLKSWAGEN,2013,2.5,Petrol,Tiptronic,57166,Sedan,19757,Passat
9204,CHEVROLET,2012,1.4,Hybrid,Automatic,100780,Hatchback,4547,Volt
9205,TOYOTA,2008,1.5,Hybrid,Automatic,111847,Sedan,10036,Prius
9206,CHEVROLET,2016,1.4,Petrol,Tiptronic,5592,Sedan,12231,Cruze RS
9207,JEEP,2014,2.4,Petrol,Automatic,87337,Jeep,27689,Compass
9208,LEXUS,2014,2.5,Hybrid,Automatic,82642,Sedan,46728,ES 300 hybrid
9209,HYUNDAI,2016,2.0,LPG,Automatic,166099,Sedan,15681,Sonata
9210,LEXUS,2010,3.5,Petrol,Automatic,46349,Jeep,45210,RX 350
9211,FORD,2004,2.4,Diesel,Manual,111847,Microbus,16621,Transit
9212,LEXUS,2013,4.6,Petrol,Automatic,95763,Jeep,1490,GX 470
9213,TOYOTA,2019,1.8,Hybrid,Automatic,4671,Sedan,1254,Prius
9214,MAZDA,2012,2.0,Petrol,Tiptronic,65716,Jeep,23521,CX-5
9215,DODGE,2001,3.8,CNG,Automatic,20712,Minivan,4704,Caravan
9216,OPEL,2005,1.6,Petrol,Manual,178420,Minivan,9095,Zafira
9217,SUZUKI,2002,2.5,Petrol,Automatic,123313,Jeep,11604,Grand Vitara
9218,TOYOTA,2014,2.5,Hybrid,Automatic,90099,Sedan,28980,Camry XLE
9219,FORD,2014,2.5,Petrol,Automatic,51706,Sedan,1803,Fusion
9220,TOYOTA,2013,2.5,Petrol,Automatic,87196,Sedan,21953,Camry
9221,BMW,2004,3.0,Petrol,Automatic,93063,Sedan,13485,330
9222,TOYOTA,2010,1.8,LPG,Automatic,90099,Sedan,18817,Prius
9223,TOYOTA,2012,1.5,Hybrid,Variator,91342,Sedan,14113,Aqua
9224,HYUNDAI,2011,2.5,Diesel,Automatic,47547,Minivan,18346,H1
9225,CHEVROLET,2011,2.2,Diesel,Automatic,55032,Jeep,25597,Captiva
9226,HYUNDAI,2015,2.4,Petrol,Automatic,74565,Sedan,39458,Sonata
9227,TOYOTA,2015,2.5,Petrol,Automatic,29284,Sedan,26343,Camry SE
9228,NISSAN,2008,2.4,Petrol,Automatic,121292,Sedan,13799,Rogue
9229,SUBARU,2014,2.5,Petrol,Tiptronic,105012,Jeep,10349,Outback
9230,VOLKSWAGEN,2001,2.8,Petrol,Tiptronic,126760,Sedan,7840,Passat
9231,TOYOTA,2012,3.5,Hybrid,Automatic,127536,Jeep,29479,Highlander
9232,HYUNDAI,2016,2.0,LPG,Automatic,62573,Sedan,23104,Sonata
9233,TOYOTA,2010,1.8,Hybrid,Variator,108119,Hatchback,18189,Prius
9234,VOLKSWAGEN,2005,2.0,Petrol,Tiptronic,121167,Hatchback,9408,Golf
9235,MERCEDES-BENZ,2011,3.5,Diesel,Automatic,154426,Sedan,18189,E 350
9236,HYUNDAI,2010,1.6,Petrol,Automatic,62280,Sedan,18240,Elantra
9237,AUDI,2017,2.0,Petrol,Automatic,68382,Sedan,1019,A4
9238,MAZDA,2012,2.0,Petrol,Tiptronic,77671,Sedan,7840,Mazda 3
9239,NISSAN,2011,4.0,Petrol,Automatic,133597,Jeep,2117,Pathfinder
9240,TOYOTA,2006,1.5,Petrol,Variator,136702,Hatchback,10349,Prius
9241,MAZDA,2001,2.0,CNG,Automatic,621,Jeep,5000,Tribute
9242,CHEVROLET,2009,2.0,Diesel,Automatic,98343,Sedan,11099,Lacetti
9243,KIA,2012,2.0,Petrol,Tiptronic,78541,Sedan,21639,Optima SXL
9244,SSANGYONG,2016,1.6,Diesel,Automatic,49266,Jeep,39085,Actyon
9245,TOYOTA,2012,1.5,Petrol,Automatic,26592,Hatchback,24085,Aqua
9246,CHEVROLET,2012,1.0,Petrol,Automatic,31231,Hatchback,8674,Spark
9247,OPEL,2008,1.6,Petrol,Tiptronic,124274,Hatchback,10976,Astra
9248,TOYOTA,2012,2.5,Petrol,Tiptronic,64623,Sedan,19444,Camry
9249,DODGE,2014,3.6,Petrol,Tiptronic,80778,Minivan,16308,Caravan tradesman
9250,HYUNDAI,2014,1.8,Petrol,Tiptronic,41010,Sedan,16621,Elantra
9251,HYUNDAI,2016,2.2,Diesel,Automatic,44656,Jeep,59087,Santa FE
9252,TOYOTA,2010,1.8,Petrol,Automatic,72695,Sedan,1333,Corolla
9253,MITSUBISHI,2018,2.0,Petrol,Automatic,8699,Jeep,31988,Outlander
9254,HYUNDAI,2019,2.0,Diesel,Automatic,756,Jeep,60994,Tucson
9255,NISSAN,2017,1.6,Petrol,Tiptronic,33554,Jeep,23207,Juke
9256,SUBARU,2012,2.5,Petrol,Automatic,161639,Jeep,4861,Forester
9257,HYUNDAI,2010,2.0,Diesel,Automatic,99490,Jeep,22357,Tucson
9258,HYUNDAI,2017,2.5,Diesel,Automatic,89247,Universal,35846,H1
9259,MERCEDES-BENZ,2017,2.0,Petrol,Automatic,31646,Sedan,22580,E 300
9260,HONDA,2016,1.5,Petrol,Tiptronic,34175,Sedan,21953,FIT ex
9261,TOYOTA,2013,2.5,Petrol,Automatic,191813,Sedan,3920,Camry
9262,HYUNDAI,2012,2.4,Petrol,Automatic,67108,Sedan,13485,Sonata
9263,MERCEDES-BENZ,2002,2.7,Diesel,Tiptronic,234878,Sedan,14113,E 270
9264,HYUNDAI,2013,2.4,Hybrid,Tiptronic,100662,Sedan,17562,Sonata
9265,MERCEDES-BENZ,2010,3.5,Diesel,Automatic,159639,Sedan,8938,E 350
9266,TOYOTA,2014,2.5,Petrol,Automatic,99419,Sedan,21953,Camry
9267,BMW,2001,2.5,Petrol,Manual,621,Sedan,3136,325
9268,VOLKSWAGEN,2013,1.4,Hybrid,Tiptronic,71582,Sedan,17876,Jetta
9269,TOYOTA,2010,1.8,Petrol,Automatic,144473,Sedan,4077,Corolla
9270,NISSAN,2014,1.6,Petrol,Automatic,49088,Jeep,20385,Juke
9271,HYUNDAI,2017,2.0,Diesel,Automatic,61064,Jeep,39226,Tucson
9272,HYUNDAI,2018,2.0,Petrol,Automatic,47926,Sedan,49751,Sonata
9273,HYUNDAI,2010,1.6,Petrol,Automatic,111905,Sedan,11704,Elantra
9274,NISSAN,2012,1.6,Petrol,Automatic,107855,Jeep,3763,Juke
9275,KIA,2013,2.4,Hybrid,Automatic,54059,Sedan,18817,Optima
9276,TOYOTA,2004,2.0,Petrol,Automatic,115575,Minivan,11290,VOXY
9277,TOYOTA,2014,1.8,Hybrid,Automatic,107873,Hatchback,4077,Prius
9278,HYUNDAI,2016,2.0,LPG,Automatic,147239,Sedan,15681,Sonata
9279,HYUNDAI,2015,2.0,Diesel,Automatic,31088,Jeep,33870,Santa FE
9280,TOYOTA,2010,3.3,Hybrid,Automatic,164587,Jeep,4861,Highlander
9281,BMW,2009,3.0,Petrol,Tiptronic,66487,Jeep,24462,X5
9282,SSANGYONG,2011,2.0,Diesel,Automatic,70554,Jeep,21655,Actyon
9283,FORD,2008,2.3,Hybrid,Automatic,102197,Jeep,11917,Escape
9284,HYUNDAI,2013,1.8,Petrol,Automatic,177739,Sedan,3136,Elantra
9285,OPEL,1999,1.6,Petrol,Manual,141051,Sedan,6586,Astra
9286,HYUNDAI,2015,2.4,Petrol,Tiptronic,31690,Sedan,19444,Sonata
9287,HYUNDAI,2015,2.0,LPG,Automatic,32227,Sedan,13978,Sonata
9288,HYUNDAI,2014,2.0,Diesel,Automatic,66366,Jeep,45025,Santa FE
9289,HYUNDAI,2015,2.0,Diesel,Automatic,73967,Jeep,48108,Santa FE
9290,VOLKSWAGEN,2011,2.5,Petrol,Manual,111000,Sedan,16621,Jetta sel
9291,SSANGYONG,2011,2.0,Diesel,Automatic,103327,Jeep,17158,Actyon
9292,HONDA,2013,1.3,Hybrid,Automatic,113276,Hatchback,12388,FIT
9293,FORD,2015,2.5,Petrol,Automatic,76053,Sedan,13485,Fusion
9294,LEXUS,2012,4.6,Petrol,Automatic,142501,Jeep,34811,GX 460
9295,SSANGYONG,2016,1.6,Diesel,Automatic,42875,Jeep,42102,Actyon
9296,SUBARU,2011,2.5,Petrol,Automatic,105633,Jeep,22266,Forester
9297,HONDA,2016,1.5,Petrol,Automatic,14114,Sedan,53185,Civic
9298,MERCEDES-BENZ,1999,4.3,Petrol,Automatic,37904,Sedan,28222,C 43 AMG
9299,HYUNDAI,2010,2.0,Diesel,Automatic,40758,Jeep,13777,Tucson
9300,TOYOTA,2013,1.8,Petrol,Variator,166030,Universal,18503,Prius V
9301,HYUNDAI,2013,2.0,Diesel,Automatic,130965,Jeep,29489,Santa FE
9302,VOLKSWAGEN,2001,2.8,CNG,Manual,217480,Sedan,5331,Passat
9303,TOYOTA,2014,4.0,Petrol,Automatic,83885,Jeep,56450,4Runner
9304,BMW,2009,3.0,Petrol,Tiptronic,123031,Coupe,21012,128
9305,HYUNDAI,2013,2.0,LPG,Automatic,56034,Sedan,7683,Sonata
9306,TOYOTA,2014,2.5,Hybrid,Automatic,111462,Sedan,11133,Camry
9307,BMW,2008,3.0,Petrol,Tiptronic,111847,Jeep,23521,X5
9308,CHEVROLET,2013,2.5,Petrol,Automatic,124484,Sedan,2038,Malibu
9309,SUBARU,2013,2.5,Petrol,Manual,60894,Jeep,15367,Forester
9310,TOYOTA,2018,2.0,Petrol,Automatic,10074,Jeep,2587,CHR
9311,HYUNDAI,2013,1.8,Petrol,Tiptronic,109361,Sedan,12544,Elantra
9312,MERCEDES-BENZ,2017,2.0,Petrol,Automatic,31667,Sedan,56136,E 300
9313,MITSUBISHI,1997,2.8,Diesel,Automatic,172974,Jeep,8467,Pajero
9314,SSANGYONG,2017,1.6,Diesel,Automatic,20820,Jeep,40092,Actyon
9315,OPEL,1996,1.6,Petrol,Manual,15534,Sedan,4547,Vectra
9316,VOLKSWAGEN,2015,2.0,Petrol,Tiptronic,64001,Sedan,15681,Jetta
9317,HYUNDAI,2018,2.0,Petrol,Automatic,29009,Sedan,4077,Elantra
9318,HYUNDAI,2019,2.0,Diesel,Automatic,4887,Jeep,62653,Santa FE
9319,TOYOTA,2014,1.5,Hybrid,Automatic,25787,Hatchback,23722,Aqua
9320,HYUNDAI,2014,2.5,Diesel,Automatic,108952,Minivan,31581,H1
9321,KIA,2014,2.0,Petrol,Automatic,28275,Sedan,14113,Optima
9322,TOYOTA,2012,1.8,Hybrid,Automatic,127535,Hatchback,18817,Prius
9323,MERCEDES-BENZ,2015,3.5,Diesel,Automatic,49138,Jeep,22894,ML 350
9324,MERCEDES-BENZ,2008,3.0,Diesel,Automatic,109121,Sedan,2430,E 350
9325,HONDA,2006,3.5,CNG,Automatic,136702,Minivan,17421,Odyssey
9326,NISSAN,2008,1.5,Petrol,Automatic,105633,Hatchback,8467,Tiida
9327,HONDA,2011,1.3,Hybrid,Automatic,74565,Hatchback,11290,FIT
9328,HYUNDAI,2018,2.0,Petrol,Automatic,19555,Sedan,5645,Elantra
9329,HYUNDAI,2016,1.8,Petrol,Automatic,133615,Sedan,7370,Elantra
9330,BMW,2010,4.4,Petrol,Tiptronic,93206,Jeep,34497,X5 M
9331,PONTIAC,2009,2.4,Petrol,Automatic,161556,Sedan,6600,G6
9332,KIA,2014,2.4,Petrol,Automatic,128134,Sedan,1882,Optima
9333,VOLKSWAGEN,2011,2.5,Petrol,Tiptronic,73322,Sedan,16935,Jetta
9334,DODGE,1997,2.9,Petrol,Automatic,78544,Minivan,4077,Caravan
9335,HYUNDAI,2008,2.5,Diesel,Automatic,145574,Universal,13589,H1
9336,NISSAN,2005,1.5,Petrol,Automatic,93206,Hatchback,7213,Note
9337,LEXUS,2013,1.8,Hybrid,Automatic,108145,Hatchback,5331,CT 200h
9338,KIA,2013,2.0,Petrol,Automatic,40961,Sedan,7370,Optima
9339,SUBARU,2013,2.5,Petrol,Automatic,68351,Jeep,22894,Forester
9340,MERCEDES-BENZ,2008,3.0,Diesel,Automatic,109121,Sedan,1568,E 350
9341,BMW,2012,3.0,Diesel,Tiptronic,129245,Jeep,31361,X5
9342,HYUNDAI,2010,1.6,Petrol,Automatic,70750,Sedan,12849,Elantra
9343,HYUNDAI,2014,2.0,Petrol,Automatic,64623,Hatchback,17876,Elantra gt
9344,FORD,2008,2.2,Diesel,Manual,107077,Universal,11917,Transit
9345,TOYOTA,2015,2.5,Hybrid,Automatic,55302,Sedan,34497,Camry
9346,SSANGYONG,2010,2.0,Diesel,Automatic,135053,Jeep,16010,Actyon
9347,HYUNDAI,2011,2.0,Petrol,Automatic,104586,Coupe,18500,Genesis
9348,LEXUS,2015,3.5,Hybrid,Automatic,89241,Jeep,13956,RX 450
9349,BMW,2003,3.0,Petrol,Tiptronic,118060,Sedan,16621,530
9350,HYUNDAI,2014,2.0,LPG,Automatic,209384,Sedan,11604,Sonata
9351,FORD,2015,2.0,Petrol,Automatic,44399,Sedan,16935,Fusion
9352,MITSUBISHI,2013,2.0,Petrol,Tiptronic,44739,Jeep,21639,Outlander sport
9353,TOYOTA,2005,1.5,Hybrid,Automatic,122410,Sedan,10036,Prius
9354,HONDA,2015,1.5,Petrol,Automatic,45500,Hatchback,25387,FIT
9355,HONDA,2013,1.5,Hybrid,Automatic,67729,Hatchback,10976,FIT
9356,HYUNDAI,2017,2.0,LPG,Automatic,171325,Sedan,16935,Sonata
9357,BMW,2016,2.0,Petrol,Tiptronic,20505,Sedan,49237,328
9358,HYUNDAI,2014,2.4,Petrol,Automatic,190318,Jeep,4704,Santa FE
9359,TOYOTA,2014,1.5,Hybrid,Automatic,42875,Hatchback,17249,Prius C
9360,CHEVROLET,2009,1.6,Petrol,Automatic,54215,Sedan,11848,Lacetti
9361,MERCEDES-BENZ,2016,2.0,Petrol,Automatic,40389,Jeep,53314,GLA 250
9362,MERCURY,2009,2.5,Hybrid,Automatic,96808,Jeep,15681,Mariner Hybrid
9363,LEXUS,2013,4.6,Petrol,Automatic,125921,Jeep,54568,GX 470
9364,FORD,2015,2.0,Hybrid,Automatic,62601,Sedan,2666,Fusion
9365,MERCEDES-BENZ,2004,2.2,Diesel,Manual,230839,Microbus,29793,Sprinter
9366,NISSAN,2007,2.3,Petrol,Automatic,81400,Sedan,7997,Teana
9367,HONDA,2011,2.4,Petrol,Automatic,111847,Jeep,19444,Cr-v
9368,NISSAN,2017,2.5,Petrol,Automatic,48405,Jeep,1333,Rogue
9369,OPEL,1998,2.0,Petrol,Manual,155343,Sedan,4391,Omega
9370,MERCEDES-BENZ,1997,3.2,CNG,Automatic,111847,Sedan,7213,E 320
9371,NISSAN,2015,1.6,Petrol,Tiptronic,76553,Jeep,12858,Juke
9372,MERCEDES-BENZ,2009,2.2,Diesel,Tiptronic,99419,Minivan,34497,Vito long115
9373,OPEL,2002,2.0,Diesel,Manual,147700,Goods wagon,8467,Astra
9374,HYUNDAI,2015,2.0,LPG,Automatic,177741,Sedan,11415,Sonata
9375,TOYOTA,2008,1.5,Petrol,Automatic,124274,Sedan,12544,Prius
9376,TOYOTA,2009,3.3,Hybrid,Automatic,156137,Jeep,7997,Highlander
9377,MERCEDES-BENZ,2012,3.0,Diesel,Automatic,87116,Jeep,45473,GL 350 დიზელი
9378,AUDI,2007,2.0,Petrol,Tiptronic,139698,Sedan,10976,A4
9379,TOYOTA,2010,1.8,Hybrid,Variator,95564,Hatchback,7997,Prius
9380,TOYOTA,2003,2.0,Petrol,Automatic,121167,Minivan,10976,VOXY 2003
9381,TOYOTA,2015,3.5,Petrol,Automatic,32941,Sedan,10663,Sienna
9382,NISSAN,2006,4.0,LPG,Automatic,98798,Jeep,18503,X-Terra
9383,HONDA,2019,1.5,Hybrid,Automatic,5592,Hatchback,18000,Shuttle
9384,JAGUAR,2014,2.2,Diesel,Automatic,75914,Sedan,47120,XF
9385,BMW,2003,2.5,Petrol,Manual,9321,Cabriolet,15053,Z4
9386,TOYOTA,2013,2.5,Hybrid,Automatic,118402,Sedan,5018,Camry
9387,HONDA,2006,1.5,Petrol,Manual,93206,Hatchback,9408,FIT
9388,TOYOTA,2009,1.5,Hybrid,Automatic,116196,Hatchback,12231,Prius
9389,TOYOTA,2009,2.4,Hybrid,Automatic,15421,Sedan,15210,Camry
9390,MERCEDES-BENZ,2012,3.0,Diesel,Tiptronic,126449,Jeep,48296,ML 350
9391,BMW,2008,3.0,Petrol,Tiptronic,115575,Sedan,23521,535
9392,MERCEDES-BENZ,2011,2.2,Diesel,Manual,161556,Microbus,24462,Vito 113
9393,HYUNDAI,2015,1.8,Petrol,Tiptronic,38525,Hatchback,17876,Elantra
9394,RENAULT,2011,1.5,Diesel,Manual,130488,Goods wagon,15681,Megane
9395,SSANGYONG,2011,2.0,Diesel,Automatic,118039,Sedan,17126,Actyon
9396,SUBARU,2009,2.5,LPG,Tiptronic,117812,Jeep,19444,Forester
9397,HYUNDAI,2016,2.0,LPG,Automatic,152882,Sedan,15530,Sonata
9398,LEXUS,2013,3.5,Hybrid,Tiptronic,52817,Jeep,56450,RX 450
9399,VOLKSWAGEN,2014,2.0,Diesel,Automatic,114954,Sedan,15053,Jetta TDI
9400,MERCEDES-BENZ,2003,2.7,Diesel,Manual,142915,Microbus,27000,Sprinter
9401,CHEVROLET,2012,2.0,Diesel,Automatic,57704,Jeep,21181,Orlando
9402,CHEVROLET,2009,2.0,Diesel,Automatic,41189,Sedan,6429,Cruze
9403,HYUNDAI,2009,2.0,Petrol,Automatic,85657,Coupe,15612,Genesis
9404,LEXUS,2012,4.6,Petrol,Automatic,93770,Jeep,4077,GX 460
9405,HYUNDAI,2014,2.5,Diesel,Automatic,79535,Minivan,24433,H1
9406,HYUNDAI,2013,1.8,Petrol,Tiptronic,55302,Sedan,14113,Elantra
9407,TOYOTA,2011,1.8,Hybrid,Automatic,197845,Hatchback,9408,Prius
9408,VOLKSWAGEN,2013,1.8,Petrol,Tiptronic,92674,Sedan,22580,Passat
9409,LINCOLN,2016,2.0,Hybrid,Automatic,145769,Sedan,3450,MKZ
9410,TOYOTA,2012,1.5,Hybrid,Automatic,74565,Hatchback,18817,Prius C
9411,HYUNDAI,2010,2.0,Diesel,Automatic,82021,Jeep,25810,Santa FE
9412,MERCEDES-BENZ,2000,1.7,Diesel,Manual,167770,Hatchback,6272,A 170 CDI
9413,TOYOTA,2018,1.5,Petrol,Automatic,9321,Minivan,18000,Sienta
9414,TOYOTA,2012,1.5,Hybrid,Automatic,56545,Hatchback,22166,Aqua
9415,HYUNDAI,2014,2.0,Diesel,Automatic,72971,Jeep,34240,Tucson
9416,MERCEDES-BENZ,2016,2.0,Petrol,Automatic,68074,Jeep,8311,GLA 250
9417,VOLKSWAGEN,2012,2.5,Petrol,Tiptronic,45049,Sedan,13900,Passat
9418,VOLKSWAGEN,2010,2.0,Petrol,Tiptronic,109983,Sedan,15200,CC
9419,MERCEDES-BENZ,2011,3.5,Diesel,Automatic,115912,Jeep,2038,ML 350
9420,LEXUS,2012,3.5,Hybrid,Automatic,159737,Jeep,14583,RX 450
9421,TOYOTA,2007,1.4,Petrol,Manual,131109,Sedan,11290,Corolla
9422,TOYOTA,2014,2.5,Petrol,Tiptronic,82021,Sedan,26343,Camry
9423,HYUNDAI,2014,2.0,Diesel,Automatic,121702,Jeep,32954,Santa FE
9424,OPEL,1998,1.6,Petrol,Manual,168423,Hatchback,7000,Astra
9425,FORD,2010,3.0,Petrol,Tiptronic,114954,Microbus,14113,Transit
9426,MERCEDES-BENZ,2018,3.5,Petrol,Automatic,6068,Jeep,29793,GLE 350
9427,TOYOTA,2012,1.5,Hybrid,Automatic,46603,Hatchback,17249,Prius C
9428,HYUNDAI,2017,1.7,Diesel,Automatic,41577,Jeep,53188,Tucson
9429,TOYOTA,2013,2.5,Petrol,Tiptronic,54059,Sedan,20385,Camry
9430,HYUNDAI,2012,2.5,Diesel,Automatic,146850,Universal,19657,H1
9431,HYUNDAI,2018,1.6,Petrol,Automatic,32933,Sedan,27924,Elantra
9432,VOLKSWAGEN,2004,2.0,Petrol,Manual,140181,Sedan,4704,Golf
9433,CHEVROLET,2013,1.8,Petrol,Automatic,78214,Sedan,13877,Cruze
9434,TOYOTA,2006,1.0,Petrol,Automatic,105633,Sedan,8467,Vitz
9435,HYUNDAI,2011,2.5,Diesel,Automatic,33206,Minivan,13768,H1
9436,BMW,2009,2.8,LPG,Tiptronic,149129,Sedan,15649,528
9437,CHEVROLET,2013,1.4,Plug-in Hybrid,Variator,63380,Hatchback,23521,Volt
9438,HONDA,2013,1.3,Petrol,Automatic,66673,Hatchback,22502,FIT
9439,VOLKSWAGEN,2000,2.0,CNG,Automatic,104390,Sedan,3763,Jetta
9440,HYUNDAI,2014,2.0,Diesel,Automatic,19368,Jeep,23505,Tucson
9441,BMW,2011,4.4,Petrol,Automatic,53266,Sedan,20385,550
9442,TOYOTA,2017,1.8,Plug-in Hybrid,Variator,19884,Sedan,53314,Prius
9443,HYUNDAI,2015,2.0,Diesel,Automatic,133234,Jeep,24600,Santa FE
9444,VOLKSWAGEN,2015,1.8,Petrol,Tiptronic,26719,Sedan,25716,Passat se
9445,CHEVROLET,2013,1.0,Petrol,Automatic,29915,Minivan,7370,Spark
9446,TOYOTA,2012,2.5,Petrol,Automatic,36040,Jeep,21639,RAV 4
9447,TOYOTA,2012,1.8,Hybrid,Variator,100041,Hatchback,17876,Prius
9448,KIA,2007,2.0,Diesel,Automatic,51539,Jeep,6586,Sportage
9449,MERCEDES-BENZ,2011,3.0,Diesel,Automatic,171413,Jeep,9879,ML 350
9450,TOYOTA,2014,1.5,Petrol,Automatic,21127,Hatchback,14000,Ractis
9451,JEEP,2015,2.4,Petrol,Automatic,27793,Jeep,44043,Compass
9452,HYUNDAI,2015,1.6,Diesel,Automatic,22911,Hatchback,14426,Accent
9453,MERCEDES-BENZ,2007,2.2,Diesel,Tiptronic,207192,Sedan,16935,E 200
9454,MERCEDES-BENZ,1998,2.3,Petrol,Automatic,187033,Coupe,6899,CLK 230
9455,SATURN,2008,2.4,Hybrid,Automatic,62137,Jeep,13799,Vue
9456,HYUNDAI,2010,2.5,Diesel,Automatic,132784,Universal,16766,H1
9457,LEXUS,2013,3.5,Petrol,Tiptronic,57166,Jeep,48296,RX 350
9458,HYUNDAI,2017,2.0,Petrol,Tiptronic,81524,Jeep,37633,Tucson Limited
9459,MERCEDES-BENZ,2014,2.1,Diesel,Automatic,147886,Sedan,50178,E 200
9460,BMW,2004,3.0,Petrol,Tiptronic,173984,Sedan,14740,530
9461,BMW,2002,3.0,Petrol,Tiptronic,96313,Sedan,13485,530 M
9462,LEXUS,2012,3.5,Hybrid,Automatic,146653,Jeep,30107,RX 450
9463,MERCEDES-BENZ,2012,3.0,Diesel,Tiptronic,60584,Sedan,36000,E 350
9464,TOYOTA,2011,1.8,Hybrid,Automatic,12427,Sedan,12544,Prius
9465,CHEVROLET,2017,1.5,Hybrid,Automatic,32350,Hatchback,26030,Volt
9466,HYUNDAI,2009,2.0,Petrol,Automatic,64720,Coupe,13630,Genesis
9467,SUBARU,2004,2.5,Petrol,Tiptronic,101283,Universal,8467,Outback
9468,MERCEDES-BENZ,2014,3.5,Petrol,Automatic,46603,Sedan,50178,E 350
9469,FORD,1997,2.5,Diesel,Manual,83313,Goods wagon,13485,Transit
9470,HYUNDAI,2011,1.6,Petrol,Automatic,47511,Sedan,19707,Elantra
9471,HYUNDAI,2010,2.0,Petrol,Automatic,121740,Sedan,16894,Sonata
9472,FORD,2010,2.5,Hybrid,Variator,155343,Sedan,16308,Fusion
9473,TOYOTA,2012,2.5,Petrol,Tiptronic,63380,Sedan,23521,Camry
9474,VOLKSWAGEN,2015,1.8,Petrol,Automatic,39638,Sedan,6272,Jetta
9475,DAEWOO,2009,1.6,Petrol,Automatic,42322,Sedan,7213,Lacetti
9476,HYUNDAI,2016,2.0,Diesel,Automatic,20473,Jeep,59504,Tucson
9477,MITSUBISHI,2008,0.7,Petrol,Automatic,103148,Jeep,6272,Pajero Mini 2008 წლიანი
9478,CHEVROLET,2012,2.0,Diesel,Automatic,75838,Jeep,20005,Orlando
9479,HONDA,2015,1.3,Petrol,Automatic,31645,Universal,26949,FIT
9480,MERCEDES-BENZ,2008,3.0,Diesel,Tiptronic,19884,Sedan,21326,E 280 3.0
9481,TOYOTA,2011,3.5,Hybrid,Automatic,212895,Jeep,1568,Highlander
9482,HYUNDAI,2016,2.0,LPG,Automatic,176587,Sedan,15681,Sonata
9483,HONDA,2016,1.5,Petrol,Automatic,18811,Coupe,58172,Civic
9484,HYUNDAI,2010,2.5,Diesel,Automatic,78765,Universal,18450,H1
9485,HYUNDAI,2011,2.0,Diesel,Automatic,89537,Jeep,23207,Tucson
9486,HONDA,2015,2.4,Petrol,Automatic,80641,Sedan,8781,Accord
9487,HYUNDAI,2016,2.0,LPG,Automatic,222778,Sedan,13172,Sonata
9488,MITSUBISHI,2018,1.5,Petrol,Automatic,10640,Jeep,27441,Eclipse ES
9489,TOYOTA,2014,2.5,Petrol,Tiptronic,73570,Sedan,23521,Camry
9490,FORD,2013,1.6,Petrol,Tiptronic,155094,Sedan,20698,Fusion 1.6
9491,HYUNDAI,2016,2.0,Diesel,Automatic,54265,Jeep,55515,Santa FE
9492,HYUNDAI,2010,2.0,Petrol,Automatic,65074,Sedan,13366,Sonata
9493,MERCEDES-BENZ,2014,3.5,Diesel,Automatic,90966,Sedan,1882,E 350
9494,HYUNDAI,2018,2.0,Diesel,Automatic,42875,Jeep,61286,Santa FE
9495,MAZDA,2003,1.4,CNG,Manual,114954,Hatchback,7213,Demio evropuli
9496,SSANGYONG,2013,2.0,Diesel,Automatic,94982,Jeep,38251,REXTON
9497,HYUNDAI,2010,1.6,Petrol,Automatic,44739,Sedan,10117,Elantra
9498,MERCEDES-BENZ,2001,2.4,Petrol,Automatic,146022,Sedan,10349,E 240
9499,TOYOTA,2014,2.5,Petrol,Automatic,64078,Sedan,16099,Camry
9500,DAEWOO,2009,1.6,Petrol,Automatic,86196,Sedan,7517,Lacetti
9501,LEXUS,2008,3.3,Hybrid,Variator,129867,Jeep,24148,RX 400
9502,HONDA,2017,1.5,Petrol,Automatic,908,Hatchback,40889,Civic
9503,MERCEDES-BENZ,1998,1.8,CNG,Manual,69041,Sedan,6586,C 180
9504,SUBARU,2014,2.5,Petrol,Tiptronic,144158,Jeep,19444,Forester
9505,FORD,2010,2.2,Diesel,Manual,130488,Goods wagon,20385,Transit ford
9506,TOYOTA,2008,1.5,Hybrid,Automatic,127281,Hatchback,8311,Prius
9507,HYUNDAI,2017,2.0,Diesel,Automatic,65711,Jeep,53154,Santa FE
9508,MERCEDES-BENZ,2010,3.5,Petrol,Tiptronic,24233,Coupe,43905,E 350
9509,MITSUBISHI,2002,2.0,Petrol,Tiptronic,84506,Universal,8154,Airtrek
9510,VOLKSWAGEN,2019,1.4,Petrol,Automatic,4319,Sedan,41710,Jetta
9511,TOYOTA,2011,1.8,Hybrid,Automatic,127000,Hatchback,13799,Prius
9512,TOYOTA,2013,1.5,Hybrid,Variator,124274,Sedan,12544,Aqua
9513,TOYOTA,2008,1.5,Hybrid,Automatic,228665,Sedan,10976,Prius
9514,NISSAN,2011,2.5,Diesel,Manual,149129,Pickup,26657,Navara
9515,TOYOTA,2018,2.5,Petrol,Tiptronic,13670,Sedan,49237,Camry
9516,TOYOTA,2012,2.5,Hybrid,Automatic,99033,Sedan,3136,Camry
9517,SSANGYONG,2012,2.0,Diesel,Automatic,99413,Jeep,21181,Korando
9518,NISSAN,2013,1.6,Petrol,Tiptronic,54059,Jeep,27700,Juke
9519,TOYOTA,2014,1.8,Hybrid,Automatic,94401,Hatchback,4391,Prius
9520,VOLKSWAGEN,2013,2.5,Petrol,Automatic,65244,Sedan,10976,Passat B7
9521,LEXUS,2013,3.5,Hybrid,Automatic,94006,Jeep,5175,RX 450
9522,HYUNDAI,2016,2.5,Diesel,Automatic,74565,Minivan,36567,H1
9523,VOLKSWAGEN,2002,1.0,Petrol,Manual,74569,Hatchback,4077,Lupo
9524,HONDA,2020,1.5,Petrol,Automatic,9694,Hatchback,21316,FIT
9525,TOYOTA,2008,2.4,Hybrid,Automatic,83885,Sedan,16621,Camry
9526,OPEL,1998,1.6,Petrol,Manual,108740,Goods wagon,5018,Astra
9527,HYUNDAI,2016,2.0,Diesel,Automatic,91026,Jeep,44711,Santa FE
9528,KIA,2016,2.4,Petrol,Tiptronic,40389,Sedan,25089,Optima
9529,MERCEDES-BENZ,2011,3.5,Diesel,Automatic,74179,Sedan,16621,E 350
9530,TOYOTA,2010,2.4,Hybrid,Variator,178955,Sedan,20385,Camry
9531,MERCEDES-BENZ,2009,3.0,Diesel,Automatic,173303,Jeep,10663,ML 350
9532,TOYOTA,2017,1.8,Hybrid,Automatic,29622,Sedan,1882,Prius
9533,TOYOTA,2011,1.0,Petrol,Variator,55302,Hatchback,12858,Vitz
9534,OPEL,2006,1.7,Diesel,Manual,121789,Goods wagon,7840,Combo
9535,KIA,2016,2.0,Petrol,Automatic,17078,Sedan,18189,Optima
9536,HYUNDAI,2012,2.4,Hybrid,Automatic,93206,Sedan,18817,Sonata
9537,MERCEDES-BENZ,1999,0.6,Petrol,Automatic,142915,Sedan,8781,E 320
9538,TOYOTA,2012,2.5,Petrol,Automatic,177224,Sedan,3920,Camry
9539,HYUNDAI,2018,1.7,Diesel,Automatic,19925,Jeep,45542,Tucson
9540,NISSAN,2004,2.0,Petrol,Automatic,96934,Jeep,10349,X-Trail
9541,BMW,2012,2.0,Petrol,Tiptronic,89477,Sedan,26657,328
9542,TOYOTA,2013,1.8,Hybrid,Automatic,47540,Hatchback,15994,Prius
9543,NISSAN,2013,1.2,Petrol,Variator,78914,Hatchback,7840,Note
9544,HYUNDAI,2015,1.6,Petrol,Automatic,86228,Sedan,19707,Elantra
9545,HYUNDAI,2015,2.0,Diesel,Automatic,67218,Jeep,47217,Santa FE
9546,HYUNDAI,2011,2.0,Diesel,Automatic,94196,Jeep,27889,Santa FE
9547,VOLKSWAGEN,2005,1.8,Petrol,Automatic,111698,Sedan,5018,Passat
9548,CHEVROLET,2007,2.0,Diesel,Automatic,38174,Jeep,7056,Captiva
9549,HYUNDAI,2012,2.0,Diesel,Automatic,42476,Jeep,36231,Santa FE
9550,HYUNDAI,2014,2.0,Diesel,Automatic,42704,Jeep,40092,Tucson
9551,TOYOTA,2015,1.8,Petrol,Automatic,85025,Sedan,3920,Corolla
9552,HYUNDAI,2012,2.0,LPG,Automatic,147129,Sedan,12143,Sonata
9553,HONDA,2002,2.0,Petrol,Automatic,122410,Jeep,10976,Cr-v
9554,HONDA,2014,1.8,Petrol,Automatic,43957,Sedan,43548,Civic
9555,MERCEDES-BENZ,2001,2.2,Diesel,Automatic,6214,Sedan,10976,E 220
9556,HONDA,2016,1.3,Petrol,Automatic,35667,Hatchback,16264,FIT
9557,MERCEDES-BENZ,2012,3.5,Petrol,Automatic,120091,Jeep,7213,ML 350
9558,INFINITI,2011,3.7,Petrol,Tiptronic,38525,Sedan,23521,M37
9559,TOYOTA,2008,1.6,Petrol,Automatic,96313,Hatchback,10976,Prius
9560,HYUNDAI,2014,2.5,Diesel,Automatic,86933,Minivan,36968,H1
9561,VOLKSWAGEN,1996,1.6,Petrol,Manual,170877,Hatchback,3500,Golf
9562,CHEVROLET,2011,1.4,Hybrid,Automatic,179438,Hatchback,2666,Volt
9563,KIA,2015,2.4,Petrol,Automatic,37359,Jeep,34497,Sportage
9564,HYUNDAI,2014,2.5,Diesel,Automatic,74757,Minivan,30583,H1
9565,HYUNDAI,2012,2.4,Petrol,Tiptronic,60894,Jeep,26030,Tucson
9566,KIA,2011,2.0,Petrol,Automatic,38139,Sedan,11604,Optima
9567,TOYOTA,2012,4.0,Petrol,Automatic,227304,Sedan,27911,Tacoma
9568,HYUNDAI,2014,3.0,Diesel,Automatic,70925,Minivan,31581,H1
9569,SSANGYONG,2015,2.0,Diesel,Automatic,57707,Jeep,48873,REXTON
9570,TOYOTA,2008,1.5,Hybrid,Variator,69041,Hatchback,12544,Prius
9571,BMW,2007,3.0,Diesel,Automatic,11806,Jeep,29793,X5
9572,HYUNDAI,2017,2.5,Diesel,Automatic,106683,Universal,40340,H1
9573,HYUNDAI,2010,2.0,Diesel,Automatic,60358,Jeep,25004,Tucson
9574,HONDA,2016,2.0,Petrol,Automatic,14863,Sedan,44943,Civic
9575,HYUNDAI,2013,2.0,Diesel,Automatic,46277,Jeep,23270,Tucson
9576,VAZ,2008,1.6,Petrol,Manual,70215,Jeep,7840,2121 (Niva)
9577,HONDA,2016,1.5,Petrol,Automatic,44780,Sedan,44611,Civic
9578,TOYOTA,2007,1.6,Petrol,Tiptronic,146146,Sedan,11917,Prius
9579,HYUNDAI,2010,2.0,Diesel,Automatic,96499,Jeep,22947,Tucson
9580,VOLKSWAGEN,2005,2.5,Petrol,Tiptronic,60273,Sedan,9500,Jetta
9581,CHEVROLET,2012,1.0,Petrol,Automatic,20124,Sedan,7840,Spark
9582,HYUNDAI,2014,2.4,Petrol,Automatic,103153,Sedan,1882,Sonata
9583,FORD,2011,2.2,Diesel,Manual,75807,Microbus,23521,Transit
9584,TOYOTA,2014,1.5,Petrol,Automatic,72297,Hatchback,14586,Aqua
9585,BMW,2015,4.4,Petrol,Automatic,57298,Coupe,30734,650
9586,KIA,2007,2.0,Diesel,Automatic,32311,Jeep,8154,Carens
9587,FORD,2012,2.0,Hybrid,Automatic,86992,Sedan,14113,C-MAX
9588,TOYOTA,2005,1.5,Hybrid,Automatic,26843,Sedan,10976,Prius
9589,TOYOTA,2013,2.5,Petrol,Tiptronic,109361,Jeep,38260,RAV 4
9590,OPEL,2009,1.7,Diesel,Manual,154100,Minivan,11604,Zafira
9591,TOYOTA,2014,1.5,Petrol,Automatic,61844,Hatchback,15530,Aqua
9592,HYUNDAI,2017,2.0,LPG,Automatic,38063,Sedan,15681,Sonata
9593,AUDI,2013,2.0,Petrol,Automatic,54059,Coupe,9408,A5
9594,TOYOTA,2017,1.8,Petrol,Automatic,38339,Sedan,3136,Corolla
9595,FORD,2008,1.8,Diesel,Manual,99419,Goods wagon,8781,Tourneo Connect
9596,DODGE,2012,1.4,Petrol,Tiptronic,88235,Sedan,15053,Dart
9597,AUDI,2011,2.0,Petrol,Manual,90023,Sedan,18817,A4
9598,SSANGYONG,2010,2.7,Diesel,Automatic,140088,Jeep,20592,REXTON
9599,TOYOTA,2009,1.8,Hybrid,Tiptronic,196850,Sedan,13485,Prius
9600,NISSAN,2013,3.5,CNG,Automatic,27962,Minivan,34497,Quest
9601,HYUNDAI,2018,2.0,Petrol,Automatic,10670,Sedan,48196,Elantra
9602,PEUGEOT,2006,1.6,Petrol,Tiptronic,58214,Hatchback,8467,206
9603,NISSAN,2012,1.6,Petrol,Automatic,104021,Jeep,8781,Juke
9604,BMW,2010,3.5,Diesel,Tiptronic,93206,Jeep,47042,X5
9605,TOYOTA,2017,1.6,Petrol,Automatic,11620,Sedan,40769,Corolla
9606,HONDA,2017,1.5,Petrol,Automatic,18908,Hatchback,36721,FIT
9607,HYUNDAI,2013,1.8,Petrol,Tiptronic,73570,Hatchback,18503,Elantra Gt
9608,TOYOTA,2012,2.5,Petrol,Tiptronic,86371,Sedan,25089,Camry
9609,SUBARU,2005,2.0,Petrol,Tiptronic,129245,Sedan,9408,Legacy
9610,SAAB,2008,2.0,Petrol,Automatic,621,Sedan,6000,09-Mar
9611,TOYOTA,2009,1.5,Hybrid,Variator,137199,Sedan,15367,Prius
9612,TOYOTA,2012,2.5,Petrol,Tiptronic,91963,Sedan,21953,Camry
9613,HYUNDAI,2015,3.3,Petrol,Automatic,60462,Jeep,10192,Santa FE
9614,MERCEDES-BENZ,2017,4.0,Petrol,Automatic,34008,Jeep,42965,G 550
9615,JEEP,2002,3.7,Petrol,Automatic,93206,Jeep,10976,Liberty
9616,HYUNDAI,2016,2.0,Diesel,Automatic,56375,Jeep,54458,Santa FE
9617,HYUNDAI,2010,2.0,Petrol,Automatic,82026,Coupe,15323,Genesis
9618,NISSAN,2005,1.5,Petrol,Variator,100041,Hatchback,7997,Note
9619,TOYOTA,2009,2.4,Hybrid,Automatic,198839,Sedan,22580,Camry
9620,MERCEDES-BENZ,2013,1.8,Petrol,Automatic,52892,Coupe,26971,C 250
9621,CHEVROLET,2007,2.0,Diesel,Automatic,34042,Jeep,5488,Captiva
9622,HYUNDAI,2012,2.0,Diesel,Automatic,44750,Jeep,23602,Tucson
9623,BMW,2009,3.5,Petrol,Tiptronic,94448,Jeep,39829,X6
9624,HYUNDAI,2016,1.7,Diesel,Automatic,98337,Jeep,30750,Tucson
9625,HYUNDAI,2012,1.6,Petrol,Automatic,60273,Sedan,19707,Elantra
9626,KIA,2013,1.6,Petrol,Automatic,72479,Sedan,12544,Cerato
9627,LEXUS,2016,1.8,Hybrid,Automatic,44679,Hatchback,6743,CT 200h
9628,HYUNDAI,2014,2.5,Diesel,Automatic,106236,Minivan,31082,H1
9629,FIAT,2013,1.4,Petrol,Manual,31069,Coupe,17876,500 Abarth
9630,HYUNDAI,2017,2.0,Diesel,Automatic,97485,Jeep,49293,Santa FE
9631,HONDA,1999,3.2,CNG,Automatic,186411,Jeep,5959,Passport
9632,LEXUS,2008,3.3,Hybrid,Automatic,146146,Jeep,24775,RX 400 RESTAILING
9633,HYUNDAI,2015,2.0,Petrol,Automatic,40741,Hatchback,14426,Elantra GT
9634,SSANGYONG,2013,2.0,Diesel,Automatic,80778,Jeep,30596,REXTON
9635,FORD,2017,1.0,Petrol,Automatic,11234,Sedan,18817,Focus
9636,AUDI,2008,3.0,Diesel,Tiptronic,164663,Sedan,37633,A8
9637,CHEVROLET,2014,2.0,Petrol,Automatic,47650,Sedan,28608,Malibu
9638,TOYOTA,2012,2.5,Petrol,Tiptronic,62758,Sedan,21012,Camry
9639,TOYOTA,2008,1.5,Hybrid,Automatic,141175,Sedan,12544,Prius
9640,NISSAN,2006,1.5,Petrol,Automatic,93206,Sedan,8154,Tiida
9641,SSANGYONG,2009,2.7,Diesel,Automatic,97832,Jeep,16894,REXTON
9642,FORD,2014,2.0,Hybrid,Tiptronic,85749,Sedan,27284,Fusion
9643,MERCEDES-BENZ,2000,3.2,Petrol,Tiptronic,157605,Sedan,7527,CLK 320
9644,HYUNDAI,2016,2.0,Petrol,Tiptronic,12987,Sedan,21012,Elantra 2016
9645,FORD,2013,2.5,Petrol,Automatic,119303,Jeep,25089,Escape
9646,SSANGYONG,2010,2.0,Diesel,Automatic,117439,Jeep,19707,Actyon
9647,BMW,2009,3.0,Diesel,Automatic,142825,Jeep,1803,X5
9648,CHEVROLET,2012,1.0,Petrol,Automatic,99419,Hatchback,8643,Spark
9649,OPEL,1996,1.6,Petrol,Manual,6835,Sedan,4704,Vectra
9650,CHEVROLET,2018,1.4,Petrol,Automatic,40848,Sedan,8311,Cruze
9651,VAZ,2004,1.6,Petrol,Manual,52817,Hatchback,6899,2121 (Niva)
9652,CADILLAC,2016,2.0,Petrol,Automatic,18020,Sedan,12544,CTS
9653,TOYOTA,2012,2.5,Petrol,Tiptronic,59030,Sedan,24462,Camry SPORT
9654,OPEL,2004,1.6,Petrol,Automatic,127381,Sedan,8154,Astra
9655,TOYOTA,2010,1.8,Petrol,Automatic,161059,Hatchback,16308,Prius
9656,JEEP,2009,2.4,Petrol,Automatic,104086,Jeep,18688,Compass
9657,MERCEDES-BENZ,2001,3.2,Petrol,Tiptronic,153479,Sedan,7527,C 32 AMG
9658,HYUNDAI,2018,1.6,Petrol,Automatic,40845,Sedan,33575,Elantra
9659,MERCEDES-BENZ,2017,2.0,Petrol,Automatic,68107,Jeep,17562,GLA 250
9660,MERCEDES-BENZ,2011,3.0,Diesel,Tiptronic,103769,Sedan,35752,E 350
9661,NISSAN,2002,2.0,Petrol,Manual,98177,Jeep,12544,X-Trail
9662,HONDA,2014,1.5,Hybrid,Automatic,50901,Hatchback,10722,FIT
9663,CHEVROLET,2010,1.8,Petrol,Automatic,39285,Sedan,6115,Cruze
9664,MERCEDES-BENZ,2011,3.0,Diesel,Tiptronic,99419,Sedan,26030,E 350
9665,HYUNDAI,2015,2.0,LPG,Automatic,228530,Sedan,12544,Sonata
9666,HYUNDAI,2014,2.0,LPG,Automatic,219089,Sedan,11604,Sonata
9667,HYUNDAI,2016,2.0,Diesel,Automatic,46938,Jeep,57961,Santa FE
9668,MERCEDES-BENZ,2004,1.8,Petrol,Tiptronic,137323,Sedan,12231,C 230
9669,HYUNDAI,2011,2.0,Diesel,Automatic,102807,Jeep,22621,Tucson
9670,TOYOTA,2010,2.4,Hybrid,Tiptronic,98177,Sedan,19444,Camry
9671,SUBARU,2001,2.0,Petrol,Automatic,69041,Universal,4800,Forester
9672,TOYOTA,2012,1.5,Hybrid,Automatic,75062,Hatchback,23110,Aqua
9673,MERCEDES-BENZ,2005,1.7,Petrol,Tiptronic,112220,Hatchback,7213,A 170
9674,BMW,2014,3.0,Petrol,Automatic,139770,Jeep,6899,X6
9675,HYUNDAI,2014,2.2,Diesel,Automatic,98158,Jeep,37498,Santa FE
9676,HONDA,2005,1.3,Petrol,Variator,78293,Hatchback,7840,FIT
9677,CHEVROLET,2016,1.5,Petrol,Tiptronic,64623,Sedan,23000,Malibu
9678,TOYOTA,2006,1.6,Petrol,Manual,109983,Sedan,12231,Corolla
9679,HONDA,2002,1.5,Petrol,Automatic,127759,Sedan,2600,Civic
9680,SSANGYONG,2013,2.0,Diesel,Automatic,60295,Jeep,35309,REXTON
9681,HYUNDAI,2016,2.5,Diesel,Automatic,115575,Minivan,33575,H1
9682,FIAT,2012,1.4,Petrol,Tiptronic,55302,Coupe,14113,500 Sport
9683,JEEP,2011,2.4,Petrol,Automatic,161419,Jeep,1490,Compass
9684,HYUNDAI,2009,2.2,Diesel,Automatic,180198,Jeep,18189,Santa FE
9685,SKODA,2010,1.9,Diesel,Manual,167770,Sedan,10663,Fabia
9686,HYUNDAI,2015,1.8,Petrol,Automatic,78541,Sedan,19444,Elantra
9687,HONDA,2010,1.3,Hybrid,Variator,113711,Hatchback,9722,Insight
9688,JEEP,2012,3.0,Diesel,Automatic,141863,Jeep,32973,Grand Cherokee
9689,HYUNDAI,2016,2.0,Petrol,Tiptronic,38525,Sedan,22580,Elantra
9690,HYUNDAI,2012,2.4,Petrol,Tiptronic,112344,Sedan,15681,Sonata
9691,TOYOTA,2002,1.0,Petrol,Automatic,85749,Hatchback,7213,Vitz
9692,MERCEDES-BENZ,2010,2.2,Diesel,Tiptronic,621,Sedan,39201,E 220
9693,HONDA,2010,3.5,Petrol,Automatic,150239,Sedan,2666,Accord
9694,FORD,2014,2.0,Hybrid,Variator,73570,Hatchback,14500,C-MAX
9695,CHEVROLET,2016,1.0,Petrol,Automatic,17960,Sedan,11604,Spark
9696,CHEVROLET,2016,2.0,Petrol,Automatic,67500,Sedan,28909,Malibu
9697,HYUNDAI,2011,2.5,Diesel,Automatic,29624,Minivan,24628,H1
9698,HONDA,2004,2.4,LPG,Tiptronic,118060,Minivan,12600,Elysion
9699,CHEVROLET,2007,2.0,Diesel,Automatic,33625,Jeep,4861,Captiva
9700,MERCEDES-BENZ,2014,3.5,Diesel,Automatic,124385,Sedan,30734,E 350
9701,HYUNDAI,2011,2.0,Petrol,Automatic,96391,Sedan,15132,Sonata
9702,HYUNDAI,2012,1.8,Petrol,Tiptronic,36040,Sedan,20071,Elantra
9703,TOYOTA,2012,1.8,Petrol,Automatic,61516,Hatchback,15367,Aqua
9704,HYUNDAI,2015,2.0,Diesel,Automatic,32139,Jeep,21953,Tucson
9705,NISSAN,2006,4.0,CNG,Automatic,109361,Jeep,20385,Pathfinder
9706,HONDA,2007,2.0,Petrol,Automatic,75186,Universal,16935,Crossroad
9707,VOLKSWAGEN,2014,1.8,Petrol,Tiptronic,88483,Sedan,20385,Jetta
9708,HYUNDAI,2014,1.6,Petrol,Manual,31690,Hatchback,21856,Veloster TURBO
9709,TOYOTA,2013,2.5,Hybrid,Automatic,81648,Sedan,14583,Camry
9710,HYUNDAI,2016,2.0,Diesel,Automatic,67124,Jeep,52263,Santa FE
9711,NISSAN,2013,1.6,Petrol,Automatic,68681,Jeep,14426,Juke
9712,AUDI,2008,2.0,Petrol,Tiptronic,138082,Sedan,10976,A4 S4
9713,HONDA,2005,1.3,Petrol,Variator,105633,Sedan,9408,FIT
9714,LEXUS,2010,3.5,Hybrid,Automatic,195900,Jeep,2509,RX 450
9715,FORD,2010,4.0,Petrol,Automatic,86971,Coupe,2195,Mustang
9716,SSANGYONG,2017,1.6,Petrol,Automatic,43550,Jeep,40092,Actyon
9717,MITSUBISHI,2002,3.0,Petrol,Manual,103769,Jeep,18817,Pajero
9718,LEXUS,2010,4.6,Petrol,Automatic,221982,Jeep,40142,GX 470
9719,BMW,2013,3.0,Petrol,Tiptronic,73322,Sedan,43905,535
9720,TOYOTA,2014,1.5,Petrol,Tiptronic,32311,Hatchback,24148,Aqua სასწრაფოდ
9721,VOLKSWAGEN,2015,1.8,Petrol,Tiptronic,31690,Sedan,15897,Jetta SE
9722,BUICK,2015,1.4,Petrol,Automatic,66709,Jeep,2822,Century
9723,CHEVROLET,2008,2.0,Diesel,Automatic,28445,Jeep,5331,Captiva
9724,HYUNDAI,2014,2.5,Diesel,Automatic,114165,Minivan,26528,H1
9725,HYUNDAI,2007,1.5,Diesel,Automatic,33348,Sedan,5927,Elantra
9726,MERCEDES-BENZ,2009,3.5,Diesel,Automatic,67816,Sedan,3450,E 350
9727,SSANGYONG,2013,2.0,Diesel,Automatic,33109,Jeep,39750,REXTON
9728,BMW,2015,3.0,Petrol,Automatic,39978,Coupe,4861,M4
9729,TOYOTA,2018,2.5,Hybrid,Automatic,21784,Sedan,18817,Camry
9730,TOYOTA,2014,2.5,Hybrid,Automatic,111462,Sedan,11133,Camry
9731,HYUNDAI,2014,1.8,Petrol,Automatic,120297,Sedan,15367,Elantra
9732,HYUNDAI,2012,2.0,Petrol,Automatic,47989,Coupe,36711,Genesis
9733,CHEVROLET,2014,2.0,Diesel,Automatic,41559,Jeep,29504,Orlando
9734,MERCEDES-BENZ,1997,3.2,CNG,Automatic,173984,Sedan,8000,E 320
9735,AUDI,2006,2.0,Petrol,Automatic,139808,Sedan,11000,A4
9736,AUDI,2001,2.7,Petrol,Manual,130488,Jeep,11290,Allroad
9737,FORD,2018,1.0,Petrol,Automatic,7742,Sedan,15524,Focus se
9738,TOYOTA,2012,1.5,Petrol,Automatic,85749,Hatchback,16107,Aqua
9739,HYUNDAI,2009,2.5,Diesel,Automatic,61563,Universal,17054,H1
9740,TOYOTA,2012,1.8,Petrol,Variator,108119,Universal,18817,Prius V
9741,NISSAN,2015,2.5,Petrol,Automatic,58802,Sedan,6272,Altima
9742,NISSAN,2010,1.6,Petrol,Tiptronic,105025,Jeep,20385,Juke
9743,MERCEDES-BENZ,2013,3.5,Diesel,Automatic,66984,Sedan,3450,E 350
9744,HONDA,2017,1.3,Petrol,Automatic,49314,Hatchback,16399,FIT
9745,TOYOTA,2008,1.5,Hybrid,Automatic,154344,Hatchback,12560,Prius
9746,HYUNDAI,2013,1.6,Petrol,Tiptronic,43745,Hatchback,18660,Veloster remix
9747,JAGUAR,2010,3.0,Diesel,Automatic,101298,Sedan,27435,XF
9748,HYUNDAI,2013,2.0,Diesel,Automatic,91180,Jeep,37125,Santa FE
9749,TOYOTA,2012,1.8,Hybrid,Automatic,99419,Hatchback,21169,Prius
9750,CHRYSLER,2006,2.5,Petrol,Automatic,621,Hatchback,4500,PT Cruiser
9751,TOYOTA,2013,1.5,Hybrid,Automatic,74565,Hatchback,15681,Aqua s
9752,FORD,2008,2.2,Diesel,Manual,93206,Microbus,17876,Transit
9753,CHEVROLET,2015,2.0,Diesel,Automatic,38065,Sedan,16621,Malibu
9754,HYUNDAI,2014,2.5,Diesel,Automatic,94312,Minivan,28357,H1
9755,CHEVROLET,2014,2.0,Diesel,Automatic,76957,Sedan,14856,Cruze
9756,HYUNDAI,2015,1.6,Petrol,Automatic,30089,Sedan,25299,Elantra
9757,TOYOTA,2013,1.5,Hybrid,Automatic,64623,Hatchback,14113,Aqua
9758,HYUNDAI,2010,2.2,Diesel,Automatic,75374,Jeep,31449,Santa FE
9759,NISSAN,2000,1.5,Petrol,Automatic,115575,Hatchback,5331,Rasheen
9760,SSANGYONG,2016,2.2,Diesel,Automatic,62137,Jeep,55901,REXTON
9761,AUDI,2008,2.0,Petrol,Tiptronic,140430,Sedan,10976,A4 B7
9762,HYUNDAI,2016,2.0,Diesel,Automatic,69488,Jeep,51373,Santa FE
9763,BMW,2014,2.0,Petrol,Tiptronic,43496,Coupe,50178,428
9764,MERCEDES-BENZ,2002,2.6,Petrol,Automatic,73943,Coupe,15994,CLK 240
9765,VOLKSWAGEN,2013,1.0,Petrol,Tiptronic,4918,Hatchback,6899,UP
9766,NISSAN,2005,1.5,Petrol,Variator,106525,Sedan,7213,Note
9767,HONDA,2001,1.3,Petrol,Automatic,59030,Hatchback,7370,FIT
9768,HYUNDAI,2015,2.5,LPG,Automatic,82220,Universal,38574,H1
9769,TOYOTA,2009,1.5,Hybrid,Automatic,124605,Hatchback,10976,Prius
9770,MITSUBISHI,2007,2.0,Petrol,Automatic,122286,Sedan,8781,Lancer
9771,MERCEDES-BENZ,2013,3.5,Petrol,Tiptronic,66611,Sedan,26971,C 350
9772,HYUNDAI,2011,2.5,Diesel,Automatic,40740,Minivan,18669,H1
9773,FIAT,1998,0.9,Petrol,Manual,93827,Sedan,4547,Seicento fiat 600
9774,CHEVROLET,2012,1.4,Hybrid,Automatic,100780,Hatchback,4547,Volt
9775,TOYOTA,2019,2.0,Petrol,Automatic,2691,Jeep,29793,CHR
9776,HYUNDAI,2018,2.0,Diesel,Automatic,10716,Jeep,58018,Santa FE
9777,TOYOTA,2016,2.5,Petrol,Automatic,59504,Jeep,7997,RAV 4
9778,NISSAN,2013,1.6,Petrol,Manual,42750,Jeep,26657,Juke nismo
9779,HYUNDAI,2012,1.6,Petrol,Automatic,83121,Sedan,20266,Elantra
9780,MERCEDES-BENZ,2011,3.5,Diesel,Automatic,87579,Sedan,5175,E 350
9781,MAZDA,2018,2.5,Petrol,Automatic,33105,Sedan,50805,Mazda 6
9782,HYUNDAI,2017,2.0,Petrol,Automatic,29772,Sedan,1725,Elantra
9783,TOYOTA,2010,1.8,Hybrid,Variator,121789,Hatchback,16935,Prius
9784,VOLKSWAGEN,2006,3.6,Petrol,Tiptronic,96445,Jeep,17249,Touareg
9785,TOYOTA,2012,2.5,Petrol,Tiptronic,91963,Sedan,18817,Camry
9786,TOYOTA,2010,1.8,LPG,Automatic,86992,Sedan,9500,Corolla
9787,SUZUKI,2018,1.6,Petrol,Manual,30199,Jeep,40769,Vitara
9788,BMW,2015,3.0,Petrol,Tiptronic,34797,Coupe,39201,435
9789,TOYOTA,2013,1.5,Hybrid,Automatic,68351,Hatchback,17249,Prius C 2013
9790,LEXUS,2014,4.6,Petrol,Automatic,90856,Jeep,17562,GX 470
9791,MERCEDES-BENZ,2012,3.5,Diesel,Automatic,79661,Sedan,4861,E 350
9792,BMW,2012,3.0,Diesel,Automatic,92907,Jeep,9408,X5
9793,LEXUS,2011,1.8,Hybrid,Automatic,139353,Hatchback,3293,CT 200h
9794,TOYOTA,2014,2.5,Hybrid,Automatic,79995,Sedan,2274,Camry
9795,HYUNDAI,2015,2.0,Diesel,Automatic,55196,Jeep,48998,Santa FE
9796,MERCEDES-BENZ,2011,3.5,Petrol,Tiptronic,67108,Sedan,32929,E 350 4 matic
9797,HYUNDAI,2011,1.6,Petrol,Automatic,98666,Sedan,14454,Elantra
9798,BMW,2015,3.0,Diesel,Automatic,122170,Jeep,1019,X5
9799,HYUNDAI,2017,2.5,Diesel,Automatic,51660,Universal,46251,H1
9800,MITSUBISHI,1999,2.0,CNG,Automatic,94448,Jeep,6586,Pajero IO
9801,CHEVROLET,2011,1.4,Petrol,Automatic,83885,Sedan,13172,Cruze RS
9802,MERCEDES-BENZ,2001,2.7,Diesel,Tiptronic,211266,Sedan,11604,C 270
9803,CHEVROLET,2009,2.0,Diesel,Automatic,39938,Sedan,6743,Cruze
9804,TOYOTA,2010,1.0,Petrol,Automatic,82642,Hatchback,7213,Vitz
9805,MERCEDES-BENZ,2011,3.5,Petrol,Tiptronic,63380,Sedan,31361,E 350 AMG
9806,HYUNDAI,2012,2.0,Petrol,Tiptronic,74863,Sedan,17249,Sonata
9807,TOYOTA,2013,2.5,Petrol,Automatic,61640,Sedan,24462,Camry
9808,HYUNDAI,2012,1.6,Petrol,Automatic,102709,Sedan,16308,Elantra
9809,TOYOTA,2014,3.5,Hybrid,Automatic,103496,Sedan,39201,Highlander
9810,HYUNDAI,2016,1.7,Diesel,Automatic,96934,Jeep,30282,Tucson
9811,KIA,2013,2.4,Petrol,Automatic,147810,Sedan,1411,Optima
9812,FORD,2015,2.0,Hybrid,Automatic,55175,Sedan,2587,Fusion
9813,NISSAN,2012,1.6,Petrol,Automatic,7456,Sedan,11290,Versa
9814,OPEL,2000,1.6,Petrol,Manual,8078,Universal,6899,Vectra
9815,CHEVROLET,2009,1.8,Petrol,Tiptronic,32933,Sedan,10349,Cruze
9816,SSANGYONG,2017,1.6,Diesel,Automatic,29866,Jeep,39750,Actyon
9817,HYUNDAI,2011,2.0,Diesel,Automatic,75547,Jeep,28927,Santa FE
9818,BMW,1999,1.8,Petrol,Manual,186411,Hatchback,5018,318
9819,FORD,2008,2.3,Hybrid,Automatic,194862,Jeep,10036,Escape HYBRID
9820,CHEVROLET,2016,2.5,Petrol,Automatic,38982,Sedan,52066,Impala
9821,HYUNDAI,2013,1.8,Petrol,Automatic,65865,Hatchback,12858,Elantra
9822,HYUNDAI,2017,2.0,Petrol,Automatic,85747,Sedan,3293,Elantra
9823,PEUGEOT,2014,1.6,Petrol,Automatic,45981,Sedan,21326,508
9824,SUBARU,2003,2.0,CNG,Tiptronic,124274,Goods wagon,5959,Forester
9825,NISSAN,2016,1.8,Petrol,Automatic,32390,Sedan,5645,Sentra
9826,TOYOTA,2010,1.8,Hybrid,Variator,95691,Hatchback,16621,Prius
9827,HYUNDAI,2017,2.4,Petrol,Tiptronic,30447,Jeep,38260,Santa FE
9828,HYUNDAI,2012,2.5,Diesel,Automatic,32684,Minivan,17719,H1
9829,CHEVROLET,2015,2.0,Diesel,Automatic,34696,Jeep,30082,Orlando
9830,VOLKSWAGEN,2012,2.0,Petrol,Automatic,93454,Jeep,23521,Tiguan
9831,NISSAN,2014,3.5,Petrol,Automatic,93673,Sedan,3136,Maxima
9832,VOLKSWAGEN,2005,3.2,CNG,Tiptronic,86992,Jeep,16621,Touareg
9833,HYUNDAI,2011,2.5,Diesel,Automatic,41381,Minivan,16151,H1
9834,TOYOTA,2016,1.8,Hybrid,Automatic,62980,Hatchback,8781,Prius
9835,SUBARU,2014,2.0,Petrol,Automatic,146767,Jeep,4861,XV
9836,AUDI,2016,2.0,Petrol,Automatic,41714,Jeep,47042,Q5
9837,HONDA,2017,1.8,Petrol,Automatic,11937,Jeep,26500,Hr-v EX
9838,CHEVROLET,2009,2.0,Diesel,Automatic,45073,Jeep,7850,Captiva
9839,HONDA,2013,1.3,Hybrid,Variator,85749,Hatchback,13172,Insight
9840,TOYOTA,2012,1.8,Hybrid,Automatic,122795,Hatchback,18817,Prius
9841,HYUNDAI,2012,1.8,Petrol,Automatic,97431,Sedan,12858,Elantra
9842,MERCEDES-BENZ,2007,3.5,Petrol,Tiptronic,133595,Sedan,18817,E 350
9843,MERCEDES-BENZ,2007,2.2,Diesel,Manual,13673,Minivan,18817,Vito 111 CDI
9844,SCION,2014,1.8,Petrol,Automatic,47846,Hatchback,14897,xD
9845,HYUNDAI,2014,2.0,Diesel,Automatic,101267,Jeep,29774,Tucson
9846,MERCEDES-BENZ,2014,3.5,Diesel,Automatic,136099,Sedan,29793,E 350
9847,LEXUS,2012,3.5,Petrol,Tiptronic,108367,Jeep,34497,RX 350
9848,TOYOTA,2013,2.5,Petrol,Tiptronic,59030,Sedan,20385,Camry
9849,CHEVROLET,2016,1.4,Petrol,Automatic,74384,Sedan,12544,Cruze
9850,HYUNDAI,2010,2.7,LPG,Automatic,41010,Sedan,6743,Grandeur
9851,INFINITI,2011,3.7,Petrol,Tiptronic,57663,Cabriolet,35752,G37
9852,BMW,2001,4.4,CNG,Tiptronic,144158,Jeep,17249,X5
9853,FORD,2015,2.0,Hybrid,Automatic,62601,Sedan,2666,Fusion
9854,FORD,2018,1.0,Petrol,Automatic,5476,Jeep,18033,EcoSport
9855,HYUNDAI,2017,1.6,Diesel,Automatic,24965,Sedan,20071,Elantra
9856,BMW,2005,3.0,Petrol,Tiptronic,9321,Sedan,14426,530
9857,LEXUS,2013,3.5,Hybrid,Automatic,85773,Jeep,1019,RX 450
9858,PORSCHE,2012,3.6,Petrol,Tiptronic,60894,Jeep,64290,Cayenne
9859,TOYOTA,2015,1.5,Petrol,Automatic,17852,Hatchback,28438,Aqua
9860,MERCEDES-BENZ,2010,3.5,Diesel,Automatic,117768,Sedan,12388,E 350
9861,KIA,2014,2.0,Petrol,Automatic,24896,Sedan,16621,Optima
9862,VOLKSWAGEN,2015,2.0,Petrol,Automatic,61376,Sedan,15053,Jetta
9863,MERCEDES-BENZ,2001,2.7,Diesel,Tiptronic,191382,Jeep,8311,ML 270
9864,MERCEDES-BENZ,1997,2.0,Petrol,Manual,155343,Sedan,6500,E 200
9865,TOYOTA,2013,1.5,Hybrid,Automatic,64623,Hatchback,9722,Aqua
9866,FIAT,2012,1.4,Petrol,Manual,49710,Coupe,12231,500
9867,VOLKSWAGEN,2003,1.8,Petrol,Tiptronic,86371,Sedan,7997,Passat B5
9868,HYUNDAI,2014,1.6,Petrol,Automatic,49088,Sedan,25889,Elantra
9869,KIA,2014,2.0,Petrol,Automatic,27818,Sedan,16935,Optima
9870,MERCEDES-BENZ,2015,2.0,Petrol,Tiptronic,12427,Sedan,60213,C 300
9871,MERCEDES-BENZ,2011,3.0,Petrol,Automatic,188948,Sedan,2038,C 300
9872,SSANGYONG,2015,2.0,Diesel,Automatic,23644,Jeep,57990,REXTON
9873,HYUNDAI,2016,2.5,Diesel,Automatic,90491,Universal,43655,H1
9874,NISSAN,2005,1.5,LPG,Automatic,1243,Sedan,7213,Note
9875,FORD,2013,2.0,Hybrid,Automatic,70540,Sedan,23521,Fusion
9876,HYUNDAI,2011,2.0,Diesel,Automatic,83759,Jeep,24386,Tucson
9877,FORD,2006,2.2,Diesel,Manual,76774,Microbus,14113,Transit
9878,TOYOTA,2012,1.8,Hybrid,Automatic,73260,Hatchback,19130,Prius
9879,MERCEDES-BENZ,2005,2.2,Diesel,Manual,170877,Minivan,18817,Vito
9880,TOYOTA,2012,1.5,Petrol,Automatic,20751,Hatchback,21316,Aqua
9881,TOYOTA,2017,1.8,Hybrid,Automatic,11874,Hatchback,8781,Prius
9882,TOYOTA,2013,1.3,Petrol,Manual,23777,Sedan,22000,Corolla
9883,TOYOTA,2001,2.0,Petrol,Automatic,125517,Jeep,10036,RAV 4
9884,SSANGYONG,2013,2.0,Diesel,Automatic,59297,Jeep,34419,REXTON
9885,MERCEDES-BENZ,1997,2.8,Petrol,Automatic,124274,Sedan,8781,C 280
9886,HYUNDAI,2013,2.4,Hybrid,Automatic,78721,Sedan,2744,Sonata
9887,VOLKSWAGEN,2000,1.6,Petrol,Manual,73943,Hatchback,7527,Polo GTI 16V
9888,HYUNDAI,2014,1.6,Diesel,Automatic,20408,Sedan,14113,Elantra
9889,MERCEDES-BENZ,2017,2.0,Petrol,Automatic,44043,Sedan,16621,E 300
9890,FORD,1998,2.5,Diesel,Manual,186411,Microbus,15053,Transit
9891,SUBARU,2013,2.0,Hybrid,Variator,39271,Jeep,31047,XV HYBRID
9892,FORD,1997,1.6,Petrol,Manual,6835,Sedan,1000,Escort
9893,LEXUS,2008,3.5,Hybrid,Automatic,152069,Jeep,7997,RX 400
9894,HYUNDAI,2016,2.0,LPG,Automatic,55240,Sedan,23433,Sonata
9895,MERCEDES-BENZ,2016,2.0,Petrol,Automatic,16215,Sedan,6899,C 300
9896,FORD,2012,2.0,Hybrid,Automatic,46292,Hatchback,15681,C-MAX
9897,TOYOTA,2011,2.5,Petrol,Automatic,91365,Sedan,18189,Camry
9898,HYUNDAI,2012,2.4,Hydrogen,Tiptronic,72576,Sedan,20385,Sonata Hybrid
9899,KIA,2014,2.4,Petrol,Tiptronic,57788,Sedan,16621,Optima
9900,FORD,2016,2.3,Petrol,Manual,68972,Coupe,43278,Mustang
9901,TOYOTA,2008,1.5,Hybrid,Automatic,105633,Sedan,11447,Prius
9902,TOYOTA,2010,1.8,Hybrid,Variator,113090,Hatchback,15994,Prius
9903,FORD,2013,2.0,Petrol,Automatic,56142,Jeep,54926,Explorer
9904,TOYOTA,2019,2.0,Petrol,Variator,10936,Jeep,53314,CHR
9905,HYUNDAI,2014,1.6,Diesel,Automatic,93667,Sedan,13589,Accent
9906,LEXUS,2011,4.6,Petrol,Automatic,116893,Sedan,41340,LS 460
9907,MERCEDES-BENZ,2017,2.0,Petrol,Automatic,34613,Jeep,47669,GLA 250
9908,TOYOTA,2014,2.5,Petrol,Tiptronic,64623,Sedan,18189,Camry
9909,FORD,2013,2.0,Petrol,Automatic,93827,Jeep,11917,Escape
9910,OPEL,2008,1.6,CNG,Manual,109021,Universal,13172,Zafira
9911,HYUNDAI,2015,2.5,Diesel,Automatic,148208,Universal,29122,H1
9912,HYUNDAI,2016,1.7,Diesel,Automatic,100720,Jeep,29583,Tucson
9913,LEXUS,2000,3.0,CNG,Automatic,90099,Jeep,6272,RX 300
9914,KIA,2013,2.0,Petrol,Automatic,28059,Sedan,9408,Optima
9915,VOLKSWAGEN,2004,1.9,Diesel,Manual,78914,Sedan,9095,Jetta
9916,MERCEDES-BENZ,2012,3.2,Diesel,Tiptronic,121167,Microbus,29793,Sprinter
9917,SUZUKI,2010,2.4,Petrol,Tiptronic,79535,Sedan,7840,Kizashi
9918,TOYOTA,2011,1.8,Hybrid,Automatic,55861,Hatchback,18900,Prius
9919,OPEL,2001,2.0,Diesel,Manual,136702,Minivan,8467,Zafira
9920,FORD,2009,2.5,Hybrid,Automatic,105012,Jeep,21326,Escape
9921,HYUNDAI,2011,2.0,Petrol,Automatic,118060,Sedan,14834,Sonata
9922,TOYOTA,2012,2.5,Hybrid,Automatic,99033,Sedan,3136,Camry
9923,SUBARU,2009,2.5,Petrol,Manual,107373,Sedan,17249,Impreza
9924,TOYOTA,2012,1.8,Hybrid,Automatic,40078,Hatchback,23834,Prius
9925,HYUNDAI,2014,1.8,Petrol,Tiptronic,58657,Sedan,15681,Elantra LIMITEDI
9926,FORD,2017,2.3,Petrol,Tiptronic,37161,Coupe,48610,Mustang ecoboost
9927,HYUNDAI,2017,2.0,Petrol,Automatic,48763,Sedan,46223,Sonata
9928,HONDA,2014,1.5,Hybrid,Tiptronic,62137,Hatchback,13172,FIT
9929,MERCEDES-BENZ,2011,3.5,Diesel,Automatic,105900,Coupe,15994,E 350
9930,MERCEDES-BENZ,2016,3.0,Petrol,Automatic,39108,Jeep,20071,GLE 350
9931,TOYOTA,2013,2.5,Hybrid,Automatic,77617,Sedan,3763,Camry
9932,HYUNDAI,2014,2.5,Diesel,Automatic,31786,Minivan,24148,H1
9933,TOYOTA,2011,1.8,Petrol,Variator,75186,Sedan,17249,Prius
9934,TOYOTA,2012,2.5,Petrol,Automatic,49710,Sedan,17249,Camry
9935,KIA,2016,2.4,Petrol,Tiptronic,23612,Sedan,12544,Optima
9936,HYUNDAI,2012,2.4,Hybrid,Automatic,69594,Sedan,13172,Sonata
9937,FORD,2016,2.3,Petrol,Automatic,37132,Jeep,25089,Explorer
9938,VOLKSWAGEN,2011,2.5,Petrol,Automatic,89231,Sedan,1019,Jetta
9939,SSANGYONG,2018,1.6,Diesel,Automatic,24216,Jeep,44134,Actyon
9940,SSANGYONG,2010,2.0,Diesel,Automatic,131775,Sedan,12639,Actyon
9941,HYUNDAI,2010,2.0,Petrol,Automatic,105633,Coupe,13793,Genesis
9942,TOYOTA,2011,3.5,Petrol,Tiptronic,80778,Minivan,21639,Sienta LE
9943,HYUNDAI,2016,2.5,Diesel,Automatic,37939,Universal,45734,H1
9944,MERCEDES-BENZ,2017,3.5,Petrol,Automatic,34426,Jeep,7527,GLE 350
9945,HYUNDAI,2016,2.5,Diesel,Automatic,18073,Minivan,39578,H1
9946,CHEVROLET,2012,2.0,Diesel,Automatic,62929,Sedan,16599,Cruze
9947,MERCEDES-BENZ,2012,3.5,Diesel,Automatic,120091,Jeep,22266,ML 350
9948,HONDA,2014,1.5,Petrol,Automatic,39333,Hatchback,23204,FIT
9949,TOYOTA,2017,1.8,Hybrid,Automatic,29622,Sedan,1882,Prius
9950,TOYOTA,2013,1.5,Hybrid,Automatic,96934,Hatchback,10036,Aqua
9951,TOYOTA,2015,2.5,Petrol,Automatic,23786,Jeep,28225,RAV 4
9952,NISSAN,2013,1.6,Petrol,Automatic,65865,Jeep,17562,Juke
9953,NISSAN,2012,1.6,Petrol,Automatic,24358,Jeep,23521,Juke
9954,FORD,2017,2.0,Hybrid,Automatic,16777,Sedan,28852,Fusion
9955,MERCEDES-BENZ,2018,2.0,Petrol,Automatic,27340,Sedan,58018,CLA 250
9956,LEXUS,2013,3.0,Hybrid,Automatic,62137,Sedan,49864,ES 300
9957,HYUNDAI,2014,2.5,Diesel,Automatic,111796,Minivan,26594,H1
9958,TOYOTA,2008,1.5,Petrol,Automatic,161059,Sedan,16308,Prius
9959,HYUNDAI,2010,2.0,Diesel,Automatic,87116,Jeep,27065,Tucson
9960,TOYOTA,2016,2.5,Petrol,Tiptronic,12925,Sedan,37633,Camry
9961,NISSAN,2009,2.5,Hybrid,Automatic,158077,Sedan,11604,Altima
9962,TOYOTA,2012,1.8,Hybrid,Variator,80778,Sedan,20385,Prius
9963,VOLKSWAGEN,2011,2.5,Petrol,Automatic,86992,Sedan,12544,Jetta
9964,HYUNDAI,2015,2.0,Diesel,Automatic,20088,Jeep,23060,Tucson
9965,CHEVROLET,2011,2.0,Diesel,Automatic,131429,Sedan,13150,Cruze
9966,HYUNDAI,2015,2.0,Diesel,Automatic,86517,Jeep,38894,Santa FE
9967,HYUNDAI,2013,2.4,Petrol,Tiptronic,77547,Sedan,16308,Sonata
9968,HYUNDAI,2013,1.8,Petrol,Automatic,71153,Sedan,1646,Elantra
9969,BMW,2009,3.0,Petrol,Tiptronic,119303,Sedan,20385,328 i
9970,MERCEDES-BENZ,1999,2.4,Petrol,Automatic,124274,Sedan,7840,E 240
9971,TOYOTA,2011,1.8,Hybrid,Automatic,71472,Sedan,17249,Prius
9972,DODGE,2011,3.6,Petrol,Automatic,156743,Sedan,2979,Ramcharger
9973,NISSAN,2010,1.8,Petrol,Automatic,58409,Sedan,9095,Versa
9974,CHEVROLET,2014,1.0,Petrol,Automatic,61429,Hatchback,9832,Spark
9975,HYUNDAI,2013,1.6,Petrol,Tiptronic,80157,Hatchback,10976,Accent
9976,SSANGYONG,2012,2.0,Diesel,Automatic,95835,Jeep,20266,Korando
9977,FORD,2013,1.6,Petrol,Tiptronic,107373,Sedan,21012,Fusion
9978,NISSAN,2012,1.8,Petrol,Automatic,47535,Sedan,11917,Versa
9979,NISSAN,2014,1.2,Petrol,Automatic,86186,Hatchback,4783,March
9980,BMW,2012,3.0,Diesel,Automatic,64286,Jeep,8154,X5
9981,JAGUAR,2014,2.2,Diesel,Automatic,95406,Sedan,38737,XF
9982,HYUNDAI,2016,1.7,Diesel,Automatic,63004,Jeep,36636,Tucson
9983,TOYOTA,2012,1.5,Petrol,Automatic,50701,Hatchback,19243,Aqua
9984,VOLKSWAGEN,2007,2.0,Petrol,Tiptronic,138255,Sedan,10036,Passat
9985,MERCEDES-BENZ,2001,3.2,Petrol,Tiptronic,130488,Universal,7213,C 320
9986,CHEVROLET,2010,1.8,Petrol,Automatic,25633,Sedan,5328,Cruze
9987,TOYOTA,2011,1.8,Hybrid,Variator,106254,Hatchback,15367,Prius
9988,HYUNDAI,2009,2.5,Diesel,Automatic,120720,Minivan,17710,H1
9989,HYUNDAI,2016,2.4,Petrol,Tiptronic,37779,Sedan,24462,Sonata
9990,MINI,2001,1.6,Petrol,Automatic,6904,Hatchback,4200,One
9991,SSANGYONG,2017,1.6,Diesel,Automatic,37730,Jeep,44219,Actyon
9992,HYUNDAI,2016,2.5,Diesel,Automatic,69480,Universal,37984,H1
9993,KIA,2016,2.0,Diesel,Automatic,17536,Jeep,45160,Sorento
9994,KIA,2014,1.6,Diesel,Automatic,101208,Sedan,12529,Cerato
9995,NISSAN,2015,1.6,Petrol,Automatic,20639,Jeep,23207,Juke
9996,TOYOTA,2015,1.5,Petrol,Automatic,20505,Hatchback,25823,Aqua
9997,HYUNDAI,2010,2.0,Diesel,Automatic,25256,Jeep,15053,Santa FE
9998,OPEL,1999,2.0,CNG,Automatic,15534,Sedan,2500,Omega
9999,TOYOTA,2016,1.8,Hybrid,Automatic,45322,Hatchback,22737,Prius
10000,AUDI,2000,1.8,Petrol,Manual,109144,Coupe,11604,TT
10001,LEXUS,2020,3.5,Petrol,Automatic,646,Jeep,48296,RX 350
10002,HYUNDAI,2014,2.0,Diesel,Automatic,60323,Jeep,39891,Tucson
10003,HYUNDAI,2011,2.0,Petrol,Automatic,39996,Sedan,10192,Sonata
10004,TOYOTA,2010,2.4,Hybrid,Automatic,201705,Sedan,1411,Camry
10005,HYUNDAI,2007,2.2,Diesel,Tiptronic,43185,Jeep,20071,Santa FE
10006,MERCEDES-BENZ,2016,2.0,Petrol,Automatic,35291,Sedan,9408,CLA 250
10007,MERCEDES-BENZ,2014,3.5,Petrol,Automatic,46585,Sedan,1803,E 350
10008,MERCEDES-BENZ,2011,3.5,Petrol,Tiptronic,122286,Jeep,33500,ML 350
10009,HYUNDAI,2015,2.0,Petrol,Tiptronic,65935,Sedan,20698,Sonata
10010,HONDA,2010,1.3,Petrol,Automatic,96313,Sedan,11290,FIT
10011,FORD,2015,1.6,Petrol,Automatic,64001,Sedan,16308,Fiesta
10012,NISSAN,2014,2.5,Petrol,Automatic,109754,Sedan,4077,Altima
10013,TOYOTA,2012,1.5,Hybrid,Automatic,88856,Hatchback,15210,Aqua
10014,CHEVROLET,2012,2.0,Diesel,Automatic,85931,Jeep,25299,Captiva
10015,MERCEDES-BENZ,2009,3.5,Diesel,Automatic,67816,Sedan,3450,E 350
10016,LEXUS,2010,4.6,Petrol,Automatic,96823,Jeep,39201,GX 460
10017,HONDA,2000,2.0,Petrol,Tiptronic,115575,Minivan,7840,Stream
10018,HYUNDAI,2010,1.6,Petrol,Automatic,86013,Sedan,15612,Elantra
10019,HYUNDAI,2011,1.6,Petrol,Automatic,101714,Sedan,18531,Elantra
10020,LAND ROVER,2008,3.6,Diesel,Tiptronic,111847,Jeep,30734,Land Rover Sport
10021,TOYOTA,2018,2.5,Petrol,Automatic,27865,Sedan,9879,Camry
10022,SSANGYONG,2013,2.0,Diesel,Automatic,29762,Jeep,44134,REXTON
10023,TOYOTA,2013,2.5,Hybrid,Tiptronic,124274,Sedan,29793,Avalon Limited
10024,TOYOTA,2013,1.5,Hybrid,Variator,62137,Hatchback,14113,Aqua
10025,CHEVROLET,2015,2.2,Diesel,Automatic,31413,Jeep,26064,Captiva
10026,TOYOTA,2008,1.5,Hybrid,Automatic,85128,Hatchback,11290,Prius
10027,HYUNDAI,2010,2.0,Petrol,Automatic,92441,Sedan,13877,Sonata
10028,BMW,2003,3.0,Petrol,Tiptronic,128002,Jeep,12544,X5
10029,MERCEDES-BENZ,2010,3.0,Petrol,Automatic,67429,Sedan,5175,C 300
10030,TOYOTA,2012,1.5,Hybrid,Automatic,57788,Hatchback,13485,Prius C
10031,BMW,2015,2.0,Petrol,Automatic,53821,Sedan,1725,528
10032,FORD,2010,2.5,Hybrid,Automatic,78914,Jeep,18189,Escape
10033,MERCEDES-BENZ,2017,2.0,Petrol,Automatic,27959,Jeep,26030,GLA 250
10034,LEXUS,2010,3.5,Hybrid,Automatic,195900,Jeep,2509,RX 450
10035,TOYOTA,2019,1.5,Hybrid,Automatic,3107,Hatchback,15500,Aqua
10036,HYUNDAI,2014,2.0,Diesel,Automatic,63266,Jeep,27591,Tucson
10037,HYUNDAI,2012,2.0,Diesel,Automatic,83296,Jeep,30006,Santa FE
10038,HYUNDAI,2014,1.6,Diesel,Automatic,20408,Sedan,14113,Elantra
10039,KIA,2016,2.4,Petrol,Tiptronic,29826,Sedan,20698,Optima
10040,CHEVROLET,2015,2.5,Petrol,Automatic,59802,Sedan,1333,Malibu
10041,HYUNDAI,2012,1.8,Petrol,Automatic,164289,Sedan,1176,Elantra
10042,CHEVROLET,2016,2.0,Petrol,Automatic,86287,Sedan,19676,Malibu
10043,BMW,2011,2.0,Petrol,Automatic,119303,Sedan,30420,528
10044,HYUNDAI,2017,2.0,Diesel,Automatic,85729,Jeep,41281,Tucson
10045,HYUNDAI,2010,1.6,Petrol,Automatic,31074,Sedan,17942,Elantra
10046,TOYOTA,2012,1.5,Hybrid,Automatic,54681,Hatchback,9408,Aqua
10047,MERCEDES-BENZ,2005,3.5,Petrol,Tiptronic,49088,Sedan,50178,S 350
10048,FORD,2008,2.3,Hybrid,Automatic,53686,Jeep,16935,Escape
10049,TOYOTA,2013,2.5,Petrol,Automatic,115388,Sedan,2352,Camry
10050,JAGUAR,2010,3.0,Diesel,Automatic,79307,Sedan,27463,XF
10051,HONDA,2003,2.4,Petrol,Automatic,690,Universal,8000,Odyssey
10052,BMW,2009,4.4,Petrol,Tiptronic,105633,Universal,43905,X5 M
10053,BMW,2010,3.0,Petrol,Tiptronic,56545,Cabriolet,21326,328
10054,HONDA,2017,1.3,Petrol,Automatic,23037,Hatchback,18045,FIT
10055,HYUNDAI,2014,1.6,Diesel,Automatic,48986,Sedan,14426,Elantra
10056,OPEL,2001,1.8,Petrol,Manual,621,Sedan,8154,Vectra B
10057,VOLKSWAGEN,2011,2.5,LPG,Tiptronic,91466,Sedan,17876,Jetta
10058,HYUNDAI,2012,1.6,Petrol,Tiptronic,68351,Sedan,18189,Veloster
10059,BMW,2014,2.0,Petrol,Tiptronic,57390,Sedan,43000,328 i
10060,BMW,2011,3.0,Petrol,Automatic,35412,Sedan,14426,328
10061,MITSUBISHI,2011,2.0,Petrol,Tiptronic,53438,Jeep,19757,Outlander
10062,FORD,2004,3.9,Petrol,Automatic,37547,Sedan,2744,Mustang
10063,CHEVROLET,2010,1.6,Petrol,Automatic,113075,Sedan,11704,Lacetti
10064,HONDA,2003,1.3,Petrol,Automatic,111847,Hatchback,7683,FIT
10065,TOYOTA,2012,3.5,Petrol,Automatic,177206,Jeep,9565,Highlander
10066,KIA,2017,2.0,Petrol,Tiptronic,27837,Sedan,26971,Optima
10067,TOYOTA,2007,1.5,Hybrid,Variator,120546,Hatchback,10036,Prius
10068,TOYOTA,2013,1.4,Hybrid,Automatic,142170,Hatchback,15681,Prius C
10069,SSANGYONG,2014,2.0,Diesel,Automatic,54482,Jeep,45633,REXTON
10070,CHEVROLET,2012,1.4,Plug-in Hybrid,Automatic,62137,Hatchback,20071,Volt
10071,VOLKSWAGEN,2000,1.6,Petrol,Manual,90963,Coupe,4077,Golf
10072,LEXUS,2015,2.5,Hybrid,Automatic,60914,Sedan,10192,ES 300
10073,HONDA,2011,1.3,Petrol,Automatic,69751,Hatchback,7527,FIT
10074,MERCEDES-BENZ,2003,2.4,Petrol,Tiptronic,136702,Sedan,11917,C 240
10075,HYUNDAI,2014,2.5,Diesel,Automatic,95787,Minivan,32910,H1
10076,SKODA,2013,1.8,Petrol,Manual,124274,Sedan,15500,Octavia
10077,TOYOTA,2019,2.5,Petrol,Tiptronic,24358,Sedan,50150,Camry
10078,TOYOTA,2013,1.4,Petrol,Automatic,19612,Hatchback,17249,Aqua s
10079,HYUNDAI,2011,1.6,Petrol,Automatic,40325,Sedan,20297,Elantra
10080,MITSUBISHI,2012,2.0,Petrol,Tiptronic,71458,Jeep,13604,Outlander sport
10081,FORD,2012,2.0,Petrol,Automatic,54059,Sedan,10036,Focus
10082,HYUNDAI,2013,1.8,Petrol,Automatic,85749,Sedan,15681,Elantra
10083,VOLKSWAGEN,2015,1.8,Petrol,Tiptronic,43496,Sedan,21012,Passat
10084,CHEVROLET,2012,2.0,Diesel,Automatic,123053,Jeep,18531,Orlando
10085,HYUNDAI,2005,2.5,Diesel,Automatic,66487,Microbus,17876,H1
10086,NISSAN,2015,2.5,Petrol,Automatic,84506,Jeep,20698,Rogue
10087,MERCEDES-BENZ,2000,1.6,CNG,Automatic,124274,Sedan,5331,A 160
10088,MITSUBISHI,2003,1.3,Petrol,Automatic,110604,Hatchback,7056,Colt
10089,TOYOTA,2014,1.8,Hybrid,Variator,66797,Hatchback,18817,Prius
10090,MERCEDES-BENZ,2015,2.0,Petrol,Automatic,99375,Jeep,12858,GLA 250
10091,SSANGYONG,2015,2.0,Diesel,Automatic,95605,Jeep,36197,REXTON
10092,HONDA,2011,1.8,Petrol,Automatic,142915,Sedan,15681,Civic
10093,KIA,2013,2.4,Hybrid,Automatic,78541,Sedan,19130,Optima
10094,HYUNDAI,2013,1.6,Petrol,Automatic,103425,Sedan,14834,Elantra
10095,FORD,2008,2.5,Hybrid,Variator,119303,Jeep,11917,Escape
10096,HYUNDAI,2010,1.6,Petrol,Automatic,89114,Sedan,15132,Elantra
10097,TOYOTA,2019,2.0,Petrol,Automatic,12324,Jeep,21012,CHR
10098,HYUNDAI,2010,2.0,Diesel,Automatic,108119,Jeep,21953,Santa FE
10099,HYUNDAI,2015,2.0,LPG,Automatic,24691,Sedan,9418,Sonata
10100,HYUNDAI,2015,2.0,Diesel,Automatic,67218,Jeep,47217,Santa FE
10101,CHRYSLER,2015,2.4,Petrol,Automatic,61516,Sedan,16465,200
10102,LEXUS,2013,1.8,Hybrid,Automatic,69594,Hatchback,28225,CT 200h
10103,HYUNDAI,2016,2.0,Petrol,Automatic,33554,Sedan,38251,Sonata
10104,KIA,2012,2.0,Petrol,Tiptronic,47846,Sedan,13172,SOUL
10105,NISSAN,2013,1.6,Petrol,Tiptronic,49710,Jeep,19130,Juke
10106,HYUNDAI,2016,2.0,Hybrid,Automatic,44253,Sedan,5018,Sonata
10107,HYUNDAI,2011,2.4,Hybrid,Automatic,149129,Sedan,15500,Sonata
10108,TOYOTA,2015,1.8,Hybrid,Automatic,76912,Hatchback,4234,Prius
10109,INFINITI,2015,3.7,Petrol,Tiptronic,65120,Sedan,36065,Q50 S Red
10110,HYUNDAI,2013,2.0,Petrol,Automatic,120676,Sedan,16308,Sonata
10111,VOLKSWAGEN,2009,2.0,Petrol,Tiptronic,98425,Sedan,14113,CC
10112,HYUNDAI,2010,1.6,Petrol,Automatic,49707,Sedan,16543,Elantra
10113,HYUNDAI,2010,2.0,Petrol,Automatic,124896,Sedan,16741,Sonata
10114,AUDI,2012,3.0,Petrol,Tiptronic,51698,Sedan,34497,A7
10115,HONDA,2003,2.0,Petrol,Tiptronic,111847,Coupe,10976,Civic
10116,MERCEDES-BENZ,1998,1.8,Petrol,Manual,174605,Sedan,9408,C 180
10117,HONDA,2014,1.3,Petrol,Automatic,24465,Universal,19030,FIT
10118,MERCEDES-BENZ,2017,2.0,Petrol,Automatic,41590,Sedan,2038,E 300
10119,HYUNDAI,2011,1.6,Petrol,Automatic,107918,Sedan,18826,Elantra
10120,TOYOTA,2015,4.0,Petrol,Automatic,41852,Jeep,22580,4Runner
10121,VOLKSWAGEN,2013,1.8,Petrol,Tiptronic,83512,Sedan,11917,Jetta
10122,HYUNDAI,2016,2.5,Diesel,Automatic,86618,Minivan,36834,H1
10123,FORD,2015,2.0,Petrol,Automatic,10563,Sedan,13485,Focus
10124,HYUNDAI,2010,2.5,Diesel,Automatic,203831,Universal,16480,H1
10125,HYUNDAI,2015,2.0,LPG,Automatic,176216,Sedan,15053,Sonata
10126,HYUNDAI,2013,1.6,Petrol,Automatic,19692,Sedan,11917,Elantra
10127,LEXUS,2016,3.5,Hybrid,Automatic,37194,Jeep,11917,RX 450
10128,SUZUKI,2006,1.5,LPG,Automatic,113090,Hatchback,8781,SX4
10129,BMW,2003,2.5,Petrol,Tiptronic,151615,Sedan,11917,325
10130,OPEL,1998,1.8,Petrol,Manual,103769,Universal,3136,Astra
10131,HONDA,2011,1.3,Hybrid,Automatic,129867,Hatchback,13642,Insight
10132,FORD,2016,2.0,Hybrid,Automatic,121151,Sedan,2666,Fusion
10133,TOYOTA,2008,1.5,Hybrid,Automatic,154338,Sedan,11400,Prius
10134,HYUNDAI,2015,2.0,Diesel,Automatic,71801,Jeep,32578,Tucson
10135,MERCEDES-BENZ,2011,3.5,Petrol,Tiptronic,95691,Jeep,36379,ML 350
10136,FORD,2014,1.6,Petrol,Manual,94448,Sedan,25089,Fiesta
10137,CHEVROLET,2013,1.8,Petrol,Automatic,54681,Sedan,10976,Cruze
10138,HYUNDAI,2015,2.0,Diesel,Automatic,71851,Jeep,44247,Santa FE
10139,TOYOTA,2018,2.5,Hybrid,Automatic,21784,Sedan,18817,Camry
10140,CHEVROLET,2012,2.0,Petrol,Automatic,45335,Sedan,21410,Malibu
10141,HONDA,2017,1.5,Petrol,Automatic,20314,Coupe,55845,Civic
10142,HYUNDAI,2012,1.6,Petrol,Automatic,60186,Sedan,20005,Elantra
10143,TOYOTA,2007,1.5,Hybrid,Automatic,111847,Sedan,11604,Prius
10144,TOYOTA,2019,2.0,Petrol,Automatic,11775,Jeep,15681,CHR
10145,TOYOTA,2012,1.5,Petrol,Automatic,55923,Hatchback,16960,Aqua
10146,FORD,2009,2.5,Hybrid,Automatic,123031,Jeep,18817,Escape
10147,SSANGYONG,2017,1.6,Petrol,Automatic,28391,Jeep,38869,Actyon
10148,NISSAN,2013,3.5,CNG,Automatic,27962,Minivan,34497,Quest
10149,HYUNDAI,2017,2.0,Diesel,Automatic,59186,Jeep,45542,Tucson
10150,TOYOTA,2018,2.5,Hybrid,Automatic,45761,Sedan,13328,RAV 4
10151,HONDA,2014,1.3,Hybrid,Automatic,63431,Hatchback,13702,FIT
10152,MERCEDES-BENZ,2000,2.0,CNG,Manual,13049,Goods wagon,9252,C 200
10153,TOYOTA,2010,2.7,Petrol,Automatic,55923,Jeep,49864,Land Cruiser Prado
10154,TOYOTA,2012,1.5,Petrol,Automatic,91691,Hatchback,11177,Aqua
10155,HYUNDAI,2014,1.8,Petrol,Automatic,98027,Sedan,2352,Elantra
10156,CHEVROLET,2017,1.4,Petrol,Automatic,26785,Sedan,16778,Cruze LT
10157,TOYOTA,2011,1.8,Hybrid,Automatic,117315,Sedan,13230,Prius
10158,NISSAN,2017,2.0,Petrol,Tiptronic,10563,Jeep,40456,Qashqai SPORT
10159,TOYOTA,2012,1.8,Hybrid,Automatic,186411,Hatchback,15367,Prius
10160,SSANGYONG,2017,1.6,Petrol,Automatic,28403,Jeep,40926,Actyon
10161,FORD,2010,3.5,Petrol,Automatic,35109,Sedan,22843,Taurus
10162,HYUNDAI,2017,2.0,Petrol,Tiptronic,21127,Sedan,23521,Elantra
10163,HYUNDAI,2014,2.0,Diesel,Automatic,80733,Jeep,35344,Santa FE
10164,TOYOTA,2006,4.0,LPG,Automatic,136702,Jeep,40769,Hilux
10165,HYUNDAI,2013,2.0,Petrol,Automatic,41439,Sedan,11259,Sonata
10166,MERCEDES-BENZ,2011,3.5,Diesel,Automatic,115912,Jeep,2038,ML 350
10167,MERCEDES-BENZ,2014,3.5,Diesel,Automatic,124385,Sedan,30734,E 350
10168,HYUNDAI,2011,1.6,Petrol,Automatic,82486,Sedan,19416,Elantra
10169,HONDA,2001,1.9,Petrol,Automatic,91342,Hatchback,5488,FIT
10170,NISSAN,2014,2.0,Petrol,Tiptronic,149129,Jeep,18000,X-Trail
10171,HYUNDAI,2017,2.5,Diesel,Automatic,60546,Universal,44517,H1
10172,MERCEDES-BENZ,2011,3.2,Diesel,Tiptronic,149129,Sedan,43278,S 350 CDI 320
10173,HYUNDAI,2016,2.0,Diesel,Automatic,103513,Jeep,41886,Santa FE
10174,TOYOTA,2014,1.5,Hybrid,Automatic,46603,Sedan,16308,Prius C
10175,VOLKSWAGEN,2011,1.9,Diesel,Manual,106254,Goods wagon,14113,Caddy
10176,HYUNDAI,2017,1.6,Petrol,Automatic,55160,Sedan,1254,Accent
10177,TOYOTA,2012,1.8,Petrol,Automatic,74086,Hatchback,20385,Prius
10178,CHEVROLET,2012,1.4,Plug-in Hybrid,Variator,68483,Sedan,21953,Volt
10179,CHEVROLET,2014,1.4,Petrol,Automatic,75262,Sedan,16010,Cruze
10180,HYUNDAI,2016,2.5,Diesel,Automatic,69713,Minivan,36068,H1
10181,HYUNDAI,2012,2.0,Diesel,Automatic,131780,Jeep,25591,Tucson
10182,FORD,2016,2.0,Hybrid,Automatic,121151,Sedan,2666,Fusion
10183,LAND ROVER,2007,3.6,Diesel,Tiptronic,124274,Jeep,32929,Range Rover
10184,HONDA,1999,2.0,Petrol,Automatic,117439,Jeep,7213,Cr-v
10185,FORD,1997,2.0,Diesel,Manual,126760,Microbus,18817,Transit
10186,HYUNDAI,2015,1.6,Petrol,Automatic,73941,Sedan,27654,Elantra
10187,CHEVROLET,2017,1.4,Petrol,Tiptronic,92460,Sedan,11290,Cruze
10188,BMW,2009,3.0,Diesel,Automatic,142825,Jeep,1803,X5
10189,MERCEDES-BENZ,2017,2.0,Petrol,Automatic,31646,Sedan,22580,E 300
10190,FORD,2013,2.5,Petrol,Automatic,30457,Sedan,18817,Fusion
10191,FORD,2009,2.5,Petrol,Automatic,48387,Jeep,20777,Escape
10192,HYUNDAI,2016,1.6,Petrol,Automatic,49613,Sedan,25299,Elantra
10193,HYUNDAI,2012,2.0,Diesel,Automatic,103223,Jeep,20237,Tucson
10194,CHEVROLET,2016,1.4,Petrol,Automatic,88856,Sedan,13172,Cruze
10195,FORD,2015,2.0,Hybrid,Automatic,62601,Sedan,2666,Fusion
10196,BMW,2015,3.0,Diesel,Automatic,122170,Jeep,1019,X5
10197,NISSAN,2005,1.4,Petrol,Automatic,86371,Hatchback,7213,March
10198,OPEL,2001,2.2,Petrol,Manual,44739,Minivan,7840,Zafira
10199,VOLKSWAGEN,2013,1.0,Petrol,Tiptronic,4918,Hatchback,6899,UP
10200,MERCEDES-BENZ,2006,2.5,Petrol,Tiptronic,167770,Sedan,15053,230
10201,HYUNDAI,2016,2.0,LPG,Automatic,148703,Sedan,15681,Sonata
10202,FORD,2002,2.0,Diesel,Manual,118060,Microbus,11604,Transit
10203,TOYOTA,2014,2.5,Hybrid,Automatic,107174,Sedan,13799,Camry
10204,OPEL,2008,1.9,Diesel,Manual,129867,Hatchback,15367,Astra GTC 1.9 turbo dies
10205,CHEVROLET,2014,1.4,Hybrid,Automatic,86054,Hatchback,3763,Volt
10206,HONDA,2017,1.5,Petrol,Automatic,46603,Hatchback,33798,FIT
10207,DAEWOO,2009,1.6,Petrol,Automatic,33314,Sedan,5968,Lacetti
10208,HYUNDAI,2013,1.6,Petrol,Automatic,68972,Sedan,9408,Accent
10209,HONDA,2008,1.3,Hybrid,Automatic,121292,Sedan,7840,Civic
10210,CHEVROLET,2009,2.0,Diesel,Automatic,44187,Sedan,7213,Cruze
10211,LEXUS,2012,4.6,Petrol,Automatic,158702,Jeep,54568,GX 460
10212,HONDA,2011,1.3,Hybrid,Automatic,49710,Hatchback,15053,Insight
10213,BMW,2012,3.0,Diesel,Automatic,170317,Jeep,7213,X5
10214,MAZDA,1997,1.5,Petrol,Manual,69041,Sedan,3763,323
10215,MERCEDES-BENZ,2018,3.0,Petrol,Automatic,13359,Jeep,63663,GLE 350
10216,ASTON MARTIN,2007,4.3,Petrol,Tiptronic,44739,Coupe,54000,Virage
10217,HYUNDAI,2010,2.0,Diesel,Automatic,116869,Jeep,23138,Santa FE
10218,TOYOTA,2008,1.5,Hybrid,Variator,62137,Hatchback,11604,Prius
10219,FORD,2010,1.6,Petrol,Automatic,6904,Sedan,10500,Fiesta
10220,TOYOTA,2017,2.0,Petrol,Automatic,18641,Jeep,45473,CHR
10221,HONDA,2014,2.4,Petrol,Automatic,73033,Jeep,5645,400X
10222,HONDA,1997,2.0,Petrol,Automatic,124274,Jeep,7213,Cr-v
10223,LEXUS,2013,3.5,Petrol,Tiptronic,39922,Jeep,49550,RX 350
10224,SUZUKI,2006,1.5,Petrol,Automatic,88235,Hatchback,10036,SX4
10225,HONDA,2001,1.3,Petrol,Variator,105198,Hatchback,6272,FIT
10226,HONDA,1997,1.4,Petrol,Manual,124274,Coupe,5018,Civic
10227,HYUNDAI,2012,2.5,Diesel,Automatic,33924,Minivan,23772,H1
10228,HONDA,2013,1.5,Petrol,Automatic,68553,Hatchback,16308,FIT
10229,TOYOTA,2014,2.5,Hybrid,Automatic,111462,Sedan,11133,Camry
10230,KIA,2014,2.0,Petrol,Automatic,24896,Sedan,16465,Optima
10231,SUZUKI,2003,1.3,Petrol,Manual,79535,Jeep,7840,Jimny
10232,HONDA,2013,1.5,Hybrid,Automatic,50144,Universal,14768,FIT
10233,HYUNDAI,2011,2.0,Diesel,Automatic,66089,Jeep,20237,Tucson
10234,HYUNDAI,2009,2.5,Diesel,Automatic,150385,Universal,13589,H1
10235,CHEVROLET,2012,1.0,Diesel,Automatic,96517,Jeep,14953,Orlando
10236,MERCEDES-BENZ,2011,3.0,Diesel,Automatic,169750,Sedan,9879,E 350
10237,HYUNDAI,2014,2.0,LPG,Automatic,234842,Sedan,10036,Sonata
10238,KIA,2014,2.4,Petrol,Automatic,41246,Sedan,18817,Optima
10239,DAEWOO,2010,1.6,Diesel,Automatic,47125,Sedan,7056,Lacetti
10240,JEEP,2015,2.0,Diesel,Automatic,102526,Jeep,45445,Cherokee
10241,HYUNDAI,2013,1.8,Petrol,Automatic,67841,Sedan,3293,Elantra
10242,CHEVROLET,2009,1.6,Petrol,Automatic,68351,Sedan,5645,Cruze
10243,NISSAN,2008,1.8,Petrol,Automatic,97319,Hatchback,9408,Tiida
10244,MERCEDES-BENZ,2011,3.0,Diesel,Automatic,169750,Sedan,9879,E 350
10245,JAGUAR,2015,2.2,Diesel,Automatic,64765,Sedan,58683,XF
10246,HYUNDAI,2016,2.0,Diesel,Automatic,120588,Jeep,40569,Santa FE
10247,SSANGYONG,2016,1.6,Diesel,Automatic,37686,Jeep,41221,Actyon
10248,HONDA,2014,1.3,Petrol,Automatic,31069,Hatchback,27193,FIT
10249,TOYOTA,2013,2.5,Hybrid,Automatic,77617,Sedan,3763,Camry
10250,HYUNDAI,2016,2.0,LPG,Automatic,180718,Sedan,19914,Sonata
10251,CHEVROLET,2010,1.4,Plug-in Hybrid,Automatic,52195,Hatchback,21953,Volt
10252,BMW,2009,3.0,Diesel,Tiptronic,136702,Jeep,42337,X5
10253,TOYOTA,2005,1.5,Hybrid,Automatic,101283,Hatchback,8467,Prius
10254,HYUNDAI,2012,1.6,Petrol,Automatic,83264,Sedan,20266,Elantra
10255,TOYOTA,2012,1.5,Hybrid,Automatic,98798,Hatchback,14897,Aqua
10256,KIA,2007,2.9,Diesel,Automatic,36651,Minivan,6272,Carnival
10257,HYUNDAI,2009,2.0,Petrol,Automatic,109983,Coupe,13297,Genesis
10258,TOYOTA,2011,1.8,Hybrid,Automatic,142580,Coupe,3293,Prius
10259,CITROEN,2005,1.8,Petrol,Manual,147265,Hatchback,5018,C1 C
10260,TOYOTA,2010,2.4,Hybrid,Variator,74565,Sedan,20071,Camry
10261,BMW,2017,2.0,Petrol,Automatic,48588,Sedan,4861,320
10262,FORD,2016,2.0,Hybrid,Automatic,121151,Sedan,2666,Fusion
10263,OPEL,2000,1.8,Petrol,Manual,135148,Universal,7840,Vectra
10264,HYUNDAI,2013,2.4,Hybrid,Automatic,78721,Sedan,2744,Sonata
10265,BMW,2014,3.0,Diesel,Automatic,87852,Jeep,7056,X5
10266,JEEP,2010,2.0,Diesel,Manual,24233,Jeep,19757,Patriot
10267,HYUNDAI,2017,2.5,Diesel,Automatic,69919,Universal,47217,H1
10268,SSANGYONG,2011,2.0,Diesel,Automatic,134998,Jeep,16741,Korando
10269,SSANGYONG,2010,2.7,Diesel,Automatic,120645,Jeep,20266,REXTON
10270,LEXUS,2016,2.0,Petrol,Automatic,36243,Sedan,3763,IS 200
10271,TOYOTA,2017,4.6,Petrol,Automatic,118604,Sedan,6429,Tundra
10272,FORD,2013,2.0,Hybrid,Automatic,96313,Sedan,22580,Fusion
10273,CHEVROLET,2014,1.4,Hybrid,Automatic,86054,Hatchback,3763,Volt
10274,HYUNDAI,2016,2.0,LPG,Automatic,133950,Sedan,15681,Sonata
10275,MERCEDES-BENZ,2014,3.5,Petrol,Automatic,90966,Sedan,1882,E 350
10276,HONDA,2006,1.3,Petrol,Variator,125517,Hatchback,9722,FIT
10277,NISSAN,2018,1.8,Petrol,Automatic,18755,Sedan,2979,Sentra
10278,MERCEDES-BENZ,2011,3.5,Petrol,Automatic,113338,Jeep,34497,ML 350
10279,HYUNDAI,2007,1.6,Petrol,Automatic,142294,Sedan,7840,Accent
10280,VOLKSWAGEN,2010,2.0,Petrol,Tiptronic,41010,Sedan,12900,CC
10281,HYUNDAI,2013,2.0,Petrol,Automatic,32726,Sedan,12858,Sonata
10282,MERCEDES-BENZ,2000,2.7,Diesel,Tiptronic,130488,Sedan,10976,E 270
10283,HYUNDAI,2011,2.0,Diesel,Automatic,110103,Jeep,24327,Santa FE
10284,LEXUS,2015,4.6,Petrol,Automatic,116866,Jeep,5018,GX 460
10285,TOYOTA,2013,1.8,Hybrid,Automatic,84879,Sedan,21326,Prius
10286,FORD,2008,2.4,Diesel,Manual,109914,Microbus,21639,Transit
10287,NISSAN,2012,0.7,Petrol,Automatic,93206,Sedan,6586,Moco
10288,HYUNDAI,2010,1.6,Diesel,Automatic,44826,Sedan,9261,I30
10289,PEUGEOT,2013,2.0,Hybrid,Tiptronic,80778,Hatchback,37633,3008
10290,CHEVROLET,2014,1.0,Petrol,Automatic,23328,Sedan,8151,Spark
10291,HONDA,2012,1.3,Hybrid,Automatic,72700,Hatchback,7840,FIT
10292,HYUNDAI,2015,2.4,Hybrid,Automatic,58409,Sedan,23521,Sonata
10293,AUDI,2016,1.4,Hybrid,Automatic,65123,Hatchback,6743,A3
10294,TOYOTA,2006,2.4,Petrol,Variator,9321,Sedan,15994,Camry
10295,SSANGYONG,2010,2.0,Diesel,Automatic,152952,Sedan,13341,Actyon
10296,CHEVROLET,2014,1.4,Petrol,Automatic,74565,Sedan,11917,Cruze
10297,SSANGYONG,2014,2.0,Diesel,Automatic,76398,Jeep,39750,REXTON
10298,TOYOTA,2018,1.8,Hybrid,Automatic,3542,Sedan,45473,Prius
10299,NISSAN,2004,1.4,Petrol,Automatic,105633,Hatchback,6586,March
10300,TOYOTA,2012,1.5,Hybrid,Variator,994,Hatchback,13799,Prius C
10301,TOYOTA,2012,2.5,Hybrid,Tiptronic,187903,Sedan,13172,Camry
10302,FORD,2013,2.0,Hybrid,Automatic,59831,Hatchback,16151,C-MAX SEL
10303,TOYOTA,2013,1.8,Hybrid,Automatic,70215,Hatchback,10036,Prius
10304,SUBARU,2014,2.0,Petrol,Automatic,88366,Sedan,10506,XV
10305,HYUNDAI,2011,2.2,Diesel,Automatic,119729,Jeep,16546,Santa FE
10306,SUBARU,2003,2.0,Petrol,Manual,90099,Jeep,16621,Forester
10307,MERCEDES-BENZ,2007,2.0,Diesel,Automatic,135459,Hatchback,17249,B 200
10308,MERCEDES-BENZ,2014,3.5,Petrol,Automatic,90966,Sedan,1882,E 350
10309,CHEVROLET,2016,1.5,Petrol,Tiptronic,53438,Sedan,13172,Malibu
10310,BMW,2002,2.5,LPG,Tiptronic,103656,Sedan,9722,525
10311,KIA,2016,2.0,Petrol,Automatic,19283,Sedan,21796,Optima
10312,FORD,2011,2.2,Diesel,Manual,103769,Microbus,16308,Transit
10313,HYUNDAI,2016,2.0,Diesel,Automatic,38391,Jeep,44878,Tucson
10314,HYUNDAI,2014,2.5,Diesel,Automatic,60279,Minivan,34108,H1
10315,TOYOTA,2015,2.5,Petrol,Tiptronic,51698,Sedan,29166,Camry
10316,NISSAN,2009,2.0,Petrol,Variator,131109,Minivan,8624,Serena
10317,TOYOTA,2014,2.5,Hybrid,Automatic,68225,Sedan,5488,Camry
10318,KIA,2014,2.4,Petrol,Tiptronic,46976,Sedan,20385,Optima
10319,HYUNDAI,2015,3.0,LPG,Automatic,169789,Sedan,21103,Grandeur
10320,HYUNDAI,2013,1.6,Petrol,Tiptronic,46603,Sedan,13172,Elantra
10321,TOYOTA,2015,1.8,Hybrid,Automatic,65244,Hatchback,19757,Prius
10322,BMW,2013,3.0,Diesel,Automatic,85626,Jeep,1019,X5
10323,MERCEDES-BENZ,2011,3.5,Diesel,Automatic,105900,Coupe,15994,E 350
10324,LEXUS,2013,3.5,Hybrid,Automatic,85773,Jeep,1019,RX 450
10325,MERCEDES-BENZ,1997,1.8,Petrol,Automatic,114324,Universal,8154,C 180
10326,HYUNDAI,2016,1.6,Petrol,Tiptronic,35875,Hatchback,15053,Accent
10327,SSANGYONG,2011,2.0,Diesel,Automatic,149330,Jeep,18826,REXTON
10328,HYUNDAI,2010,1.6,Petrol,Automatic,54457,Sedan,14834,Elantra
10329,MERCEDES-BENZ,2004,2.6,Petrol,Automatic,88856,Universal,11290,C 240 w203
10330,SSANGYONG,2016,1.6,Petrol,Automatic,51309,Jeep,42692,Actyon
10331,HYUNDAI,2008,1.6,Petrol,Automatic,45211,Hatchback,9565,I30
10332,HYUNDAI,2011,2.0,Diesel,Automatic,133997,Jeep,21363,Santa FE
10333,HYUNDAI,2012,1.6,Petrol,Automatic,75411,Sedan,19121,Elantra
10334,CHEVROLET,2009,1.8,Petrol,Automatic,82926,Sedan,7213,Cruze
10335,MERCEDES-BENZ,2011,3.5,Diesel,Automatic,115912,Jeep,2038,ML 350
10336,HYUNDAI,2012,1.6,Petrol,Automatic,71750,Sedan,16618,Elantra
10337,FORD,2013,2.0,Hybrid,Automatic,199183,Sedan,3763,Fusion
10338,FORD,2012,3.5,Petrol,Automatic,71759,Jeep,1254,Edge
10339,VOLKSWAGEN,2004,2.0,Diesel,Manual,121167,Goods wagon,10663,Caddy
10340,HYUNDAI,2010,1.6,Petrol,Automatic,69146,Sedan,18531,Elantra
10341,HYUNDAI,2011,2.4,Hybrid,Tiptronic,103769,Sedan,10349,Sonata
10342,CHEVROLET,2010,1.0,Petrol,Automatic,24543,Sedan,7840,Matiz
10343,FIAT,2013,1.4,Petrol,Manual,67108,Hatchback,14113,500 Abarth
10344,BMW,2013,2.0,Petrol,Manual,78541,Sedan,36692,328
10345,NISSAN,2015,1.6,Petrol,Tiptronic,49710,Jeep,14113,Juke
10346,TOYOTA,2015,1.5,Hybrid,Automatic,66653,Hatchback,18189,Prius C
10347,OPEL,2007,1.9,Diesel,Manual,78293,Sedan,8781,Vectra H
10348,HYUNDAI,2015,1.8,Petrol,Automatic,59030,Sedan,17876,Elantra
10349,TOYOTA,2012,2.5,Petrol,Tiptronic,63380,Sedan,14426,Camry
10350,HYUNDAI,2016,1.8,Petrol,Automatic,82914,Sedan,2038,Elantra
10351,MERCEDES-BENZ,2017,2.0,Petrol,Automatic,34613,Jeep,47669,GLA 250
10352,SSANGYONG,2013,2.0,Diesel,Automatic,107931,Jeep,19707,Korando
10353,SUZUKI,2012,2.0,Petrol,Tiptronic,58347,Sedan,10976,SX4
10354,TOYOTA,2014,1.8,Hybrid,Automatic,6214,Sedan,11290,Prius
10355,HYUNDAI,2016,2.0,Petrol,Tiptronic,60646,Sedan,23521,Elantra
10356,NISSAN,2020,1.5,Petrol,Automatic,72079,Hatchback,7840,Tiida
10357,TOYOTA,2014,2.5,Hybrid,Automatic,68225,Sedan,5488,Camry
10358,TOYOTA,2013,1.8,Hybrid,Automatic,105012,Sedan,18817,Prius
10359,MERCEDES-BENZ,2012,3.5,Diesel,Automatic,79661,Sedan,4861,E 350
10360,MERCEDES-BENZ,2017,2.0,Petrol,Automatic,31646,Sedan,22580,E 300
10361,BMW,1999,2.8,LPG,Manual,15534,Sedan,7527,328
10362,VOLKSWAGEN,1999,1.8,Petrol,Manual,1864,Sedan,6500,Passat
10363,MAZDA,2016,2.5,Petrol,Tiptronic,94448,Sedan,26657,Mazda 6
10364,FORD,2015,1.5,Petrol,Automatic,17398,Sedan,21953,Fusion
10365,CHEVROLET,2014,2.4,Petrol,Tiptronic,34175,Jeep,26657,Equinox
10366,MERCEDES-BENZ,2013,2.0,Petrol,Tiptronic,42253,Sedan,36065,CLA 250 AMG
10367,TOYOTA,2007,2.4,Petrol,Automatic,74509,Jeep,18503,"Highlander 2,4"
10368,HYUNDAI,2012,2.4,Hybrid,Automatic,161515,Sedan,4077,Sonata
10369,CHEVROLET,2018,1.5,Petrol,Tiptronic,5592,Jeep,35438,Equinox
10370,CHEVROLET,2017,1.5,Petrol,Tiptronic,59652,Sedan,22580,Malibu
10371,HYUNDAI,2013,2.4,Hybrid,Automatic,87746,Sedan,2822,Sonata
10372,HYUNDAI,2010,2.0,Diesel,Automatic,124331,Jeep,15323,Santa FE
10373,SUZUKI,2008,2.7,Petrol,Automatic,90099,Jeep,18817,Grand Vitara
10374,HYUNDAI,2012,1.6,Petrol,Automatic,63182,Sedan,16894,Elantra
10375,BMW,2009,3.0,Petrol,Tiptronic,25476,Jeep,28225,X5
10376,KIA,2015,2.0,Petrol,Automatic,24298,Sedan,17249,Optima
10377,FORD,2008,4.6,Petrol,Manual,80530,Coupe,17249,Mustang
10378,BMW,2005,1.9,Diesel,Automatic,217436,Sedan,17249,320
10379,HYUNDAI,2015,2.0,Diesel,Automatic,65037,Jeep,48998,Santa FE
10380,TOYOTA,2008,1.5,Petrol,Automatic,222699,Sedan,12544,Prius
10381,NISSAN,2016,1.6,Petrol,Automatic,51574,Jeep,20385,Juke
10382,HYUNDAI,2016,2.0,LPG,Automatic,231208,Sedan,10349,Sonata
10383,TOYOTA,2012,2.5,Hybrid,Automatic,97256,Sedan,3607,Camry
10384,HYUNDAI,2010,2.0,Petrol,Automatic,44702,Sedan,9408,Sonata
10385,MERCEDES-BENZ,2006,3.5,Petrol,Tiptronic,177712,Jeep,22580,ML 350
10386,HONDA,2005,1.5,Petrol,Automatic,621,Sedan,8781,FIT
10387,SSANGYONG,2017,2.2,Diesel,Automatic,40817,Jeep,61521,REXTON
10388,CHEVROLET,2011,1.4,Plug-in Hybrid,Automatic,98922,Sedan,19444,Volt
10389,HONDA,2017,1.3,Petrol,Automatic,9112,Hatchback,19930,FIT
10390,HYUNDAI,2013,2.0,Diesel,Automatic,184169,Jeep,26500,Santa FE
10391,RENAULT,2010,1.5,Diesel,Manual,109361,Universal,10663,Megane
10392,HYUNDAI,2010,2.4,Petrol,Tiptronic,92460,Sedan,14113,Elantra
10393,TOYOTA,2013,1.5,Hybrid,Automatic,68351,Hatchback,16935,Prius C
10394,FORD,2015,2.0,Hybrid,Automatic,62601,Sedan,10036,Fusion
10395,ALFA ROMEO,2001,2.0,Petrol,Manual,124274,Sedan,4500,166
10396,CHRYSLER,2003,2.0,Petrol,Automatic,108740,Universal,5645,PT Cruiser pt cruiser
10397,HYUNDAI,2014,1.6,Diesel,Automatic,23956,Hatchback,14897,I30
10398,JEEP,2011,2.8,Diesel,Automatic,113027,Jeep,54346,Wrangler
10399,TOYOTA,2009,1.8,Hybrid,Automatic,174978,Sedan,7213,Prius
10400,FORD,2011,2.5,Hybrid,Automatic,104991,Jeep,3607,Escape
10401,TOYOTA,2000,1.5,CNG,Automatic,133595,Hatchback,6899,Fun Cargo
10402,MERCEDES-BENZ,2010,2.7,Petrol,Manual,118060,Microbus,37633,Sprinter
10403,HONDA,2011,1.3,Hybrid,Automatic,72201,Hatchback,11760,Insight
10404,HYUNDAI,2017,2.0,Diesel,Automatic,45648,Jeep,37320,Santa FE
10405,HYUNDAI,2015,2.0,Diesel,Automatic,25255,Jeep,23521,Tucson
10406,HYUNDAI,2012,1.6,Petrol,Automatic,115517,Sedan,13877,Elantra
10407,LEXUS,2008,3.3,Hybrid,Automatic,139578,Jeep,8154,RX 400
10408,CHEVROLET,2010,1.6,Petrol,Automatic,37282,Sedan,12570,Lacetti
10409,TOYOTA,2007,1.5,Petrol,Variator,78914,Hatchback,12231,Prius
10410,MERCEDES-BENZ,2000,3.2,Diesel,Tiptronic,690,Sedan,11917,E 320
10411,TOYOTA,2014,2.7,Petrol,Automatic,40385,Jeep,3293,Tacoma
10412,MERCEDES-BENZ,2000,2.4,Petrol,Manual,156585,Sedan,9408,E 240
10413,NISSAN,2012,2.5,Petrol,Automatic,71458,Jeep,22580,Rogue
10414,MITSUBISHI,2000,3.0,Petrol,Automatic,121167,Minivan,12544,Delica
10415,TOYOTA,2014,1.5,Hybrid,Variator,62137,Hatchback,14113,Aqua G
10416,CHEVROLET,2011,1.4,Petrol,Automatic,100238,Sedan,11000,Cruze
10417,MERCEDES-BENZ,2013,3.0,Diesel,Tiptronic,91079,Jeep,61154,ML 350
10418,CHEVROLET,2020,1.5,Petrol,Automatic,8800,Sedan,10663,Malibu
10419,VOLKSWAGEN,2013,2.5,LPG,Tiptronic,29204,Sedan,21953,Passat
10420,SSANGYONG,2011,2.0,Diesel,Automatic,44428,Jeep,24709,Korando
10421,CHEVROLET,2010,1.8,Petrol,Automatic,101819,Sedan,13093,Lacetti
10422,PEUGEOT,2003,2.2,Diesel,Manual,116196,Minivan,7997,807
10423,NISSAN,2006,2.5,Petrol,Tiptronic,93206,Sedan,11604,Skyline
10424,FORD,2013,1.6,Petrol,Tiptronic,45981,Hatchback,11447,Fiesta
10425,TOYOTA,2012,1.8,Hybrid,Automatic,42253,Sedan,18189,Prius
10426,FORD,2003,2.5,Diesel,Manual,89679,Goods wagon,19130,Transit
10427,OPEL,2000,1.6,CNG,Manual,170256,Goods wagon,6272,Astra
10428,TOYOTA,2014,1.8,Plug-in Hybrid,Automatic,76429,Hatchback,23834,Prius
10429,TOYOTA,2014,1.5,Petrol,Automatic,49717,Hatchback,20071,Prius C 80 original
10430,TOYOTA,2010,1.8,Hybrid,Automatic,86495,Sedan,18189,Prius
10431,HONDA,2010,1.3,Hybrid,Automatic,116390,Hatchback,1803,Insight
10432,TOYOTA,2014,2.5,Petrol,Automatic,124274,Sedan,28852,Camry
10433,JEEP,2015,2.0,Diesel,Automatic,102339,Jeep,46022,Cherokee
10434,TOYOTA,2018,2.7,Petrol,Automatic,109983,Jeep,37633,Land Cruiser Prado
10435,CHEVROLET,2014,3.6,Petrol,Automatic,21425,Cabriolet,57526,Camaro
10436,HYUNDAI,2011,2.0,Petrol,Automatic,102440,Sedan,17484,Sonata
10437,MERCEDES-BENZ,2014,3.5,Diesel,Automatic,136099,Sedan,29793,E 350
10438,OPEL,2001,1.7,Diesel,Manual,124274,Goods wagon,4704,Combo
10439,HYUNDAI,2011,1.6,Petrol,Automatic,82486,Sedan,19416,Elantra
10440,HYUNDAI,2012,2.0,Diesel,Automatic,94126,Jeep,23101,Tucson
10441,KIA,2014,2.4,Petrol,Tiptronic,85118,Sedan,15681,Optima
10442,CHEVROLET,2012,2.0,Diesel,Automatic,142915,Jeep,12980,Orlando
10443,HYUNDAI,2012,2.0,Diesel,Automatic,77050,Jeep,22934,Tucson
10444,INFINITI,2008,3.5,LPG,Tiptronic,87489,Sedan,18189,G35 x
10445,FIAT,2013,1.4,Petrol,Manual,31069,Coupe,17876,500
10446,TOYOTA,2012,1.5,Hybrid,Variator,92108,Sedan,7213,Prius C
10447,HONDA,2015,1.5,Hybrid,Automatic,30616,Jeep,4861,Civic
10448,LEXUS,2010,4.6,Petrol,Automatic,221982,Jeep,16308,GX 470
10449,HONDA,2011,1.3,Hybrid,Variator,123031,Hatchback,13172,Insight LX
10450,JEEP,2011,2.4,Petrol,Manual,114332,Jeep,25089,Patriot 70th anniversary
10451,NISSAN,2015,1.2,Petrol,Automatic,93040,Hatchback,6398,March
10452,HYUNDAI,2016,2.0,LPG,Automatic,23549,Sedan,14279,Sonata
10453,TOYOTA,2009,3.3,Hybrid,Automatic,197818,Sedan,1019,Highlander
10454,MERCEDES-BENZ,2001,3.2,Petrol,Tiptronic,621,Coupe,6899,CLK 320 avangarde
10455,HYUNDAI,2012,1.6,Petrol,Automatic,82283,Sedan,20005,Elantra
10456,MITSUBISHI,1999,1.8,Petrol,Automatic,83885,Jeep,7213,Pajero IO
10457,CHEVROLET,2017,1.4,Petrol,Tiptronic,40762,Sedan,17249,Cruze
10458,CHEVROLET,2012,1.8,Petrol,Automatic,98315,Sedan,14834,Cruze
10459,LEXUS,2012,4.6,Petrol,Automatic,142501,Jeep,52059,GX 460
10460,MERCEDES-BENZ,2012,1.8,Petrol,Tiptronic,69594,Sedan,26030,C 250
10461,TOYOTA,2015,1.8,Petrol,Automatic,88399,Sedan,17405,Corolla S
10462,SUZUKI,2001,2.5,Petrol,Automatic,135210,Jeep,9408,Grand Vitara
10463,MERCEDES-BENZ,2011,3.5,Diesel,Automatic,105900,Coupe,15994,E 350
10464,BUICK,2019,1.4,Petrol,Automatic,18619,Sedan,7056,Century
10465,HYUNDAI,2013,1.8,Petrol,Automatic,129000,Jeep,9408,Elantra
10466,HYUNDAI,2005,2.0,Diesel,Manual,124274,Jeep,10663,Tucson
10467,JEEP,2017,2.4,Petrol,Automatic,59238,Jeep,1490,Cherokee
10468,TOYOTA,2008,1.5,Hybrid,Automatic,134216,Sedan,10820,Prius
10469,TOYOTA,2010,1.8,Hybrid,Automatic,103148,Hatchback,14113,Prius
10470,CHEVROLET,2017,2.0,Petrol,Tiptronic,41756,Coupe,32929,Camaro
10471,FORD,2016,2.0,Petrol,Automatic,41010,Hatchback,18189,Focus
10472,MERCEDES-BENZ,2014,3.5,Diesel,Automatic,148226,Sedan,11133,E 350
10473,MERCEDES-BENZ,2012,4.6,Diesel,Automatic,112256,Jeep,1725,ML 350
10474,HYUNDAI,2015,2.2,Diesel,Automatic,82021,Jeep,49889,Santa FE
10475,SUBARU,2002,2.0,Petrol,Automatic,124274,Sedan,7840,Forester
10476,TOYOTA,2012,1.5,Petrol,Automatic,49145,Hatchback,16900,Aqua
10477,HONDA,2011,1.3,Hybrid,Variator,60273,Hatchback,13485,FIT
10478,HYUNDAI,2015,2.4,Petrol,Automatic,69922,Sedan,44134,Sonata
10479,SSANGYONG,2012,2.0,Diesel,Automatic,67921,Jeep,21953,Korando
10480,MITSUBISHI,2009,2.4,Petrol,Variator,95070,Jeep,15681,Outlander
10481,HYUNDAI,2016,2.5,Diesel,Automatic,82651,Universal,43655,H1
10482,FORD,2004,2.0,Diesel,Manual,621,Microbus,11290,Transit
10483,HONDA,2013,1.3,Petrol,Automatic,32510,Hatchback,17264,FIT
10484,HYUNDAI,2016,3.0,LPG,Automatic,124274,Sedan,26594,Grandeur
10485,HYUNDAI,2011,2.0,Diesel,Automatic,97281,Jeep,24920,Santa FE
10486,LEXUS,2012,4.6,Petrol,Automatic,158702,Jeep,54568,GX 460
10487,GMC,2011,3.6,Petrol,Automatic,110216,Jeep,2352,Acadia
10488,KIA,2012,2.0,Petrol,Automatic,139999,Sedan,1333,Avella
10489,MERCEDES-BENZ,2014,3.5,Diesel,Automatic,136099,Sedan,29793,E 350
10490,FORD,1997,2.0,Petrol,Manual,111847,Sedan,1725,Scorpio
10491,MERCEDES-BENZ,2009,3.5,Diesel,Automatic,170310,Jeep,6272,ML 350
10492,TOYOTA,2012,1.8,Hybrid,Automatic,54681,Sedan,14113,Prius
10493,HYUNDAI,2013,2.0,Petrol,Automatic,33471,Sedan,4391,Sonata
10494,FORD,2004,2.0,Diesel,Manual,152517,Goods wagon,10976,Transit
10495,HYUNDAI,2010,2.5,Diesel,Automatic,34152,Minivan,18660,H1
10496,MITSUBISHI,2002,2.0,CNG,Tiptronic,102526,Jeep,7527,Airtrek turbo
10497,TOYOTA,2015,1.8,Hybrid,Variator,85501,Hatchback,20385,Prius
10498,HYUNDAI,2016,2.0,Diesel,Automatic,30767,Jeep,51965,Santa FE
10499,KIA,2015,1.0,Petrol,Automatic,14187,Sedan,17249,Picanto
10500,FORD,2010,2.2,Diesel,Manual,96313,Microbus,14426,Transit
10501,TOYOTA,2018,2.5,Hybrid,Automatic,21784,Sedan,18817,Camry
10502,TOYOTA,2012,2.5,Hybrid,Automatic,61516,Sedan,25089,Camry
10503,MERCEDES-BENZ,2013,2.2,Diesel,Tiptronic,80778,Sedan,37006,E 220 CDI
10504,HYUNDAI,2014,1.8,Petrol,Tiptronic,89477,Sedan,16621,Elantra Limited
10505,NISSAN,2012,1.6,Petrol,Automatic,64623,Hatchback,21953,Juke
10506,TOYOTA,2016,2.5,Petrol,Automatic,68739,Sedan,35438,Camry
10507,MERCEDES-BENZ,2010,2.2,Diesel,Tiptronic,144607,Microbus,41710,Sprinter
10508,FORD,2015,2.0,Hybrid,Automatic,119990,Hatchback,1646,C-MAX
10509,TOYOTA,2012,1.5,Petrol,Automatic,73570,Hatchback,11967,Aqua
10510,TOYOTA,2010,3.3,Hybrid,Automatic,164587,Jeep,4861,Highlander
10511,AUDI,2013,3.0,Petrol,Tiptronic,66487,Sedan,34497,A6 premium plus
10512,HYUNDAI,2015,2.0,LPG,Automatic,203614,Sedan,10976,Sonata
10513,HYUNDAI,2013,2.4,Petrol,Automatic,61178,Sedan,12544,Sonata
10514,NISSAN,2011,3.0,Petrol,Automatic,164663,Jeep,14113,Murano
10515,TOYOTA,2009,2.5,Petrol,Automatic,130488,Sedan,24462,Camry SE
10516,BMW,2011,3.0,Petrol,Tiptronic,64623,Jeep,54882,X6
10517,BMW,2013,2.0,Petrol,Tiptronic,50952,Sedan,27598,528
10518,VOLKSWAGEN,1997,1.8,Petrol,Manual,621,Hatchback,1700,Golf
10519,HYUNDAI,2010,1.6,Petrol,Automatic,53848,Sedan,13178,Elantra
10520,TOYOTA,2003,1.5,Petrol,Automatic,98487,Sedan,8154,Ist
10521,NISSAN,2005,1.5,Petrol,Tiptronic,71433,Hatchback,8311,Tiida
10522,HYUNDAI,2014,2.0,LPG,Automatic,208645,Sedan,10036,Sonata
10523,HYUNDAI,2011,2.5,Diesel,Automatic,37992,Minivan,21953,H1
10524,MERCEDES-BENZ,2009,3.5,Diesel,Automatic,67816,Sedan,5018,E 350
10525,KIA,2013,2.0,Petrol,Automatic,31815,Sedan,12701,Optima
10526,BMW,2011,3.0,Petrol,Automatic,105660,Jeep,11133,X5
10527,TOYOTA,2018,2.5,Hybrid,Automatic,17078,Sedan,38000,Camry Hybrid
10528,TOYOTA,2011,2.4,Hybrid,Variator,78914,Sedan,19444,Camry HYBRID
10529,TOYOTA,2014,1.5,Hybrid,Variator,95443,Hatchback,20071,Prius C
10530,NISSAN,2013,1.6,Petrol,Automatic,68681,Jeep,14113,Juke
10531,VOLKSWAGEN,2002,2.0,Petrol,Automatic,102526,Sedan,7840,Golf
10532,CHEVROLET,2015,3.6,Petrol,Automatic,61616,Cabriolet,48277,Camaro
10533,HYUNDAI,2010,2.4,Petrol,Automatic,48738,Sedan,8938,Grandeur
10534,NISSAN,2006,1.5,Petrol,Automatic,69048,Sedan,8624,Tiida
10535,BMW,2012,2.0,Petrol,Automatic,90099,Sedan,21326,328
10536,DAEWOO,2009,1.6,Petrol,Automatic,58813,Sedan,9832,Lacetti
10537,LAND ROVER,2010,2.7,Diesel,Tiptronic,130488,Jeep,39829,Discovery IV
10538,BMW,2006,4.4,Petrol,Tiptronic,136702,Jeep,16308,X5
10539,SSANGYONG,2012,2.0,Diesel,Automatic,65655,Jeep,25299,Korando
10540,TOYOTA,2011,2.5,Petrol,Tiptronic,12726,Sedan,18817,Camry
10541,HYUNDAI,2010,2.0,LPG,Automatic,82782,Sedan,9408,Genesis
10542,MERCEDES-BENZ,2005,3.5,Petrol,Tiptronic,148108,Sedan,16621,E 350
10543,HYUNDAI,2012,1.6,Petrol,Automatic,49654,Sedan,19707,Elantra
10544,FORD,2014,1.6,Petrol,Tiptronic,58807,Hatchback,15681,Fiesta
10545,MERCEDES-BENZ,1996,1.8,CNG,Manual,136702,Sedan,4858,C 180
10546,HYUNDAI,2016,1.6,Petrol,Tiptronic,19263,Hatchback,19757,Veloster
10547,HYUNDAI,2015,2.0,Diesel,Tiptronic,19263,Jeep,46728,Tucson
10548,TOYOTA,2012,1.5,Hybrid,Automatic,129245,Hatchback,13485,Prius C
10549,TOYOTA,2011,1.8,Hybrid,Automatic,146022,Sedan,16935,Prius
10550,MAZDA,2002,3.0,Petrol,Automatic,13049,Jeep,8781,Tribute სასწრაფოდ
10551,LEXUS,2012,4.6,Petrol,Automatic,158702,Jeep,12858,GX 460
10552,SUBARU,2014,2.0,Petrol,Automatic,58409,Jeep,7527,XV
10553,OPEL,2000,1.6,Petrol,Manual,173797,Universal,8781,Astra G
10554,CHEVROLET,2011,1.4,Petrol,Automatic,89168,Sedan,1019,Cruze
10555,HYUNDAI,2014,2.0,Diesel,Automatic,42993,Jeep,36065,Santa FE
10556,LEXUS,2014,2.5,Hybrid,Automatic,109494,Sedan,14426,ES 300
10557,TOYOTA,2012,2.5,Hybrid,Variator,121785,Sedan,30734,Camry
10558,BMW,2003,3.0,LPG,Tiptronic,11744,Jeep,13485,X5
10559,VOLKSWAGEN,1999,1.6,Petrol,Manual,102680,Sedan,5331,Golf
10560,MITSUBISHI,2007,1.5,Petrol,Automatic,111847,Hatchback,7840,ColtPlus
10561,HYUNDAI,2009,1.6,Petrol,Automatic,98162,Sedan,14069,Elantra
10562,FORD,1999,2.5,Diesel,Manual,7208,Microbus,9095,Transit
10563,TOYOTA,2014,2.5,Petrol,Automatic,46863,Sedan,21953,Camry
10564,BMW,2011,3.0,Petrol,Tiptronic,96437,Jeep,36065,X5
10565,ACURA,2011,3.7,Petrol,Automatic,113071,Jeep,4861,MDX
10566,TOYOTA,2014,2.5,Petrol,Automatic,60881,Sedan,21953,Camry
10567,KIA,2015,2.4,Hybrid,Automatic,72992,Sedan,6586,Optima
10568,INFINITI,2003,4.5,Petrol,Tiptronic,111847,Sedan,20385,Q45
10569,HYUNDAI,2010,2.0,Diesel,Automatic,36522,Jeep,12554,Santa FE
10570,HYUNDAI,2011,2.4,Petrol,Automatic,113490,Sedan,3920,Sonata
10571,HONDA,2014,1.5,Petrol,Automatic,48467,Hatchback,25638,FIT
10572,HYUNDAI,2012,1.6,Petrol,Automatic,83264,Sedan,19933,Elantra
10573,MERCEDES-BENZ,2010,3.5,Diesel,Automatic,117768,Sedan,12388,E 350
10574,MAZDA,2011,2.0,Petrol,Tiptronic,88335,Sedan,9408,Mazda 3
10575,KIA,2013,2.4,Petrol,Automatic,65045,Sedan,13799,Optima
10576,FORD,2014,2.0,Petrol,Tiptronic,61516,Sedan,20385,Fusion
10577,SSANGYONG,2011,2.0,Diesel,Automatic,77489,Jeep,14884,Actyon
10578,SUZUKI,2008,3.7,CNG,Automatic,124274,Hatchback,10036,SX4
10579,NISSAN,2003,1.2,Petrol,Automatic,84506,Hatchback,5959,March
10580,HYUNDAI,2014,1.8,Petrol,Tiptronic,66356,Sedan,16308,Elantra
10581,HYUNDAI,2012,2.0,Diesel,Automatic,61981,Jeep,28532,Tucson
10582,TOYOTA,2016,1.5,Hybrid,Variator,155343,Hatchback,14113,Prius C
10583,HONDA,2017,2.0,Petrol,Automatic,12778,Sedan,54847,Civic
10584,HONDA,2012,1.5,Petrol,Automatic,78541,Sedan,12231,FIT
10585,HONDA,2013,1.8,Petrol,Automatic,80098,Coupe,32913,Civic
10586,HYUNDAI,2011,2.5,Diesel,Automatic,40740,Minivan,18669,H1
10587,TOYOTA,2015,1.8,Petrol,Tiptronic,49088,Sedan,27598,Corolla
10588,VOLKSWAGEN,2006,1.6,Petrol,Manual,157207,Sedan,6586,Jetta
10589,TOYOTA,2011,1.8,Hybrid,Automatic,137954,Hatchback,16621,Prius
10590,NISSAN,2004,3.5,CNG,Variator,145152,Jeep,11917,Murano
10591,MERCEDES-BENZ,2011,3.5,Diesel,Automatic,105900,Coupe,15994,E 350
10592,TOYOTA,2012,1.8,Hybrid,Variator,61516,Hatchback,18503,Prius
10593,SSANGYONG,2017,1.6,Diesel,Automatic,40544,Jeep,31421,Actyon
10594,KIA,2015,2.4,Petrol,Automatic,105658,Sedan,3763,Optima
10595,LEXUS,2010,4.6,Petrol,Automatic,221982,Jeep,40142,GX 470
10596,CHEVROLET,2011,1.4,Plug-in Hybrid,Variator,111350,Sedan,23521,Volt
10597,JEEP,2011,2.4,Petrol,Automatic,43342,Jeep,26591,Compass
10598,TOYOTA,2013,2.5,Petrol,Automatic,123325,Sedan,16308,Camry
10599,HYUNDAI,2011,2.0,Diesel,Automatic,75547,Jeep,28927,Santa FE
10600,HYUNDAI,2015,2.0,Diesel,Automatic,89086,Jeep,43062,Santa FE
10601,SUZUKI,2008,1.2,Petrol,Automatic,109361,Hatchback,8467,Swift
10602,MERCEDES-BENZ,2014,3.5,Diesel,Automatic,136099,Sedan,29793,E 350
10603,LEXUS,2013,3.5,Petrol,Automatic,77499,Jeep,11290,RX 350
10604,MITSUBISHI,2003,1.3,Petrol,Automatic,101905,Hatchback,6743,Colt
10605,FORD,2007,2.4,Diesel,Manual,98177,Microbus,15681,Transit
10606,MERCEDES-BENZ,2007,3.0,Diesel,Automatic,98177,Sedan,19757,E 320
10607,TOYOTA,2005,2.0,CNG,Automatic,69041,Sedan,7527,Caldina
10608,TOYOTA,2017,2.5,Petrol,Automatic,79508,Sedan,16935,Camry
10609,HYUNDAI,2017,2.0,LPG,Automatic,213106,Jeep,13799,Sonata
10610,LEXUS,2012,4.6,Petrol,Automatic,142501,Jeep,52059,GX 460
10611,TOYOTA,2012,2.5,Hybrid,Automatic,99033,Sedan,3136,Camry
10612,VOLKSWAGEN,2015,1.8,Petrol,Tiptronic,26098,Sedan,19130,Jetta
10613,MERCEDES-BENZ,2012,3.5,Diesel,Automatic,149742,Sedan,1646,E 350
10614,HONDA,2008,2.4,LPG,Tiptronic,80778,Sedan,9408,Accord
10615,LEXUS,2010,3.5,Hybrid,Automatic,103907,Jeep,5018,RX 450
10616,HYUNDAI,2008,2.5,Diesel,Automatic,39758,Minivan,15053,H1
10617,HYUNDAI,2011,1.6,Petrol,Automatic,70625,Sedan,11886,Elantra
10618,HYUNDAI,2013,2.4,Petrol,Tiptronic,80778,Sedan,18660,Sonata
10619,HONDA,2008,2.0,Petrol,Manual,95691,Sedan,14740,Civic
10620,AUDI,2012,3.2,Petrol,Automatic,123494,Jeep,1019,Q5
10621,NISSAN,1999,3.3,LPG,Automatic,65865,Jeep,13172,Pathfinder
10622,MERCEDES-BENZ,2009,2.2,Diesel,Manual,111847,Microbus,31361,Sprinter 315CDI-XL
10623,BMW,2011,3.0,Diesel,Tiptronic,163421,Jeep,43905,X5
10624,HYUNDAI,2017,2.5,Diesel,Automatic,62696,Universal,38016,H1
10625,LEXUS,2011,1.8,Hybrid,Variator,124274,Hatchback,18189,CT 200h
10626,HYUNDAI,2011,2.5,Diesel,Automatic,153970,Universal,20237,H1
10627,TOYOTA,2013,2.5,Hybrid,Automatic,118402,Sedan,5018,Camry
10628,TOYOTA,2012,1.8,Hybrid,Tiptronic,99987,Hatchback,12858,Prius
10629,LEXUS,2012,3.5,Petrol,Tiptronic,86992,Jeep,40769,RX 350
10630,FORD,2010,2.5,Hybrid,Automatic,86992,Jeep,17249,Escape
10631,VOLKSWAGEN,2014,2.0,Petrol,Manual,80530,Sedan,16308,Jetta
10632,HYUNDAI,2011,2.0,Diesel,Automatic,85128,Jeep,27065,Tucson
10633,HYUNDAI,2008,2.5,Diesel,Automatic,93759,Minivan,12544,H1
10634,LEXUS,2011,1.8,Hybrid,Automatic,20489,Hatchback,2274,CT 200h
10635,HYUNDAI,2011,2.0,Diesel,Automatic,74064,Jeep,19613,Tucson
10636,HYUNDAI,2016,1.4,Petrol,Automatic,57166,Sedan,21103,Accent
10637,CHEVROLET,2007,2.0,Diesel,Automatic,36745,Jeep,4077,Captiva
10638,HYUNDAI,2011,1.6,Petrol,Automatic,116969,Hatchback,14454,I30
10639,BMW,2003,2.5,Petrol,Manual,135459,Sedan,9722,325
10640,TOYOTA,2012,1.5,Hybrid,Automatic,68351,Hatchback,18503,Prius C ჰიბრიდი
10641,LEXUS,2012,4.6,Petrol,Automatic,158702,Jeep,54568,GX 460
10642,PEUGEOT,2007,1.6,Petrol,Tiptronic,57788,Hatchback,9722,307
10643,HYUNDAI,2011,1.6,Petrol,Automatic,48146,Sedan,19089,Elantra
10644,TOYOTA,2013,2.5,LPG,Tiptronic,124274,Sedan,18817,Camry
10645,TOYOTA,2013,1.8,Hybrid,Automatic,85292,Hatchback,19444,Prius
10646,CHEVROLET,2013,2.0,Petrol,Automatic,47616,Sedan,26296,Malibu
10647,MERCEDES-BENZ,2012,3.0,Diesel,Tiptronic,138082,Sedan,39201,E 350
10648,HONDA,2010,1.3,Hybrid,Variator,86992,Sedan,7527,Insight
10649,TOYOTA,2011,2.5,Petrol,Tiptronic,95691,Sedan,21012,Camry
10650,OPEL,2008,1.7,Diesel,Manual,124274,Hatchback,12544,Astra
10651,TOYOTA,2012,1.3,Petrol,Variator,65244,Hatchback,8000,Vitz
10652,MERCEDES-BENZ,2005,1.8,Petrol,Automatic,121292,Sedan,9408,C 230
10653,HONDA,2006,1.3,Petrol,Tiptronic,174543,Sedan,7213,FIT
10654,TOYOTA,2010,3.3,Hybrid,Automatic,197034,Jeep,28225,Highlander limited
10655,BMW,2004,2.5,Petrol,Manual,88235,Coupe,10192,325
10656,BMW,2015,2.0,Petrol,Automatic,72508,Sedan,26657,528
10657,BMW,2013,3.0,Hybrid,Automatic,121752,Sedan,12701,535
10658,FORD,2007,2.3,Hybrid,Automatic,105633,Jeep,17562,Escape
10659,KIA,2013,2.0,Petrol,Automatic,26447,Sedan,14737,Optima
10660,MAZDA,2016,2.0,Petrol,Automatic,43617,Sedan,15053,Mazda 3
10661,HONDA,2003,1.5,Petrol,Automatic,1491,Sedan,6272,Civic
10662,MERCEDES-BENZ,2014,4.6,Petrol,Automatic,125290,Jeep,42965,GL 450
10663,HYUNDAI,2014,1.8,Petrol,Automatic,82954,Sedan,17249,Elantra
10664,MAZDA,2019,2.5,Petrol,Automatic,309,Sedan,9408,1000
10665,HONDA,2014,1.5,Hybrid,Automatic,79535,Hatchback,10976,FIT GP-6
10666,SKODA,2009,1.6,Petrol,Manual,13608,Hatchback,11917,Octavia
10667,SKODA,2011,1.8,Petrol,Manual,124274,Universal,19757,Octavia SCOUT
10668,NISSAN,2013,3.5,CNG,Automatic,27962,Minivan,34497,Quest
10669,JEEP,2011,2.4,LPG,Automatic,64623,Jeep,23521,Compass
10670,HYUNDAI,2017,2.5,Diesel,Automatic,24278,Universal,47217,H1
10671,BMW,2006,3.0,Petrol,Automatic,118060,Sedan,18817,530 525i
10672,BMW,2000,2.2,Petrol,Tiptronic,124274,Sedan,10036,320
10673,CHEVROLET,2012,1.8,Petrol,Manual,80778,Hatchback,12544,Sonic
10674,HYUNDAI,2011,2.4,Hybrid,Automatic,139404,Sedan,3450,Sonata
10675,HONDA,2009,2.4,Petrol,Automatic,93206,Universal,16900,Element
10676,MERCEDES-BENZ,1998,2.0,Petrol,Manual,124274,Universal,3763,200
10677,TOYOTA,2018,2.0,Petrol,Automatic,5766,Jeep,42337,CHR
10678,VOLKSWAGEN,2013,2.5,Petrol,Tiptronic,110604,Sedan,12544,Jetta sport
10679,FORD,2016,2.0,Hybrid,Automatic,121151,Sedan,2666,Fusion
10680,TOYOTA,2012,2.5,Hybrid,Automatic,99033,Sedan,3136,Camry
10681,HYUNDAI,2016,2.5,Diesel,Automatic,56005,Minivan,36899,H1
10682,HYUNDAI,2015,2.0,Diesel,Automatic,68351,Jeep,47217,Santa FE
10683,HYUNDAI,2014,1.6,Diesel,Automatic,55923,Sedan,27356,Elantra
10684,LEXUS,2016,2.0,Petrol,Automatic,41493,Coupe,3293,RC F
10685,TOYOTA,2017,1.5,Hybrid,Automatic,96082,Hatchback,14831,Aqua
10686,VOLKSWAGEN,2013,2.5,Petrol,Tiptronic,49710,Sedan,15053,Passat
10687,HONDA,2013,1.3,Petrol,Automatic,55196,Hatchback,15988,FIT
10688,BMW,2003,2.0,Petrol,Tiptronic,83264,Sedan,12544,320
10689,SSANGYONG,2013,2.0,Diesel,Automatic,29762,Jeep,44134,REXTON
10690,VOLKSWAGEN,2013,2.5,Petrol,Tiptronic,65741,Sedan,17562,Jetta
10691,OPEL,2000,2.0,Petrol,Manual,994,Coupe,5959,Astra
10692,TOYOTA,2012,2.5,Petrol,Tiptronic,7456,Sedan,21012,Camry sport
10693,CHEVROLET,2014,1.4,Plug-in Hybrid,Automatic,57788,Sedan,26030,Volt
10694,AUDI,2014,3.0,Petrol,Automatic,87307,Hatchback,3058,A7
10695,AUDI,2014,3.0,Diesel,Automatic,41421,Sedan,11760,Q5
10696,TOYOTA,2015,2.5,Petrol,Automatic,55790,Jeep,28225,RAV 4
10697,MERCEDES-BENZ,1996,2.0,Petrol,Manual,93206,Sedan,7527,C 200
10698,HONDA,2012,1.5,Hybrid,Automatic,63380,Hatchback,10000,Insight
10699,NISSAN,2000,3.3,CNG,Automatic,93206,Jeep,9408,X-Terra
10700,NISSAN,2007,1.5,Petrol,Automatic,88235,Hatchback,7997,Note
10701,HYUNDAI,2014,1.6,Petrol,Automatic,53438,Sedan,27654,Elantra
10702,CHEVROLET,2018,1.4,Petrol,Automatic,59166,Sedan,1568,Cruze
10703,MAZDA,2016,2.0,Petrol,Automatic,77774,Sedan,4861,1300
10704,FIAT,2011,1.4,Petrol,Manual,94975,Coupe,11604,500
10705,TOYOTA,2012,1.5,Petrol,Automatic,25861,Hatchback,30906,Aqua
10706,TOYOTA,2012,2.2,Diesel,Manual,177091,Jeep,21012,RAV 4
10707,CHEVROLET,2009,1.4,Petrol,Manual,61826,Hatchback,9722,Aveo
10708,MERCEDES-BENZ,2009,2.2,Diesel,Automatic,123031,Sedan,29166,E 220
10709,HYUNDAI,2014,2.5,Diesel,Automatic,86933,Minivan,36968,H1
10710,TOYOTA,2013,3.5,Petrol,Automatic,133272,Jeep,6586,Highlander
10711,HONDA,2011,1.3,Hybrid,Variator,96313,Sedan,16935,Insight
10712,LEXUS,2011,3.5,Petrol,Tiptronic,89477,Cabriolet,34497,IS 350 C
10713,CHEVROLET,2015,1.6,Diesel,Automatic,86085,Jeep,21395,Orlando
10714,CHEVROLET,2007,2.0,Diesel,Automatic,44300,Jeep,7213,Captiva
10715,MERCEDES-BENZ,2006,2.0,Petrol,Variator,100041,Hatchback,13172,B 200 Turbo
10716,FORD,2018,1.6,Petrol,Automatic,7954,Hatchback,19130,Fiesta
10717,TOYOTA,2010,1.8,Hybrid,Automatic,161556,Sedan,9722,Prius
10718,CHEVROLET,2013,2.0,Diesel,Automatic,114409,Sedan,13987,Cruze
10719,TOYOTA,2012,2.5,Petrol,Automatic,123280,Jeep,26657,RAV 4
10720,HYUNDAI,2011,2.0,LPG,Automatic,46918,Sedan,7840,Sonata
10721,MITSUBISHI,1997,3.5,Petrol,Tiptronic,74565,Jeep,11604,Pajero
10722,MERCEDES-BENZ,1999,2.0,Petrol,Manual,157828,Sedan,6115,CLK 200 kompresor
10723,TOYOTA,2019,1.8,Petrol,Automatic,3748,Sedan,9565,Corolla
10724,HYUNDAI,2016,2.0,Hybrid,Automatic,156441,Sedan,19914,Sonata
10725,HONDA,2004,1.7,LPG,Variator,93206,Hatchback,8467,Civic
10726,TOYOTA,2018,2.5,Hybrid,Automatic,21784,Sedan,18817,Camry
10727,RENAULT,2001,1.4,Petrol,Manual,131731,Sedan,3600,Megane 5
10728,HYUNDAI,2014,2.2,Diesel,Automatic,117240,Jeep,41917,Santa FE
10729,TOYOTA,2012,2.5,Hybrid,Automatic,105385,Sedan,22894,Camry XLE
10730,NISSAN,2003,2.0,LPG,Automatic,78134,Minivan,10036,Serena
10731,FORD,1998,1.8,Diesel,Manual,76835,Goods wagon,4500,Mondeo
10732,HYUNDAI,2011,2.0,Petrol,Automatic,83264,Coupe,21442,Genesis
10733,KIA,2014,2.0,Petrol,Automatic,53438,Sedan,31361,Optima
10734,MERCEDES-BENZ,2011,3.5,Diesel,Automatic,82412,Sedan,1725,E 350
10735,TOYOTA,2014,2.5,Hybrid,Tiptronic,52817,Sedan,26657,Camry
10736,SSANGYONG,2013,2.0,Diesel,Automatic,71893,Jeep,24029,Korando
10737,MERCEDES-BENZ,2010,3.0,Petrol,Tiptronic,6835,Sedan,17876,C 300 sport
10738,HYUNDAI,2015,2.0,Diesel,Automatic,93206,Jeep,37564,Santa FE
10739,MERCEDES-BENZ,2013,1.8,Petrol,Tiptronic,74565,Sedan,30734,C 250
10740,TOYOTA,2010,2.5,Petrol,Tiptronic,139187,Sedan,16778,Camry
10741,DAEWOO,2010,1.8,Petrol,Automatic,113213,Sedan,8355,Lacetti
10742,HONDA,2005,2.0,LPG,Automatic,100662,Minivan,11290,Step Wagon
10743,FORD,2013,2.0,Hybrid,Automatic,199183,Sedan,3763,Fusion
10744,KIA,2013,2.0,Petrol,Automatic,34877,Sedan,8154,Optima
10745,MERCEDES-BENZ,2001,2.0,Petrol,Manual,130488,Sedan,9377,C 200
10746,MERCEDES-BENZ,1998,3.2,CNG,Tiptronic,121874,Jeep,7683,ML 320
10747,HYUNDAI,2014,2.0,Diesel,Automatic,24206,Jeep,21169,Tucson
10748,HYUNDAI,2014,2.0,LPG,Automatic,219374,Sedan,10036,Sonata
10749,MERCEDES-BENZ,2001,3.2,Petrol,Tiptronic,135459,Sedan,9722,E 320
10750,HYUNDAI,2014,2.4,Hybrid,Automatic,153997,Sedan,1882,Sonata
10751,TOYOTA,2015,3.5,Petrol,Automatic,147376,Sedan,3293,Avalon
10752,TOYOTA,2008,1.5,Petrol,Automatic,88483,Sedan,14113,Prius
10753,HONDA,2016,1.5,Petrol,Automatic,15807,Sedan,60897,Civic
10754,TOYOTA,2012,1.8,Hybrid,Variator,37282,Sedan,18817,Prius
10755,HYUNDAI,2014,2.0,Diesel,Automatic,119195,Jeep,23129,Tucson
10756,HYUNDAI,2016,2.0,LPG,Automatic,23549,Sedan,14279,Sonata
10757,HYUNDAI,2011,1.6,Petrol,Automatic,79225,Sedan,14454,Elantra
10758,NISSAN,2005,4.0,Petrol,Tiptronic,169013,Jeep,17249,Pathfinder
10759,MERCEDES-BENZ,2006,3.0,Petrol,Tiptronic,83885,Sedan,15053,C 280
10760,VOLKSWAGEN,2000,2.0,Petrol,Automatic,80530,Sedan,5645,Jetta
10761,CHEVROLET,2012,1.4,Plug-in Hybrid,Automatic,86992,Sedan,22580,Volt
10762,HYUNDAI,2016,2.0,LPG,Automatic,23549,Sedan,14279,Sonata
10763,CHEVROLET,2017,1.6,Petrol,Automatic,29518,Sedan,29489,Aveo
10764,HONDA,2017,2.0,Petrol,Automatic,10161,Coupe,57507,Civic
10765,SSANGYONG,2014,2.0,Diesel,Automatic,83492,Jeep,25512,Korando
10766,CHEVROLET,2012,1.4,Petrol,Tiptronic,62311,Sedan,14113,Cruze
10767,KIA,2017,1.6,Hybrid,Automatic,40389,Jeep,37633,Niro
10768,MERCEDES-BENZ,2008,2.2,Diesel,Tiptronic,186411,Microbus,48610,Sprinter
10769,TOYOTA,2013,2.5,Hybrid,Automatic,199397,Sedan,22894,Avalon
10770,OPEL,1999,1.8,Petrol,Manual,149129,Minivan,8154,Zafira
10771,MAZDA,2005,1.3,Petrol,Automatic,105012,Sedan,5645,Demio
10772,TOYOTA,2006,4.0,CNG,Automatic,96313,Jeep,25000,4Runner
10773,TOYOTA,2008,1.5,Hybrid,Automatic,93206,Hatchback,13799,Prius
10774,TOYOTA,2010,1.8,Hybrid,Automatic,96391,Hatchback,11604,Prius
10775,BUICK,2019,3.6,Petrol,Automatic,15973,Sedan,10192,Enclave
10776,VOLKSWAGEN,2013,2.0,Petrol,Automatic,45981,Jeep,30420,Tiguan
10777,HYUNDAI,2010,2.0,Petrol,Automatic,118845,Coupe,16756,Genesis
10778,LEXUS,2012,1.8,Hybrid,Automatic,90720,Hatchback,11290,CT 200h
10779,LEXUS,2012,1.8,Hybrid,Tiptronic,84627,Hatchback,12231,CT 200h
10780,AUDI,2003,2.0,Diesel,Manual,161556,Coupe,9722,A4
10781,TOYOTA,2010,1.8,LPG,Tiptronic,161556,Hatchback,15053,Prius
10782,TOYOTA,2018,2.5,Hybrid,Automatic,79234,Sedan,9722,Camry
10783,MERCEDES-BENZ,2000,3.2,LPG,Tiptronic,102837,Jeep,14740,ML 320
10784,DAEWOO,2010,0.8,Petrol,Manual,80033,Hatchback,6586,Matiz
10785,HYUNDAI,2011,1.8,Petrol,Automatic,46541,Sedan,17249,Elantra
10786,HYUNDAI,2012,2.4,Petrol,Tiptronic,88235,Sedan,13799,Sonata
10787,TOYOTA,2015,1.8,Petrol,Automatic,61194,Hatchback,19130,Prius
10788,TOYOTA,2014,1.5,Petrol,Automatic,34797,Hatchback,28225,Aqua
10789,HYUNDAI,2008,3.3,Petrol,Automatic,87054,Sedan,11613,Genesis
10790,MERCEDES-BENZ,2003,3.2,Diesel,Tiptronic,186411,Sedan,15681,E 320
10791,KIA,2016,1.6,Petrol,Tiptronic,32933,Sedan,18500,RIO
10792,HONDA,2004,2.4,Petrol,Automatic,108740,Jeep,16621,Cr-v
10793,TOYOTA,2014,2.5,Hybrid,Automatic,111462,Sedan,11133,Camry
10794,OPEL,1998,1.6,Petrol,Manual,144336,Sedan,6899,Vectra
10795,FIAT,2013,1.4,Petrol,Automatic,38308,Sedan,4077,500
10796,FIAT,2013,1.4,Petrol,Tiptronic,59030,Sedan,10036,500
10797,MITSUBISHI,1996,3.5,CNG,Automatic,115575,Jeep,14113,Pajero
10798,BMW,2014,2.0,Petrol,Automatic,6214,Sedan,42337,528
10799,LEXUS,2013,1.8,Hybrid,Automatic,41632,Hatchback,27911,CT 200h
10800,CHEVROLET,2014,2.0,Diesel,Automatic,102526,Jeep,27770,Captiva
10801,HYUNDAI,2010,2.0,Petrol,Automatic,79130,Sedan,14959,Sonata
10802,SUBARU,2010,2.5,Petrol,Automatic,171001,Jeep,14426,Forester
10803,MERCEDES-BENZ,2007,2.2,Diesel,Automatic,16156,Minivan,27284,Vito
10804,HYUNDAI,2016,2.0,Diesel,Automatic,55498,Jeep,56513,Santa FE
10805,MERCEDES-BENZ,2011,3.5,Diesel,Automatic,140586,Coupe,1568,E 350
10806,TOYOTA,2010,1.8,Hybrid,Variator,99419,Sedan,18503,Prius
10807,HONDA,2013,1.3,Hybrid,Automatic,78293,Coupe,19817,Insight
10808,MERCEDES-BENZ,2010,3.5,Petrol,Tiptronic,52817,Sedan,31047,E 350
10809,TOYOTA,2018,2.0,Petrol,Tiptronic,15534,Jeep,47669,CHR
10810,SSANGYONG,2011,2.0,Diesel,Automatic,62733,Jeep,28212,REXTON
10811,TOYOTA,2012,1.5,Petrol,Automatic,42253,Hatchback,19306,Aqua
10812,HYUNDAI,2013,1.6,Diesel,Tiptronic,75807,Hatchback,19444,Elantra i30
10813,HYUNDAI,2016,1.7,Diesel,Automatic,60036,Jeep,38894,Tucson
10814,NISSAN,2003,1.8,Petrol,Manual,125517,Minivan,7213,Vanette
10815,TOYOTA,2014,2.5,Hybrid,Automatic,111462,Sedan,11133,Camry
10816,HYUNDAI,2011,1.6,Petrol,Automatic,96250,Sedan,18240,Elantra
10817,HYUNDAI,2017,1.6,Petrol,Automatic,15929,Sedan,1019,Elantra
10818,DAEWOO,2010,1.6,Diesel,Automatic,136591,Sedan,7806,Lacetti
10819,TOYOTA,2014,1.5,Petrol,Automatic,23712,Hatchback,42171,Aqua
10820,KIA,2015,1.6,Diesel,Automatic,25180,Sedan,16151,Cerato
10821,CHEVROLET,2013,2.4,Petrol,Automatic,140575,Sedan,13877,Malibu
10822,HYUNDAI,2016,1.6,LPG,Automatic,18835,Sedan,18503,Elantra
10823,MERCEDES-BENZ,2010,3.5,Diesel,Automatic,117768,Sedan,12388,E 350
10824,AUDI,2012,2.0,Petrol,Automatic,110301,Sedan,2901,A4
10825,KIA,2016,2.0,Petrol,Automatic,27103,Sedan,16004,Optima
10826,BMW,2009,3.0,Petrol,Tiptronic,105633,Jeep,45473,X6
10827,BMW,2004,2.5,Petrol,Tiptronic,101905,Jeep,13485,X3
10828,FORD,2017,1.6,Petrol,Automatic,32311,Hatchback,17249,Fiesta
10829,TOYOTA,2012,1.8,Petrol,Automatic,130488,Hatchback,20385,Prius Plug IN
10830,VOLKSWAGEN,2017,1.8,Petrol,Automatic,30186,Sedan,1725,Passat
10831,TOYOTA,2011,3.5,Petrol,Automatic,228704,Jeep,22580,Highlander
10832,HYUNDAI,2014,2.0,Diesel,Automatic,49825,Jeep,39389,Santa FE
10833,CHEVROLET,2011,3.6,Petrol,Automatic,103345,Coupe,1019,Camaro
10834,HYUNDAI,2014,1.6,Petrol,Automatic,36236,Sedan,19946,Elantra
10835,MERCEDES-BENZ,2008,3.0,Diesel,Automatic,109121,Sedan,2430,E 350
10836,TOYOTA,2007,1.5,Petrol,Tiptronic,72576,Sedan,9722,Ractis
10837,NISSAN,2003,3.5,Petrol,Automatic,105633,Minivan,12000,Quest
10838,HYUNDAI,2016,2.0,Diesel,Automatic,84918,Jeep,52991,Santa FE
10839,CHEVROLET,2012,1.4,Hybrid,Automatic,78553,Hatchback,3293,Volt
10840,HONDA,2011,1.3,Hybrid,Tiptronic,93827,Hatchback,9408,FIT Premiym
10841,TOYOTA,2002,1.5,Petrol,Automatic,72700,Hatchback,8781,Ist
10842,TOYOTA,2015,2.5,Petrol,Automatic,45981,Sedan,34497,RAV 4
10843,HYUNDAI,2015,2.0,LPG,Automatic,167753,Sedan,15053,Sonata
10844,CHEVROLET,2011,1.6,Petrol,Automatic,104251,Sedan,12777,Cruze
10845,SSANGYONG,2013,2.0,Diesel,Automatic,112963,Jeep,27065,REXTON
10846,TOYOTA,2011,1.8,Hybrid,Automatic,202769,Hatchback,3920,Prius
10847,FORD,2016,2.0,Petrol,Tiptronic,45981,Hatchback,18817,Focus
10848,MERCEDES-BENZ,1998,1.8,Petrol,Automatic,86992,Sedan,10976,C 180
10849,KIA,2010,2.2,Diesel,Automatic,45981,Jeep,16308,Sorento
10850,VOLKSWAGEN,2010,2.5,Petrol,Tiptronic,81027,Sedan,14426,Jetta
10851,SUZUKI,2006,1.5,Petrol,Automatic,80778,Sedan,9722,Swift
10852,HYUNDAI,2010,1.6,Petrol,Automatic,35765,Sedan,16308,Elantra
10853,CHEVROLET,2014,2.0,Diesel,Automatic,47965,Sedan,15577,Cruze
10854,CHEVROLET,2019,1.4,Petrol,Automatic,12452,Sedan,3293,Cruze
10855,HYUNDAI,2013,2.4,Hybrid,Automatic,59754,Sedan,13485,Sonata
10856,LEXUS,2013,3.5,Petrol,Tiptronic,58409,Sedan,47042,GS 350
10857,HONDA,2012,1.3,Hybrid,Variator,72079,Universal,8154,FIT
10858,BMW,2018,2.0,Hybrid,Automatic,28288,Sedan,24462,530
10859,HYUNDAI,2014,2.2,Diesel,Automatic,50331,Jeep,39891,Santa FE
10860,TOYOTA,2014,2.5,Hybrid,Automatic,111462,Sedan,11133,Camry
10861,JEEP,2007,3.7,CNG,Tiptronic,129245,Jeep,18189,Grand Cherokee
10862,MERCEDES-BENZ,2011,3.5,Diesel,Automatic,74179,Sedan,16621,E 350
10863,TOYOTA,2013,4.0,Petrol,Automatic,35762,Sedan,19130,Tacoma
10864,SSANGYONG,2011,2.7,Diesel,Automatic,206343,Jeep,11760,REXTON
10865,TOYOTA,2018,2.5,Hybrid,Automatic,21784,Sedan,18817,Camry
10866,HYUNDAI,2017,2.0,Diesel,Automatic,70336,Jeep,52665,Santa FE
10867,LEXUS,2010,4.6,Petrol,Automatic,162036,Jeep,46728,GX 460
10868,HYUNDAI,2015,2.4,Petrol,Automatic,42706,Sedan,17249,Sonata
10869,HYUNDAI,2013,1.6,Petrol,Automatic,55112,Sedan,18826,Elantra
10870,SSANGYONG,2010,2.7,Diesel,Automatic,70665,Jeep,24123,REXTON
10871,HONDA,2000,1.6,Petrol,Variator,112468,Jeep,9095,Hr-v
10872,BMW,2013,3.0,Diesel,Automatic,85626,Jeep,1019,X5
10873,HYUNDAI,2011,2.5,Diesel,Automatic,26858,Jeep,12083,H1
10874,NISSAN,2014,1.8,Petrol,Automatic,50696,Sedan,1960,Sentra
10875,FORD,2008,2.3,Hybrid,Automatic,96934,Jeep,12544,Escape
10876,HYUNDAI,2013,1.8,Petrol,Automatic,110349,Sedan,1960,Elantra
10877,TOYOTA,2017,2.5,Petrol,Automatic,35352,Jeep,14897,RAV 4
10878,HYUNDAI,2014,2.0,Petrol,Automatic,64675,Sedan,3136,Elantra
10879,HYUNDAI,2016,2.0,LPG,Automatic,55240,Sedan,23433,Sonata
10880,HYUNDAI,2014,2.5,Diesel,Automatic,48374,Minivan,37799,H1
10881,TOYOTA,2008,1.5,Hybrid,Automatic,85128,Hatchback,13799,Prius
10882,HYUNDAI,2016,2.5,Diesel,Automatic,47987,Minivan,35570,H1
10883,HYUNDAI,2015,2.5,Diesel,Automatic,56333,Universal,35344,H1
10884,OPEL,1999,1.8,Petrol,Manual,621,Sedan,4500,Vectra b
10885,FORD,2009,2.5,Hybrid,Automatic,114332,Jeep,10976,Escape
10886,TOYOTA,2015,2.5,Hybrid,Automatic,101283,Sedan,31361,Camry
10887,HYUNDAI,2016,1.7,Diesel,Automatic,66209,Jeep,34836,Tucson
10888,BMW,2011,3.0,Diesel,Tiptronic,127827,Jeep,31675,X5 DIESEL
10889,HYUNDAI,2014,2.0,Diesel,Automatic,75106,Jeep,40983,Santa FE
10890,KIA,2013,2.4,Hybrid,Automatic,62137,Sedan,5645,Optima
10891,TOYOTA,2017,3.5,Petrol,Automatic,46603,Minivan,50178,Sienna
10892,CITROEN,2011,1.6,Petrol,Automatic,79535,Hatchback,19757,DS 4
10893,HONDA,2013,1.5,Petrol,Automatic,70215,Hatchback,12027,FIT
10894,AUDI,2017,3.0,Petrol,Automatic,27739,Sedan,13328,Q7
10895,CHEVROLET,2012,1.4,Petrol,Tiptronic,37966,Sedan,15367,Cruze
10896,FORD,2011,2.0,Petrol,Automatic,80778,Hatchback,14021,Focus
10897,PORSCHE,2004,4.5,Petrol,Automatic,195999,Jeep,14500,Cayenne S
10898,JEEP,2019,2.4,Petrol,Automatic,15413,Sedan,1019,Cherokee
10899,TOYOTA,2016,2.5,Petrol,Automatic,37703,Jeep,9565,RAV 4
10900,SSANGYONG,2011,2.0,Diesel,Automatic,85749,Jeep,27889,REXTON
10901,MERCEDES-BENZ,2014,3.5,Petrol,Automatic,58634,Jeep,3763,ML 350
10902,TOYOTA,2013,2.4,Petrol,Automatic,47959,Sedan,21012,Camry
10903,HYUNDAI,2015,2.0,LPG,Automatic,192112,Sedan,15053,Sonata
10904,HONDA,2015,1.5,Hybrid,Automatic,61477,Hatchback,12548,FIT
10905,CHEVROLET,2016,1.6,Diesel,Automatic,73549,Jeep,27162,Orlando
10906,VOLKSWAGEN,2013,2.5,Petrol,Automatic,85970,Sedan,1333,Passat
10907,VOLKSWAGEN,2013,1.0,Petrol,Tiptronic,8886,Hatchback,6500,UP
10908,HYUNDAI,2011,1.6,Petrol,Automatic,79627,Sedan,17484,Elantra
10909,HYUNDAI,2011,2.0,Diesel,Automatic,106876,Jeep,17923,Santa FE
10910,HYUNDAI,2016,1.6,LPG,Automatic,18835,Sedan,18503,Elantra
10911,TOYOTA,2014,2.5,Hybrid,Automatic,89477,Sedan,31361,Avalon
10912,BMW,2014,2.0,Petrol,Tiptronic,89477,Sedan,42337,528
10913,DAEWOO,2009,1.6,Petrol,Automatic,52703,Sedan,5802,Lacetti
10914,TOYOTA,2018,1.8,Petrol,Tiptronic,8070,Jeep,28000,CHR
10915,HYUNDAI,2012,2.4,Hybrid,Automatic,172501,Sedan,2587,Sonata
10916,TOYOTA,2007,2.5,Diesel,Manual,131731,Jeep,45473,Hilux
10917,HYUNDAI,2011,2.0,Diesel,Automatic,120467,Jeep,21975,Tucson
10918,TOYOTA,2014,2.5,Petrol,Automatic,33352,Sedan,2274,Camry
10919,SUBARU,2014,2.5,Petrol,Automatic,34175,Jeep,24148,Forester
10920,MERCEDES-BENZ,2000,2.2,Diesel,Automatic,192004,Sedan,8781,C 220
10921,MITSUBISHI,2011,2.0,Petrol,Automatic,59030,Jeep,20385,Outlander Sport
10922,MERCEDES-BENZ,2014,3.5,Diesel,Automatic,82238,Sedan,31047,E 350
10923,JAGUAR,2018,2.0,Petrol,Automatic,6700,Jeep,6743,E-pace
10924,HYUNDAI,2015,1.8,Petrol,Automatic,35418,Sedan,19757,Elantra
10925,BMW,2017,2.0,Diesel,Automatic,30185,Sedan,28000,520 d xDrive Luxury
10926,HYUNDAI,2011,2.4,Hybrid,Automatic,125913,Sedan,1490,Sonata
10927,HYUNDAI,2016,2.0,LPG,Automatic,163971,Sedan,15681,Sonata
10928,HYUNDAI,2017,2.0,Petrol,Automatic,20567,Sedan,29166,Elantra
10929,TOYOTA,2013,1.5,Petrol,Automatic,53601,Hatchback,15530,Aqua
10930,HYUNDAI,2017,1.6,LPG,Automatic,74565,Sedan,20698,Elantra
10931,HYUNDAI,2014,1.8,Petrol,Automatic,51574,Sedan,15053,Elantra
10932,FORD,2015,2.5,Petrol,Automatic,108367,Sedan,21639,Fusion
10933,FORD,2015,2.3,Petrol,Tiptronic,49710,Coupe,39201,Mustang
10934,HONDA,2013,1.3,Hybrid,Automatic,62758,Hatchback,10036,FIT
10935,TOYOTA,2013,1.8,Hybrid,Automatic,65244,Sedan,20385,Prius
10936,HYUNDAI,2018,1.7,Diesel,Automatic,10626,Jeep,53188,Tucson
10937,BMW,2014,3.0,Petrol,Automatic,105633,Sedan,26657,535
10938,CHEVROLET,2015,1.4,Petrol,Tiptronic,47721,Sedan,10976,Cruze
10939,BMW,2012,3.0,Diesel,Automatic,170317,Jeep,7213,X5
10940,BMW,2008,3.0,Petrol,Tiptronic,99419,Jeep,25716,X5
10941,KIA,2016,1.7,Diesel,Automatic,18998,Sedan,31204,Optima
10942,FORD,2001,2.0,Diesel,Manual,142915,Microbus,10976,Transit
10943,TOYOTA,2014,1.5,Hybrid,Variator,83761,Hatchback,10349,Aqua
10944,OPEL,2007,1.7,Diesel,Manual,161556,Goods wagon,13485,Astra H
10945,OPEL,1999,1.6,CNG,Manual,111847,Hatchback,6899,Astra
10946,VOLKSWAGEN,2011,2.5,Petrol,Tiptronic,117315,Sedan,15053,Jetta
10947,LEXUS,2010,3.5,Hybrid,Automatic,103907,Jeep,5018,RX 450
10948,CHEVROLET,2010,1.8,Petrol,Automatic,91589,Sedan,11992,Lacetti
10949,MERCEDES-BENZ,2010,3.5,Diesel,Automatic,117768,Sedan,12388,E 350
10950,MAZDA,2013,2.5,Petrol,Tiptronic,83885,Sedan,22580,Mazda 6 Grand Touring
10951,MERCEDES-BENZ,1999,2.8,Petrol,Automatic,154468,Universal,7213,C 280
10952,MERCEDES-BENZ,2002,1.9,Petrol,Automatic,76429,Hatchback,5331,A 190
10953,TOYOTA,2009,1.8,Hybrid,Automatic,103905,Hatchback,13485,Prius
10954,BMW,2009,3.0,Petrol,Tiptronic,106254,Sedan,21326,328
10955,HYUNDAI,2013,2.4,Petrol,Automatic,64969,Sedan,4077,Sonata
10956,MERCEDES-BENZ,2017,2.0,Petrol,Automatic,31667,Sedan,56136,E 300
10957,HONDA,2011,1.5,Petrol,Variator,24440,Hatchback,9408,FIT
10958,KIA,2012,2.0,Petrol,Tiptronic,41632,Sedan,19444,Optima
10959,HYUNDAI,2014,2.5,Diesel,Automatic,114165,Minivan,26528,H1
10960,HONDA,2013,1.3,Hybrid,Automatic,90099,Hatchback,12858,FIT
10961,BMW,2012,3.0,Petrol,Tiptronic,87052,Sedan,23521,730
10962,LEXUS,2014,4.6,Petrol,Automatic,90856,Jeep,17562,GX 470
10963,TOYOTA,2015,2.5,Petrol,Automatic,66480,Sedan,2195,Camry
10964,BMW,2006,1.9,Diesel,Manual,84506,Hatchback,10976,M3
10965,LEXUS,2011,3.5,Petrol,Automatic,160976,Sedan,8154,IS 350
10966,MERCEDES-BENZ,2009,3.5,Diesel,Automatic,67816,Sedan,5018,E 350
10967,HYUNDAI,2017,2.0,Diesel,Automatic,83144,Jeep,39226,Tucson
10968,HYUNDAI,2014,2.0,Diesel,Automatic,108818,Jeep,33908,Santa FE
10969,LEXUS,2010,4.6,Petrol,Automatic,171026,Jeep,15681,GX 460
10970,TOYOTA,2009,1.8,Hybrid,Automatic,86335,Sedan,12231,Prius
10971,VOLKSWAGEN,2013,2.5,Petrol,Tiptronic,64001,Sedan,13172,Golf
10972,HYUNDAI,2016,2.0,Diesel,Automatic,70580,Jeep,42052,Santa FE
10973,CHEVROLET,2011,1.4,Petrol,Automatic,81524,Sedan,10976,Cruze
10974,HYUNDAI,2010,2.0,Diesel,Automatic,104087,Jeep,22063,Tucson
10975,HYUNDAI,2013,2.0,Diesel,Automatic,49542,Jeep,33214,Santa FE
10976,TOYOTA,2012,2.5,Hybrid,Automatic,166952,Sedan,3136,Camry
10977,NISSAN,2018,2.5,Petrol,Automatic,91930,Sedan,5175,Altima
10978,NISSAN,2015,1.6,Petrol,Automatic,64311,Jeep,2822,Juke
10979,OPEL,1998,1.6,Petrol,Manual,153479,Goods wagon,5331,Vectra 1.6
10980,BMW,2013,2.0,Petrol,Automatic,44124,Sedan,23700,528
10981,HYUNDAI,2015,1.8,Petrol,Automatic,65230,Sedan,17249,Elantra
10982,TOYOTA,2015,1.5,Hybrid,Automatic,30796,Hatchback,2038,Prius
10983,CHEVROLET,2015,1.4,Petrol,Automatic,55923,Jeep,13015,Trax
10984,MAZDA,2009,1.6,Diesel,Manual,100041,Coupe,13485,Mazda 2
10985,INFINITI,2003,3.5,Petrol,Tiptronic,86992,Jeep,15053,FX35
10986,JEEP,2010,2.4,Petrol,Automatic,72079,Jeep,18760,Compass
10987,MERCEDES-BENZ,2008,3.0,Petrol,Automatic,68351,Sedan,21639,C 300
10988,MERCEDES-BENZ,2002,2.2,Diesel,Tiptronic,173984,Minivan,13485,Vito
10989,FORD,2017,2.3,Petrol,Automatic,38309,Sedan,6743,Mustang
10990,HYUNDAI,2012,1.8,Petrol,Tiptronic,29826,Sedan,18189,Elantra limited
10991,AUDI,2010,3.2,Petrol,Tiptronic,173984,Jeep,23834,Q5
10992,HONDA,2015,1.8,Petrol,Automatic,39935,Jeep,24618,Hr-v EXL
10993,BMW,2015,3.0,Diesel,Automatic,122170,Jeep,3293,X5
10994,MERCEDES-BENZ,2011,4.6,Petrol,Automatic,54681,Jeep,37633,GL 450
10995,MERCEDES-BENZ,2017,2.0,Petrol,Automatic,27637,Jeep,2509,GLA 250
10996,HONDA,2011,1.8,Petrol,Automatic,65865,Sedan,6899,Civic
10997,HYUNDAI,2015,2.0,Diesel,Automatic,89023,Jeep,34980,Santa FE
10998,DODGE,2010,2.4,Petrol,Manual,90472,Hatchback,8467,Caliber
10999,TOYOTA,2015,1.8,Hybrid,Automatic,41678,Hatchback,8781,Prius
11000,KIA,2018,2.0,Hybrid,Tiptronic,11185,Sedan,40456,Optima
11001,MERCEDES-BENZ,2011,3.5,Diesel,Automatic,143348,Sedan,14583,E 350
11002,HYUNDAI,2017,3.3,Petrol,Automatic,54652,Jeep,2901,Santa FE
11003,FORD,2011,2.5,Hybrid,Automatic,104991,Jeep,2274,Escape
11004,HYUNDAI,2016,1.7,Diesel,Automatic,53438,Jeep,44545,Tucson
11005,AUDI,2013,2.0,Petrol,Automatic,97918,Sedan,21012,A4
11006,TOYOTA,2013,1.8,Hybrid,Variator,88421,Hatchback,22266,Prius
11007,HYUNDAI,2017,2.0,Diesel,Automatic,39415,Jeep,45210,Tucson
11008,BMW,2012,2.0,Petrol,Tiptronic,69594,Sedan,32302,328
11009,JEEP,2014,2.4,Petrol,Automatic,78682,Jeep,29075,Compass
11010,KIA,2017,1.2,Petrol,Manual,48467,Sedan,12701,Picanto
11011,HYUNDAI,2013,1.8,Petrol,Automatic,97136,Sedan,3607,Elantra
11012,HONDA,2017,1.5,Petrol,Automatic,908,Hatchback,40889,Civic
11013,MERCEDES-BENZ,2009,3.2,Diesel,Tiptronic,97555,Jeep,30734,ML 320
11014,LEXUS,2008,3.3,Hybrid,Automatic,139578,Jeep,8154,RX 400
11015,MERCEDES-BENZ,2014,3.0,Diesel,Automatic,111259,Jeep,9879,ML 350
11016,HONDA,2012,1.5,Hybrid,Tiptronic,47224,Hatchback,11604,FIT
11017,FORD,1997,2.5,Diesel,Manual,124274,Microbus,8781,Transit
11018,TOYOTA,2018,1.5,Petrol,Automatic,9053,Hatchback,48566,Aqua
11019,HYUNDAI,2015,1.6,Petrol,Tiptronic,72576,Hatchback,19444,Veloster
11020,SSANGYONG,2011,2.0,Diesel,Automatic,137521,Jeep,20171,REXTON
11021,TOYOTA,2013,2.5,Hybrid,Automatic,77008,Sedan,20385,Camry XLE
11022,TOYOTA,2009,1.8,Hybrid,Tiptronic,124274,Hatchback,13799,Prius
11023,NISSAN,2013,1.6,Petrol,Automatic,80236,Jeep,2430,Juke
11024,TOYOTA,2015,2.5,Petrol,Automatic,69554,Sedan,2509,Camry
11025,TOYOTA,2008,1.5,Hybrid,Automatic,57788,Hatchback,13172,Prius
11026,TOYOTA,2012,2.5,Petrol,Automatic,76768,Sedan,21953,Camry
11027,NISSAN,2014,1.6,Petrol,Tiptronic,47846,Jeep,24148,Juke
11028,VOLKSWAGEN,2000,2.0,Petrol,Automatic,152236,Universal,4500,Golf
11029,HONDA,2011,1.3,Hybrid,Automatic,86992,Hatchback,14113,Insight
11030,VOLKSWAGEN,2014,1.8,Petrol,Automatic,37282,Sedan,14897,Jetta se
11031,VOLKSWAGEN,2013,2.0,Diesel,Manual,129101,Sedan,17249,Jetta
11032,HYUNDAI,2011,2.0,Petrol,Automatic,94279,Sedan,19416,Sonata
11033,MINI,2014,1.6,Petrol,Manual,54681,Universal,21012,Cooper
11034,FORD,2013,2.0,Petrol,Automatic,111350,Hatchback,7527,Focus
11035,TOYOTA,2010,1.8,Hybrid,Tiptronic,124274,Hatchback,17405,Prius
11036,HONDA,2012,1.5,Petrol,Automatic,103867,Sedan,2352,FIT
11037,SSANGYONG,2010,2.0,Diesel,Automatic,42560,Jeep,22947,Actyon
11038,TOYOTA,2012,1.5,Hybrid,Automatic,83885,Hatchback,9722,Aqua
11039,HYUNDAI,2014,1.8,Petrol,Tiptronic,38263,Sedan,17876,Elantra
11040,TOYOTA,2013,1.8,Petrol,Automatic,92584,Sedan,10349,Prius
11041,LEXUS,2010,3.5,Hybrid,Automatic,115578,Jeep,13328,RX 450
11042,FORD,2015,3.7,Petrol,Tiptronic,39146,Cabriolet,53000,Mustang
11043,JAGUAR,2008,4.2,Petrol,Tiptronic,621,Sedan,13000,XF
11044,HYUNDAI,2011,1.6,Petrol,Automatic,47511,Sedan,19707,Elantra
11045,HONDA,2006,2.4,LPG,Automatic,62137,Minivan,13485,Elysion
11046,HYUNDAI,2014,2.0,LPG,Automatic,215286,Sedan,11604,Sonata
11047,MERCEDES-BENZ,2011,3.0,Diesel,Automatic,169750,Sedan,7997,E 350
11048,DODGE,2011,2.4,Petrol,Automatic,108440,Sedan,2901,Avenger
11049,HYUNDAI,2016,2.0,Diesel,Automatic,28059,Jeep,37580,Santa FE
11050,MERCEDES-BENZ,2001,2.2,Diesel,Manual,183304,Sedan,8781,E 220
11051,MERCEDES-BENZ,2004,2.2,Diesel,Automatic,198882,Minivan,20385,220
11052,NISSAN,2015,1.6,Petrol,Automatic,64224,Jeep,3607,Juke
11053,SUBARU,2002,2.0,LPG,Tiptronic,119303,Universal,10349,Forester
11054,HYUNDAI,2007,1.6,Diesel,Automatic,30202,Sedan,5959,Elantra
11055,NISSAN,2004,2.0,CNG,Automatic,77671,Jeep,10349,X-Trail
11056,HYUNDAI,2010,2.0,Petrol,Automatic,125235,Sedan,16411,Sonata
11057,TOYOTA,2012,1.5,Hybrid,Automatic,83264,Hatchback,13485,Aqua sport
11058,HYUNDAI,2012,2.4,Hybrid,Automatic,129635,Sedan,4234,Sonata
11059,HONDA,2013,1.5,Hybrid,Automatic,57353,Hatchback,20341,FIT
11060,MERCEDES-BENZ,2014,3.5,Diesel,Automatic,136099,Sedan,29793,E 350
11061,TOYOTA,2019,1.8,Petrol,Automatic,33745,Sedan,3293,Corolla
11062,VOLKSWAGEN,2016,2.0,Petrol,Tiptronic,42882,Jeep,15053,Tiguan
11063,HYUNDAI,2012,2.4,Hybrid,Tiptronic,29204,Sedan,21953,Sonata
11064,NISSAN,2004,1.5,Diesel,Manual,102526,Hatchback,8781,Almera dci
11065,MERCEDES-BENZ,2005,3.5,Petrol,Automatic,69295,Sedan,16308,E 350
11066,HYUNDAI,2013,2.0,LPG,Automatic,13359,Sedan,7683,Sonata
11067,KIA,2017,1.6,Diesel,Automatic,17950,Sedan,17405,Cerato
11068,FORD,2013,1.6,Petrol,Tiptronic,80778,Sedan,17562,Fusion
11069,FORD,2014,2.0,Petrol,Automatic,99419,Hatchback,15681,Focus
11070,HYUNDAI,2017,1.6,Petrol,Tiptronic,6835,Jeep,45473,Tucson
11071,SSANGYONG,2016,1.6,Petrol,Automatic,52073,Jeep,42544,Actyon
11072,HYUNDAI,2013,2.4,Petrol,Automatic,69550,Sedan,4077,Sonata
11073,MITSUBISHI,2001,2.0,Petrol,Manual,15534,Jeep,9722,Pajero IO
11074,HYUNDAI,2010,2.0,Diesel,Automatic,104087,Jeep,22063,Tucson
11075,TOYOTA,2019,2.5,Hybrid,Automatic,18954,Sedan,23207,Camry
11076,SUBARU,2018,2.0,Petrol,Manual,26098,Hatchback,29166,Impreza Sport
11077,TOYOTA,2006,2.2,Diesel,Manual,123031,Jeep,18189,RAV 4
11078,TOYOTA,2013,2.5,Hybrid,Tiptronic,61839,Sedan,27284,Avalon
11079,HYUNDAI,2013,1.6,Petrol,Automatic,80778,Sedan,18679,Elantra
11080,SSANGYONG,2011,2.0,Diesel,Automatic,81170,Jeep,16894,Actyon
11081,FORD,2000,2.4,Diesel,Manual,621,Microbus,14113,Transit
11082,TOYOTA,2008,1.5,Hybrid,Variator,136205,Sedan,10976,Prius
11083,CHEVROLET,2017,2.0,Petrol,Automatic,45883,Coupe,12231,Camaro
11084,FIAT,2007,1.3,Diesel,Manual,93206,Coupe,9095,500
11085,DODGE,2013,3.6,Petrol,Manual,97053,Coupe,23521,Challenger
11086,HYUNDAI,2010,1.6,Petrol,Automatic,70750,Sedan,12849,Elantra
11087,TOYOTA,2019,3.5,Petrol,Automatic,10900,Sedan,31047,Tacoma
11088,KIA,2008,1.6,Diesel,Manual,48467,Goods wagon,11604,Ceed
11089,HYUNDAI,2012,1.8,Petrol,Automatic,117969,Sedan,19068,Elantra
11090,TOYOTA,2012,3.5,Hybrid,Automatic,127536,Jeep,29479,Highlander
11091,MERCEDES-BENZ,1996,1.8,Petrol,Manual,155343,Sedan,5331,C 180
11092,SSANGYONG,2013,2.0,Petrol,Automatic,55923,Jeep,26657,Korando
11093,DAEWOO,2010,1.6,Petrol,Automatic,86992,Sedan,8674,Lacetti
11094,VOLKSWAGEN,2014,2.0,Petrol,Automatic,36598,Jeep,1098,Tiguan
11095,TOYOTA,2013,1.8,Petrol,Automatic,86992,Hatchback,15681,Prius
11096,NISSAN,2006,1.3,Petrol,Manual,124274,Sedan,7213,Micra
11097,LEXUS,2008,3.5,Hybrid,Automatic,152069,Jeep,7997,RX 450
11098,MERCEDES-BENZ,2011,3.5,Petrol,Tiptronic,63380,Sedan,31361,E 350
11099,FORD,2001,2.4,Diesel,Manual,106379,Microbus,10976,Transit
11100,TOYOTA,2008,1.5,Petrol,Automatic,124405,Sedan,14426,Prius
11101,TOYOTA,2012,1.5,Petrol,Automatic,56545,Hatchback,19823,Aqua
11102,FORD,2012,2.0,Petrol,Automatic,126200,Goods wagon,12544,Transit Connect
11103,TOYOTA,2013,4.0,Petrol,Automatic,35762,Sedan,19130,Tacoma
11104,MERCEDES-BENZ,2012,2.2,Diesel,Manual,116196,Minivan,38574,Vito
11105,HYUNDAI,2016,2.0,LPG,Automatic,153379,Sedan,15681,Sonata
11106,OPEL,1997,2.0,CNG,Automatic,124274,Sedan,2666,Omega b
11107,PORSCHE,2013,3.0,Diesel,Automatic,87385,Jeep,5018,Cayenne
11108,TOYOTA,2013,2.5,Petrol,Tiptronic,60894,Sedan,22580,Camry
11109,BMW,2012,4.4,Petrol,Automatic,76815,Jeep,4861,X6
11110,MAZDA,2013,1.2,Petrol,Automatic,80157,Hatchback,8000,Demio
11111,NISSAN,2015,1.6,Petrol,Automatic,64311,Jeep,2822,Juke
11112,TOYOTA,2010,1.8,Hybrid,Automatic,99419,Hatchback,15053,Prius
11113,MITSUBISHI,2012,2.0,Petrol,Tiptronic,65865,Jeep,22580,Outlander
11114,HYUNDAI,2017,1.6,Petrol,Automatic,15929,Sedan,1019,Elantra
11115,TOYOTA,2013,1.5,Hybrid,Automatic,57166,Sedan,10506,Aqua
11116,TOYOTA,2017,2.5,Petrol,Automatic,39530,Jeep,3763,RAV 4
11117,CHEVROLET,2008,2.0,Diesel,Automatic,35690,Jeep,9252,Captiva
11118,BMW,2015,2.0,Petrol,Automatic,59875,Jeep,19444,X4
11119,CHEVROLET,2012,2.0,Diesel,Automatic,23758,Jeep,9405,Orlando
11120,CHEVROLET,2014,2.0,Diesel,Automatic,19334,Sedan,14113,Malibu
11121,HYUNDAI,2015,2.0,LPG,Automatic,29826,Sedan,9879,Sonata
11122,HYUNDAI,2016,2.0,LPG,Automatic,136349,Sedan,15681,Sonata
11123,SSANGYONG,2010,2.0,Diesel,Automatic,145092,Sedan,11807,Actyon
11124,HYUNDAI,2011,1.6,Petrol,Automatic,88161,Sedan,17942,Elantra
11125,MERCEDES-BENZ,2012,2.2,Diesel,Manual,80778,Microbus,40456,Vito
11126,SSANGYONG,2011,2.0,Diesel,Automatic,75290,Jeep,27356,REXTON
11127,TOYOTA,2012,1.5,Petrol,Automatic,63380,Sedan,14113,Aqua
11128,TOYOTA,2015,1.8,Hybrid,Automatic,76738,Hatchback,3058,Prius
11129,TOYOTA,2014,1.8,Plug-in Hybrid,Automatic,69594,Hatchback,21012,Prius
11130,VOLKSWAGEN,2013,3.6,Petrol,Automatic,62758,Sedan,27598,CC
11131,VOLKSWAGEN,2004,2.5,Diesel,Tiptronic,621,Jeep,13000,Touareg
11132,HONDA,2010,1.3,Hybrid,Tiptronic,70215,Hatchback,14113,Insight
11133,SSANGYONG,2012,2.0,Diesel,Automatic,155975,Jeep,18208,Korando
11134,HYUNDAI,2013,1.6,Petrol,Tiptronic,57663,Sedan,21953,Veloster
11135,CHEVROLET,2015,2.0,Petrol,Automatic,68351,Sedan,22825,Malibu
11136,HYUNDAI,2013,1.8,Petrol,Tiptronic,128251,Hatchback,15053,Elantra
11137,CHEVROLET,2016,2.5,Petrol,Automatic,30074,Sedan,48914,Impala
11138,FORD,2014,3.7,Petrol,Tiptronic,79535,Coupe,31361,Mustang
11139,SSANGYONG,2011,2.0,Diesel,Automatic,98798,Jeep,23239,REXTON
11140,TOYOTA,2009,1.8,Petrol,Tiptronic,60894,Hatchback,14583,Ist
11141,MERCEDES-BENZ,1998,2.9,Diesel,Manual,180198,Microbus,25716,Sprinter
11142,HYUNDAI,2018,1.6,Petrol,Automatic,15533,Jeep,58579,Tucson
11143,BMW,2003,3.0,Diesel,Tiptronic,167770,Jeep,19757,X5
11144,TOYOTA,2013,2.5,Petrol,Automatic,181937,Sedan,26657,Camry
11145,CHEVROLET,2012,1.4,Petrol,Tiptronic,59830,Sedan,14113,Cruze
11146,NISSAN,2003,2.5,Petrol,Tiptronic,102526,Sedan,5959,Skyline
11147,MERCEDES-BENZ,2003,4.3,Petrol,Tiptronic,149129,Sedan,15053,S 430
11148,CHEVROLET,2013,2.0,Diesel,Automatic,31842,Jeep,11604,Orlando
11149,TOYOTA,2008,2.4,Hybrid,Variator,11806,Sedan,20071,Camry
11150,TOYOTA,2013,2.5,Hybrid,Automatic,118402,Sedan,5018,Camry
11151,MERCEDES-BENZ,2004,3.5,LPG,Tiptronic,105840,Jeep,15524,ML 350
11152,HYUNDAI,2011,2.0,Diesel,Automatic,81959,Jeep,28830,Tucson
11153,TOYOTA,2012,2.5,Hybrid,Automatic,87955,Sedan,5018,Camry
11154,HONDA,2003,3.0,CNG,Tiptronic,123653,Sedan,5959,Inspire
11155,MERCEDES-BENZ,2001,2.0,Petrol,Manual,127381,Sedan,10036,C 200
11156,HONDA,2010,1.3,Petrol,Manual,70576,Hatchback,11290,FIT
11157,MERCEDES-BENZ,2002,2.5,Diesel,Manual,180198,Microbus,12231,Sprinter
11158,TOYOTA,2007,1.5,Hybrid,Automatic,99419,Hatchback,11604,Prius
11159,HYUNDAI,2013,1.6,Petrol,Automatic,87091,Hatchback,16308,Veloster
11160,SSANGYONG,2011,2.0,Diesel,Automatic,125203,Jeep,17484,Korando
11161,JEEP,2008,3.7,LPG,Automatic,115326,Jeep,14426,Liberty
11162,HYUNDAI,2010,2.0,Diesel,Automatic,99493,Jeep,20764,Santa FE
11163,NISSAN,2013,1.6,Petrol,Automatic,68681,Jeep,14426,Juke
11164,FORD,2014,2.0,Hybrid,Variator,66611,Sedan,23207,Fusion hybrid
11165,HONDA,2017,1.5,Petrol,Automatic,22581,Sedan,58172,Civic
11166,TOYOTA,2013,2.5,Petrol,Automatic,96730,Jeep,13485,RAV 4
11167,MERCEDES-BENZ,2014,3.5,Diesel,Automatic,82238,Sedan,31047,E 350
11168,SUBARU,2016,2.5,Petrol,Automatic,42260,Jeep,2038,Forester
11169,TOYOTA,2014,2.7,Petrol,Automatic,40385,Jeep,3763,Tacoma
11170,MERCEDES-BENZ,2010,3.5,Petrol,Automatic,127983,Sedan,1646,E 350
11171,TOYOTA,2019,3.5,Petrol,Automatic,11530,Sedan,26971,Tacoma
11172,BMW,2009,3.0,Petrol,Tiptronic,37096,Cabriolet,30734,335
11173,SUBARU,2005,2.0,Petrol,Automatic,142915,Jeep,9565,Forester
11174,VOLKSWAGEN,2013,2.5,Diesel,Automatic,14406,Sedan,1411,Jetta
11175,MERCEDES-BENZ,2008,2.2,Diesel,Manual,122410,Goods wagon,17249,Vito 111
11176,HYUNDAI,2010,2.0,Diesel,Automatic,39384,Jeep,12231,Tucson
11177,LEXUS,2014,1.8,Hybrid,Automatic,37282,Universal,13500,CT 200h
11178,TOYOTA,2012,2.5,Petrol,Automatic,106321,Sedan,16465,Camry
11179,TOYOTA,2012,3.5,Hybrid,Automatic,127536,Jeep,29479,Highlander
11180,HYUNDAI,2013,2.4,Petrol,Tiptronic,79535,Sedan,14113,Sonata
11181,MITSUBISHI,2000,3.5,CNG,Tiptronic,138566,Jeep,10036,Pajero
11182,TOYOTA,2013,2.5,Petrol,Tiptronic,72576,Sedan,27284,Camry sport
11183,TOYOTA,2014,2.5,Hybrid,Automatic,68225,Sedan,5488,Camry
11184,VAZ,2008,1.6,Petrol,Manual,51756,Sedan,4704,2105
11185,CHEVROLET,2008,2.0,Diesel,Automatic,38872,Jeep,8123,Captiva
11186,MERCEDES-BENZ,2013,1.8,Petrol,Tiptronic,29204,Coupe,9408,C 250 AMG
11187,MITSUBISHI,2003,2.0,Petrol,Automatic,111847,Jeep,15000,Pajero IO
11188,BMW,2006,3.0,Petrol,Tiptronic,140430,Sedan,15053,328
11189,BMW,2012,3.0,Diesel,Automatic,64286,Jeep,8154,X5
11190,MERCEDES-BENZ,1997,1.8,Petrol,Manual,155343,Sedan,6272,C 180
11191,TOYOTA,2015,1.8,Hybrid,Automatic,59993,Hatchback,6272,Prius
11192,CHEVROLET,2011,1.4,Hybrid,Automatic,179438,Hatchback,3293,Volt
11193,OPEL,2008,1.3,Diesel,Manual,66487,Hatchback,11290,Corsa
11194,OPEL,2003,1.7,Diesel,Manual,150372,Goods wagon,7840,Combo
11195,HYUNDAI,2011,1.6,Petrol,Automatic,93206,Sedan,12980,Elantra
11196,HYUNDAI,2015,2.4,Petrol,Automatic,34175,Sedan,33556,Sonata
11197,HYUNDAI,2013,2.4,Petrol,Automatic,33378,Jeep,3763,Tucson
11198,HYUNDAI,2017,2.0,Diesel,Automatic,18646,Jeep,48998,Tucson
11199,TOYOTA,2013,1.5,Hybrid,Variator,62137,Hatchback,14113,Aqua
11200,FORD,2009,2.5,Hybrid,Variator,142915,Jeep,19130,Escape
11201,KIA,2008,2.0,Diesel,Automatic,169896,Jeep,6241,Sportage
11202,HONDA,2012,1.5,Petrol,Automatic,103867,Sedan,2038,FIT
11203,SUBARU,2012,2.5,Petrol,Tiptronic,73322,Jeep,17562,Outback
11204,HYUNDAI,2014,2.5,Diesel,Automatic,94312,Minivan,28357,H1
11205,NISSAN,2015,2.5,Petrol,Automatic,77300,Sedan,1490,Altima
11206,LEXUS,2010,4.6,Petrol,Automatic,162036,Jeep,46728,GX 460
11207,TOYOTA,2014,2.5,Hybrid,Automatic,68225,Sedan,5488,Camry
11208,INFINITI,2012,3.3,Petrol,Automatic,32311,Hatchback,31361,EX37
11209,FORD,2011,2.5,Hybrid,Automatic,104991,Jeep,3607,Escape
11210,LEXUS,2013,1.8,Hybrid,Automatic,80157,Hatchback,23207,CT 200h
11211,HYUNDAI,2011,2.0,Petrol,Automatic,64623,Jeep,26030,IX35
11212,HYUNDAI,2014,2.5,Diesel,Automatic,86992,Minivan,32910,H1
11213,FORD,2013,1.5,Petrol,Automatic,62137,Sedan,19444,Fusion
11214,VOLKSWAGEN,2013,2.5,Diesel,Automatic,14406,Sedan,1411,Jetta
11215,LEXUS,2010,3.5,Hybrid,Automatic,115578,Jeep,13328,RX 450
11216,HYUNDAI,2016,2.0,LPG,Automatic,177771,Sedan,15681,Sonata
11217,TOYOTA,2016,1.8,Petrol,Automatic,24686,Sedan,21169,Corolla S
11218,TOYOTA,2005,1.0,Petrol,Variator,87613,Hatchback,8781,Vitz
11219,TOYOTA,2013,3.5,Petrol,Tiptronic,89477,Minivan,36065,Sienna
11220,HYUNDAI,2010,2.0,Diesel,Automatic,84677,Jeep,25299,Tucson
11221,TOYOTA,2014,1.8,Petrol,Automatic,105099,Sedan,4391,Corolla
11222,BMW,2011,3.0,Petrol,Tiptronic,85501,Sedan,34497,535
11223,SUBARU,2014,2.0,Petrol,Variator,93827,Jeep,20542,XV
11224,SSANGYONG,2016,1.6,Petrol,Automatic,23019,Jeep,44457,Actyon
11225,SSANGYONG,2011,2.0,Diesel,Automatic,49141,Jeep,24415,REXTON
11226,CHEVROLET,2012,2.0,Petrol,Automatic,97396,Sedan,20266,Malibu
11227,NISSAN,2012,1.2,Petrol,Automatic,89477,Hatchback,10663,Note
11228,VOLKSWAGEN,2014,1.8,Petrol,Automatic,60273,Sedan,17876,Jetta sei
11229,TOYOTA,2013,2.5,Petrol,Tiptronic,179949,Sedan,22894,Camry
11230,FORD,2014,2.0,Petrol,Manual,48467,Sedan,13172,Focus
11231,MERCEDES-BENZ,2015,3.5,Petrol,Automatic,30711,Jeep,50805,ML 350
11232,MERCEDES-BENZ,1997,2.4,Petrol,Automatic,37282,Universal,7840,C 240
11233,CHEVROLET,2016,1.4,Petrol,Automatic,65829,Sedan,12544,Cruze
11234,TOYOTA,2015,2.4,Petrol,Automatic,52276,Sedan,22266,Camry
11235,BMW,2009,2.8,Petrol,Tiptronic,80778,Coupe,21012,328
11236,VOLKSWAGEN,1997,2.0,CNG,Manual,158251,Minivan,5331,Sharan
11237,FORD,2008,2.4,Diesel,Manual,173984,Microbus,25089,Transit
11238,FORD,2014,2.0,Hybrid,Automatic,85332,Sedan,7997,Fusion
11239,MERCEDES-BENZ,2001,3.2,CNG,Tiptronic,152236,Jeep,11604,ML 320
11240,HYUNDAI,2010,2.0,Diesel,Automatic,25380,Jeep,12388,Santa FE
11241,FORD,2015,1.0,Petrol,Manual,10262,Universal,34497,Courier
11242,MAZDA,2019,2.5,Petrol,Automatic,7299,Sedan,35438,CX-9
11243,MERCEDES-BENZ,2007,2.2,Diesel,Manual,133858,Microbus,21953,Sprinter EURO4
11244,MAZDA,2005,2.3,LPG,Automatic,124274,Minivan,7840,MPV LX
11245,BMW,2013,2.0,Petrol,Tiptronic,97431,Sedan,42024,528
11246,HYUNDAI,2017,2.0,Petrol,Automatic,4957,Sedan,57698,Sonata
11247,HYUNDAI,2010,2.0,Diesel,Automatic,113090,Jeep,21953,Santa FE
11248,OPEL,2006,1.6,Petrol,Automatic,105633,Minivan,7840,Meriva
11249,TOYOTA,2014,1.8,Petrol,Variator,54059,Sedan,21012,Corolla
11250,TOYOTA,2018,2.5,Hybrid,Automatic,45761,Sedan,13328,RAV 4
11251,TOYOTA,2018,1.8,Petrol,Automatic,23536,Sedan,10036,Corolla
11252,HYUNDAI,2015,2.0,LPG,Automatic,234349,Sedan,9722,Sonata
11253,TOYOTA,2013,1.5,Petrol,Manual,36785,Hatchback,19914,Yaris SE
11254,MERCEDES-BENZ,2008,3.0,Diesel,Automatic,109121,Sedan,2430,E 350
11255,MERCEDES-BENZ,2007,3.0,Diesel,Tiptronic,228043,Minivan,30671,Viano Ambiente
11256,LEXUS,2009,2.4,Hybrid,Tiptronic,62137,Sedan,26030,HS 250h
11257,AUDI,2014,2.0,Petrol,Automatic,26343,Sedan,1254,A4
11258,TOYOTA,2012,2.5,Petrol,Automatic,65244,Sedan,22894,Camry
11259,HYUNDAI,2012,1.8,Petrol,Automatic,59030,Sedan,16621,Elantra
11260,HYUNDAI,2015,2.0,LPG,Automatic,192112,Sedan,15053,Sonata
11261,NISSAN,2005,1.5,Petrol,Automatic,92523,Hatchback,8467,Tiida
11262,MERCEDES-BENZ,2015,2.5,Petrol,Tiptronic,52195,Jeep,62722,GLA 250
11263,HYUNDAI,2015,2.0,Petrol,Automatic,56309,Sedan,37984,Sonata
11264,CHEVROLET,2013,1.4,Petrol,Automatic,105913,Sedan,11500,Cruze
11265,BMW,2012,3.0,Petrol,Tiptronic,69100,Sedan,32929,535 i
11266,NISSAN,2016,2.5,Petrol,Automatic,67229,Jeep,1960,Rogue
11267,SSANGYONG,2011,2.0,Diesel,Automatic,53189,Jeep,24415,Korando
11268,TOYOTA,2014,2.5,Petrol,Automatic,34679,Sedan,3136,Camry
11269,JEEP,2004,3.7,CNG,Automatic,145401,Jeep,13172,Cherokee
11270,HYUNDAI,2011,1.6,Petrol,Automatic,91776,Sedan,14834,Elantra
11271,BMW,2008,2.0,Diesel,Manual,89477,Hatchback,21639,118 M-sport LCI
11272,SSANGYONG,2017,1.6,Diesel,Automatic,50952,Jeep,37984,Actyon
11273,TOYOTA,2014,2.5,Petrol,Automatic,36040,Sedan,31361,Camry se
11274,TOYOTA,2014,1.5,Hybrid,Automatic,43278,Hatchback,19030,Aqua
11275,HYUNDAI,2014,1.6,Petrol,Automatic,70117,Sedan,28241,Elantra
11276,TOYOTA,2012,2.4,Hybrid,Automatic,162178,Sedan,17876,Camry
11277,BMW,2017,2.0,Petrol,Automatic,19263,Sedan,58018,X1
11278,HYUNDAI,2014,2.0,Diesel,Automatic,132204,Jeep,29586,Santa FE
11279,TOYOTA,2012,1.5,Petrol,Automatic,68972,Hatchback,14069,Aqua
11280,NISSAN,2001,2.5,Petrol,Automatic,86992,Sedan,6586,Skyline
11281,MERCEDES-BENZ,2011,3.0,Diesel,Tiptronic,124274,Jeep,36065,ML 350
11282,AUDI,2014,2.0,Petrol,Automatic,173811,Sedan,18817,A6
11283,HYUNDAI,2010,1.6,Petrol,Automatic,64798,Sedan,15718,Elantra
11284,TOYOTA,2010,2.7,Petrol,Tiptronic,79535,Jeep,53314,Land Cruiser Prado
11285,HONDA,1997,1.4,Petrol,Manual,186411,Hatchback,5645,Civic
11286,MERCEDES-BENZ,2015,2.0,Petrol,Automatic,99375,Jeep,12858,GLA 250
11287,KIA,2013,2.0,Petrol,Automatic,26924,Sedan,16465,Optima
11288,HYUNDAI,2010,2.0,Diesel,Automatic,88399,Jeep,22063,Tucson
11289,LEXUS,2010,4.6,Petrol,Automatic,96823,Jeep,39829,GX 460
11290,BMW,2015,2.8,Petrol,Tiptronic,23870,Sedan,37006,328
11291,TOYOTA,2011,1.8,Hybrid,Variator,77671,Hatchback,20385,Prius
11292,CHEVROLET,2012,2.0,Diesel,Automatic,106953,Jeep,19416,Orlando
11293,HYUNDAI,2010,2.0,Petrol,Automatic,107607,Sedan,12880,Sonata
11294,CHEVROLET,2017,2.0,LPG,Automatic,126801,Jeep,21395,Orlando
11295,MERCEDES-BENZ,2001,2.7,Diesel,Tiptronic,189518,Sedan,10976,E 270
11296,HONDA,2013,1.5,Hybrid,Automatic,90019,Sedan,8311,Civic
11297,KIA,2014,2.0,Petrol,Automatic,35572,Sedan,11290,Optima
11298,HYUNDAI,2013,1.6,Petrol,Automatic,52131,Sedan,27654,Elantra
11299,HYUNDAI,2010,2.0,Petrol,Automatic,100190,Sedan,13877,Sonata
11300,FORD,2002,2.4,Diesel,Manual,132967,Microbus,17562,Transit
11301,TOYOTA,2012,1.5,Hybrid,Variator,38525,Hatchback,10663,Aqua
11302,HYUNDAI,2014,2.0,LPG,Automatic,146199,Sedan,12720,Sonata
11303,CHEVROLET,2009,2.0,Diesel,Automatic,46497,Sedan,6752,Cruze
11304,HONDA,2009,1.3,Petrol,Tiptronic,119303,Sedan,7175,Insight EX
11305,HYUNDAI,2014,2.0,LPG,Automatic,205462,Sedan,11604,Sonata
11306,HONDA,2003,3.0,CNG,Tiptronic,12365,Sedan,6272,Civic
11307,HONDA,2009,1.3,Hybrid,Automatic,88562,Hatchback,11917,Insight
11308,LEXUS,2015,4.6,Petrol,Automatic,66436,Jeep,47042,GX 470
11309,INFINITI,2012,3.3,Petrol,Automatic,32311,Hatchback,31361,EX37
11310,HYUNDAI,2010,1.6,Petrol,Automatic,76267,Sedan,17158,Elantra
11311,BMW,2004,3.0,Petrol,Tiptronic,111288,Jeep,14740,X5
11312,HYUNDAI,2015,2.0,LPG,Automatic,31837,Sedan,17405,Sonata
11313,TOYOTA,2012,2.5,Petrol,Tiptronic,129245,Sedan,19757,Camry
11314,TOYOTA,2015,1.5,Hybrid,Automatic,79404,Hatchback,2666,Prius
11315,TOYOTA,2010,1.8,Hybrid,Automatic,74565,Sedan,12231,Prius
11316,TOYOTA,2010,1.8,Hybrid,Automatic,160879,Hatchback,1803,Prius
11317,HYUNDAI,2011,1.6,Petrol,Automatic,108887,Sedan,16894,Elantra
11318,MERCEDES-BENZ,2011,1.8,Petrol,Tiptronic,81400,Sedan,23521,250
11319,MERCEDES-BENZ,1998,3.2,CNG,Automatic,223694,Jeep,7840,ML 320
11320,HYUNDAI,2014,2.5,Diesel,Automatic,102405,Minivan,31650,H1
11321,MERCEDES-BENZ,2010,3.5,Petrol,Tiptronic,116196,Coupe,36065,E 350
11322,LEXUS,2013,1.8,Hybrid,Tiptronic,46603,Sedan,26030,CT 200h 1.8
11323,SUBARU,2013,2.5,Petrol,Automatic,163706,Jeep,7527,Forester
11324,MAZDA,2018,2.5,Petrol,Automatic,13253,Jeep,6586,616
11325,HYUNDAI,2012,1.6,Petrol,Automatic,66812,Sedan,20266,Elantra
11326,CHEVROLET,2015,2.0,Diesel,Automatic,54105,Sedan,32104,Malibu
11327,NISSAN,2004,2.0,Petrol,Automatic,105633,Universal,12231,X-Trail
11328,HYUNDAI,2013,2.0,Diesel,Automatic,22654,Jeep,26343,Santa FE
11329,MERCEDES-BENZ,2013,2.2,Diesel,Manual,105012,Goods wagon,35124,Sprinter
11330,HYUNDAI,2010,1.6,Petrol,Automatic,38985,Sedan,8881,Elantra
11331,TOYOTA,2010,1.8,Hybrid,Automatic,86992,Sedan,17249,Prius
11332,HYUNDAI,2015,2.0,Diesel,Automatic,88642,Jeep,39559,Santa FE
11333,BMW,2012,3.0,Diesel,Automatic,170317,Jeep,7213,X5
11334,BMW,2011,3.0,Petrol,Automatic,105660,Jeep,11133,X5
11335,HYUNDAI,2011,2.0,Petrol,Tiptronic,89477,Sedan,16308,Sonata
11336,HYUNDAI,2017,2.0,Diesel,Automatic,63152,Jeep,44545,Santa FE
11337,HYUNDAI,2009,1.6,Diesel,Manual,108480,Universal,12231,I30
11338,HYUNDAI,2011,2.0,Petrol,Automatic,115182,Sedan,17035,Sonata
11339,HONDA,2016,3.5,Petrol,Automatic,26596,Jeep,14269,Odyssey
11340,OPEL,2008,1.4,Petrol,Manual,97555,Hatchback,12950,Astra
11341,HYUNDAI,2014,1.6,LPG,Automatic,121767,Sedan,18826,Elantra
11342,HYUNDAI,2012,2.0,Diesel,Automatic,55923,Jeep,23414,Tucson
11343,HYUNDAI,2015,1.6,Diesel,Automatic,70899,Sedan,15659,Accent
11344,DAEWOO,2009,2.0,Diesel,Automatic,38666,Sedan,6743,Lacetti
11345,CHEVROLET,2014,2.0,Diesel,Automatic,26817,Sedan,14113,Malibu
11346,HYUNDAI,2011,2.0,Petrol,Automatic,127152,Sedan,15257,Sonata
11347,BMW,2002,3.0,Petrol,Tiptronic,154794,Jeep,8781,X5
11348,SSANGYONG,2015,2.0,Diesel,Automatic,58805,Jeep,49459,REXTON
11349,TOYOTA,2019,1.8,Hybrid,Automatic,4742,Hatchback,1960,Prius
11350,TOYOTA,2014,2.7,Petrol,Automatic,40385,Jeep,3763,Tacoma
11351,TOYOTA,2014,2.5,Petrol,Tiptronic,37904,Sedan,24148,Camry
11352,VOLKSWAGEN,2017,1.4,Petrol,Tiptronic,7270,Sedan,23521,Jetta
11353,TOYOTA,2006,1.5,Petrol,Automatic,99419,Sedan,11917,Prius
11354,HYUNDAI,2011,2.5,Diesel,Automatic,38439,Minivan,12858,H1
11355,HYUNDAI,2011,2.5,Diesel,Automatic,29624,Minivan,24628,H1
11356,MERCEDES-BENZ,2011,3.5,Diesel,Automatic,105900,Coupe,15994,E 350
11357,HONDA,2012,1.5,Hybrid,Automatic,90971,Sedan,2901,Civic
11358,TOYOTA,2012,2.5,Petrol,Tiptronic,93206,Sedan,18503,Camry
11359,HYUNDAI,2010,2.0,Diesel,Automatic,90048,Jeep,21395,Tucson
11360,NISSAN,2005,2.0,Petrol,Automatic,111847,Jeep,12544,X-Trail
11361,NISSAN,2001,2.0,CNG,Automatic,149750,Minivan,3700,Serena
11362,HYUNDAI,2013,1.8,Petrol,Automatic,37282,Sedan,17249,Elantra
11363,CHEVROLET,2014,2.0,Diesel,Automatic,48519,Jeep,29216,Orlando
11364,NISSAN,2015,1.6,Petrol,Automatic,54976,Jeep,3763,Juke
11365,HYUNDAI,2011,2.5,Diesel,Automatic,26355,Minivan,16590,H1
11366,VOLKSWAGEN,2016,1.8,Petrol,Manual,28401,Sedan,21000,Jetta სპორტ
11367,HYUNDAI,2014,1.8,Petrol,Automatic,66583,Sedan,1725,Elantra
11368,MERCEDES-BENZ,2012,1.8,Petrol,Automatic,67729,Sedan,25089,C 250
11369,HONDA,2015,1.8,Petrol,Automatic,62546,Sedan,30891,Civic
11370,LEXUS,2011,1.8,Hybrid,Tiptronic,98177,Sedan,16935,CT 200h
11371,MITSUBISHI,2000,2.0,Petrol,Manual,59030,Jeep,7840,Pajero IO
11372,FORD,2013,2.0,Petrol,Automatic,54419,Sedan,18817,Fusion
11373,MERCEDES-BENZ,2004,2.7,Diesel,Automatic,154721,Jeep,21953,270
11374,KIA,2014,2.0,Petrol,Automatic,20922,Sedan,21326,Optima
11375,NISSAN,2012,1.2,Petrol,Variator,57166,Hatchback,8500,Note
11376,MITSUBISHI,1999,1.8,Petrol,Automatic,122099,Jeep,8467,Pajero IO
11377,MERCEDES-BENZ,2008,3.0,Diesel,Automatic,109121,Sedan,2430,E 350
11378,SSANGYONG,2016,1.6,Diesel,Automatic,56582,Jeep,37984,Actyon
11379,GMC,2004,4.2,Petrol,Automatic,161556,Jeep,7213,Envoy
11380,MERCEDES-BENZ,1999,2.0,Petrol,Manual,124274,Cabriolet,9700,SLK 230
11381,LEXUS,2012,4.6,Petrol,Automatic,158702,Jeep,54568,GX 460
11382,MERCEDES-BENZ,2014,2.5,Diesel,Tiptronic,40389,Jeep,62722,ML 350
11383,OPEL,2006,1.7,Diesel,Manual,155343,Goods wagon,7527,Combo 1700
11384,DODGE,2010,2.0,Petrol,Automatic,51574,Hatchback,15053,Caliber
11385,HYUNDAI,2014,1.8,Diesel,Tiptronic,65244,Sedan,12544,Elantra
11386,HYUNDAI,2015,2.0,LPG,Automatic,190712,Sedan,10663,Sonata
11387,HYUNDAI,2016,2.0,Diesel,Automatic,55357,Jeep,54186,Santa FE
11388,MERCURY,2008,2.3,Hybrid,Variator,162054,Jeep,13799,Mariner
11389,MITSUBISHI,2000,2.0,CNG,Automatic,99419,Jeep,7840,Pajero IO
11390,TOYOTA,2014,2.7,Petrol,Automatic,40385,Jeep,3763,Tacoma
11391,LEXUS,2015,1.8,Hybrid,Automatic,33803,Hatchback,34497,CT 200h
11392,NISSAN,2016,1.6,Petrol,Automatic,56256,Sedan,10663,Versa
11393,FORD,2018,1.5,Petrol,Automatic,6498,Sedan,23991,Fusion SE
11394,FORD,2010,2.5,Hybrid,Automatic,46603,Sedan,17562,Fusion
11395,RENAULT,2004,1.2,Petrol,Manual,145872,Goods wagon,6899,Kangoo
11396,HYUNDAI,2011,1.6,Petrol,Automatic,108887,Sedan,16894,Elantra
11397,TOYOTA,2010,1.8,Hybrid,Automatic,124274,Sedan,20382,Prius
11398,HYUNDAI,2016,2.0,Petrol,Automatic,40558,Sedan,16621,Elantra SE
11399,OPEL,2008,1.3,Diesel,Manual,117439,Hatchback,13172,Astra
11400,TOYOTA,2013,1.5,Hybrid,Automatic,88235,Hatchback,10349,Aqua
11401,VOLKSWAGEN,2012,2.0,Diesel,Tiptronic,72079,Sedan,18503,Passat tdi sel
11402,FORD,1996,2.5,Diesel,Manual,157828,Universal,11917,Transit
11403,HYUNDAI,2011,1.6,Petrol,Automatic,83858,Sedan,19121,Elantra
11404,MERCEDES-BENZ,2009,2.0,Diesel,Tiptronic,93827,Hatchback,13172,B 180
11405,HYUNDAI,2012,1.8,Petrol,Tiptronic,62137,Sedan,18817,Elantra
11406,HYUNDAI,2015,2.0,Diesel,Automatic,62443,Jeep,34111,Tucson
11407,FORD,2008,2.2,Diesel,Manual,55784,Microbus,11604,Transit
11408,TOYOTA,2010,1.8,Hybrid,Automatic,118060,Hatchback,15681,Prius
11409,SSANGYONG,2017,1.6,Diesel,Automatic,37692,Jeep,43134,Actyon
11410,TOYOTA,2010,3.3,Hybrid,Automatic,186639,Jeep,14269,Highlander
11411,MERCEDES-BENZ,1999,2.3,Petrol,Manual,114954,Minivan,10036,Vito
11412,TOYOTA,2008,1.5,Hybrid,Automatic,137982,Hatchback,10036,Prius
11413,HYUNDAI,2010,2.0,Petrol,Automatic,90099,Sedan,17942,Sonata
11414,TOYOTA,2008,3.3,Hybrid,Automatic,167249,Jeep,1646,Highlander
11415,LEXUS,2008,3.3,Hybrid,Automatic,139578,Jeep,8154,RX 400
11416,HONDA,2017,1.3,Petrol,Automatic,62721,Hatchback,20372,FIT
11417,CHEVROLET,2012,1.8,Petrol,Automatic,71318,Sedan,4234,Cruze
11418,HYUNDAI,2016,2.0,Petrol,Automatic,24112,Sedan,60345,Sonata
11419,TOYOTA,2013,1.5,LPG,Variator,66487,Hatchback,20385,Prius C
11420,HYUNDAI,2015,1.8,Petrol,Tiptronic,47846,Sedan,18503,Elantra
11421,CHEVROLET,2015,3.6,Petrol,Automatic,57838,Sedan,30577,Camaro
11422,MITSUBISHI,2000,2.0,Petrol,Automatic,60584,Jeep,10976,Pajero IO
11423,HYUNDAI,2016,2.0,LPG,Automatic,183621,Sedan,15681,Sonata
11424,HONDA,2006,1.3,Petrol,Automatic,97555,Hatchback,7840,FIT
11425,HYUNDAI,2014,1.8,Petrol,Automatic,63380,Sedan,9408,Elantra
11426,HYUNDAI,2010,2.0,LPG,Automatic,69894,Sedan,7222,Sonata
11427,HYUNDAI,2018,2.4,Petrol,Automatic,7456,Jeep,39201,Santa FE sport
11428,TOYOTA,2008,1.5,Hybrid,Automatic,96934,Sedan,12544,Prius
11429,BMW,2012,4.4,Petrol,Tiptronic,31069,Sedan,33500,550
11430,OPEL,1996,1.6,Petrol,Manual,136702,Hatchback,3607,Astra
11431,TOYOTA,2009,1.5,Hybrid,Automatic,77571,Hatchback,11290,Prius
11432,TOYOTA,2016,1.5,Hybrid,Automatic,21416,Universal,38822,Aqua
11433,TOYOTA,2011,1.8,Hybrid,Automatic,153156,Hatchback,1019,Prius
11434,SSANGYONG,2013,2.0,Diesel,Automatic,68469,Jeep,35043,REXTON
11435,TOYOTA,2012,2.5,Hybrid,Automatic,133034,Sedan,3293,Camry
11436,HYUNDAI,2013,1.6,Petrol,Automatic,50219,Sedan,25591,Elantra
11437,HYUNDAI,2014,1.6,Petrol,Automatic,95443,Sedan,17562,Veloster
11438,HYUNDAI,2016,2.5,Diesel,Automatic,55923,Minivan,35403,H1
11439,TOYOTA,2008,1.5,Hybrid,Automatic,83885,Hatchback,11290,Prius
11440,CHEVROLET,2012,2.0,Diesel,Automatic,212464,Jeep,25744,Captiva
11441,KIA,2005,1.1,Petrol,Manual,135459,Hatchback,9408,Picanto
11442,KIA,2013,2.4,Hybrid,Tiptronic,69594,Sedan,19444,Optima hybrid
11443,AUDI,2011,3.0,Diesel,Tiptronic,118060,Jeep,43000,Q7
11444,TOYOTA,2012,1.5,Hybrid,Automatic,54681,Sedan,8938,Aqua
11445,LEXUS,2012,4.6,Petrol,Automatic,158702,Jeep,12858,GX 460
11446,LEXUS,2014,4.6,Petrol,Automatic,90856,Jeep,17562,GX 470
11447,HONDA,2014,1.8,Petrol,Automatic,69065,Sedan,4234,Civic
11448,HYUNDAI,2011,2.0,Diesel,Automatic,65218,Jeep,28830,Santa FE
11449,HYUNDAI,2015,2.5,Diesel,Automatic,78931,Universal,35269,H1
11450,NISSAN,2016,4.0,Petrol,Automatic,65509,Sedan,3136,Frontier
11451,FORD,2008,2.2,Diesel,Manual,66487,Microbus,15524,Transit
11452,LEXUS,2015,3.5,Hybrid,Automatic,89241,Jeep,13956,RX 450
11453,KIA,2017,2.4,Petrol,Tiptronic,18641,Sedan,34497,Optima
11454,HYUNDAI,2017,2.0,Petrol,Automatic,43990,Sedan,15994,Elantra
11455,HYUNDAI,2010,1.6,Petrol,Automatic,71944,Sedan,13658,Elantra
11456,BMW,2003,4.6,Petrol,Tiptronic,36040,Jeep,17249,X5
11457,HYUNDAI,2012,2.4,Petrol,Tiptronic,79535,Jeep,25089,Tucson
11458,TOYOTA,2011,1.8,Hybrid,Automatic,198878,Hatchback,1646,Prius
11459,TOYOTA,2013,1.5,Hybrid,Automatic,67729,Hatchback,13799,Aqua
11460,BMW,2008,3.5,Petrol,Tiptronic,111847,Sedan,16621,535
11461,LEXUS,2009,4.6,Petrol,Automatic,88650,Sedan,23533,LS 460
11462,FORD,1996,2.5,Diesel,Manual,142915,Goods wagon,17249,Transit
11463,JEEP,2010,2.4,Petrol,Automatic,52766,Jeep,25926,Compass
11464,FORD,2013,2.0,Hybrid,Automatic,56545,Sedan,13328,Fusion
11465,MERCEDES-BENZ,1997,2.0,CNG,Automatic,128002,Sedan,6600,C 200
11466,HYUNDAI,2015,2.0,Diesel,Automatic,69338,Jeep,37125,Tucson
11467,BUICK,2017,1.4,Petrol,Automatic,16748,Jeep,23521,Encore
11468,TOYOTA,2017,3.5,Petrol,Automatic,108632,Sedan,3763,Tacoma
11469,AUDI,2014,2.0,Petrol,Automatic,26343,Sedan,1254,A4
11470,OPEL,2009,1.3,Diesel,Manual,112579,Hatchback,10349,Corsa
11471,CHEVROLET,2015,2.0,Diesel,Automatic,62180,Sedan,23703,Malibu
11472,SSANGYONG,2015,2.0,Diesel,Automatic,30604,Jeep,53580,REXTON
11473,MERCEDES-BENZ,2008,2.2,Diesel,Manual,155343,Microbus,35000,Sprinter
11474,NISSAN,2007,1.5,Petrol,Variator,97866,Sedan,9095,Tiida
11475,TOYOTA,2008,2.4,Petrol,Automatic,119791,Sedan,18817,Camry
11476,TOYOTA,2012,3.5,Petrol,Tiptronic,82534,Sedan,16621,Camry
11477,HYUNDAI,2015,2.4,Petrol,Tiptronic,40389,Sedan,20698,Sonata
11478,MERCEDES-BENZ,2013,1.8,Petrol,Tiptronic,77671,Sedan,29479,"C 250 1,8 turbo"
11479,INFINITI,2004,4.5,Petrol,Tiptronic,155343,Jeep,14113,FX45
11480,HONDA,2014,1.3,Hybrid,Automatic,93187,Hatchback,2274,Insight
11481,OPEL,2008,1.7,Diesel,Manual,69041,Goods wagon,11290,Astra
11482,OPEL,2005,1.7,Diesel,Manual,116196,Hatchback,15681,Astra
11483,NISSAN,2006,1.8,Petrol,Variator,1125,Hatchback,9095,Tiida
11484,FORD,2013,2.0,Hybrid,Tiptronic,144158,Hatchback,20385,C-MAX
11485,TOYOTA,2008,1.5,Hybrid,Automatic,102526,Hatchback,11290,Prius
11486,HYUNDAI,2015,1.6,Petrol,Automatic,24180,Sedan,27065,Elantra
11487,NISSAN,2014,1.6,Petrol,Tiptronic,17684,Jeep,23207,Juke
11488,SSANGYONG,2013,2.0,Diesel,Automatic,94908,Jeep,32045,REXTON
11489,NISSAN,2005,1.5,Petrol,Automatic,69041,Hatchback,8311,Tiida
11490,MERCEDES-BENZ,2000,2.0,Petrol,Automatic,123653,Sedan,10036,C 200 Kompressor
11491,KIA,2012,2.0,Petrol,Tiptronic,88483,Sedan,21953,Optima
11492,CHEVROLET,2017,1.5,Plug-in Hybrid,Automatic,63615,Hatchback,1019,Volt
11493,NISSAN,2002,2.0,CNG,Automatic,91342,Universal,7840,X-Trail
11494,HYUNDAI,2011,2.5,Diesel,Automatic,32738,Minivan,18669,H1
11495,CHEVROLET,2015,1.4,Petrol,Automatic,12925,Sedan,15681,Cruze
11496,TOYOTA,2014,3.5,Petrol,Tiptronic,80778,Jeep,47042,Highlander XLE
11497,OPEL,2001,1.7,Diesel,Manual,124274,Goods wagon,6272,Combo
11498,HYUNDAI,2011,1.6,Petrol,Automatic,65157,Sedan,20297,Elantra
11499,BMW,2010,3.0,Diesel,Automatic,164794,Jeep,1882,X5
11500,HYUNDAI,2016,2.5,Diesel,Automatic,74286,Universal,38737,H1
11501,PORSCHE,2014,3.6,Petrol,Automatic,115750,Jeep,1176,Cayenne
11502,HYUNDAI,2016,2.0,Petrol,Tiptronic,41756,Sedan,23521,Elantra
11503,BMW,2004,3.0,Petrol,Tiptronic,114954,Sedan,6899,530
11504,TOYOTA,2014,2.5,Hybrid,Automatic,79995,Sedan,2274,Camry
11505,TOYOTA,2014,1.8,Hybrid,Automatic,66611,Hatchback,21326,Prius
11506,HYUNDAI,2018,2.5,Diesel,Automatic,44545,Universal,46919,H1
11507,TOYOTA,2012,2.5,Hybrid,Automatic,99033,Sedan,3136,Camry
11508,CHEVROLET,2014,2.0,Petrol,Automatic,62017,Sedan,27190,Malibu
11509,HYUNDAI,2015,2.4,Petrol,Tiptronic,41010,Sedan,20385,Sonata sport
11510,CHEVROLET,2013,1.4,Petrol,Tiptronic,114332,Sedan,14113,Cruze
11511,BMW,2015,3.0,Petrol,Automatic,127046,Jeep,15994,X5
11512,BMW,2000,4.4,CNG,Automatic,124274,Jeep,6899,X5
11513,MAZDA,2003,1.4,CNG,Manual,114954,Hatchback,7213,Demio evropuli
11514,HYUNDAI,2010,2.0,Petrol,Automatic,77750,Coupe,10349,Genesis
11515,HYUNDAI,2015,1.7,Diesel,Automatic,12922,Sedan,19598,Sonata
11516,TOYOTA,2015,2.5,Petrol,Automatic,44182,Jeep,46728,RAV 4
11517,CHEVROLET,2015,2.2,Diesel,Automatic,42881,Jeep,26613,Captiva
11518,MERCEDES-BENZ,2009,2.2,Diesel,Tiptronic,93979,Minivan,38574,Vito 115
11519,HYUNDAI,2008,1.6,Petrol,Automatic,83632,Sedan,12849,Elantra
11520,CHEVROLET,2015,1.4,Petrol,Tiptronic,37779,Sedan,21953,Cruze
11521,MERCEDES-BENZ,2003,3.2,Diesel,Tiptronic,162231,Sedan,19757,E 320
11522,HYUNDAI,2016,2.0,LPG,Automatic,176774,Sedan,15681,Sonata
11523,MERCEDES-BENZ,1998,3.2,CNG,Tiptronic,180198,Sedan,8154,E 320
11524,HYUNDAI,2010,1.6,Petrol,Automatic,98009,Hatchback,10986,I30
11525,FORD,2016,2.0,Petrol,Automatic,42054,Sedan,20385,Focus
11526,HYUNDAI,2011,2.5,Diesel,Automatic,52957,Minivan,13454,H1
11527,NISSAN,2014,2.0,Hybrid,Automatic,43496,Minivan,23521,Serena
11528,ISUZU,2000,3.2,CNG,Automatic,124274,Jeep,7213,Wizard
11529,FORD,2013,2.0,Hybrid,Variator,108367,Sedan,18189,C-MAX SEL
11530,CHEVROLET,2011,2.0,Diesel,Automatic,35951,Sedan,8624,Cruze
11531,MERCEDES-BENZ,2000,2.3,CNG,Manual,124274,Sedan,8781,C 230
11532,LEXUS,2012,4.6,Petrol,Automatic,142501,Jeep,33243,GX 460
11533,TOYOTA,2012,1.8,Petrol,Automatic,45981,Sedan,18189,Corolla
11534,HYUNDAI,2012,2.4,Hybrid,Tiptronic,91342,Sedan,13799,Sonata SE LIMITED
11535,MERCEDES-BENZ,2011,1.8,Petrol,Automatic,62137,Sedan,29793,C 250
11536,OPEL,1997,1.4,Petrol,Manual,153843,Coupe,3200,Tigra
11537,CHEVROLET,2014,2.0,Diesel,Automatic,111986,Jeep,21181,Orlando
11538,LEXUS,2010,3.5,Petrol,Automatic,78361,Sedan,3607,ES 350
11539,BMW,2002,3.0,LPG,Automatic,152112,Jeep,7840,X5
11540,OPEL,1999,1.6,Petrol,Manual,136702,Universal,8154,Astra
11541,MERCEDES-BENZ,2004,3.5,LPG,Tiptronic,105633,Jeep,15681,ML 350
11542,TOYOTA,2013,1.5,Hybrid,Automatic,129576,Universal,10202,Aqua
11543,VOLKSWAGEN,2013,2.0,Petrol,Tiptronic,59030,Jeep,17249,Tiguan
11544,MINI,2014,1.6,Petrol,Automatic,62634,Hatchback,25716,Countryman
11545,HONDA,2017,2.0,Petrol,Automatic,3107,Sedan,51191,Civic
11546,FORD,2013,2.0,Hybrid,Automatic,199183,Sedan,4077,Fusion
11547,HYUNDAI,2010,2.0,Petrol,Automatic,130024,Sedan,16599,Sonata
11548,MERCEDES-BENZ,2012,4.6,Diesel,Automatic,112256,Jeep,1725,ML 350
11549,BMW,2008,3.0,Petrol,Tiptronic,11930,Jeep,62722,X6
11550,TOYOTA,2014,2.5,Petrol,Tiptronic,65049,Sedan,18817,Camry
11551,JEEP,2015,2.4,Petrol,Automatic,25299,Jeep,43880,Compass
11552,TOYOTA,2011,2.7,Petrol,Automatic,67355,Jeep,7213,Venza
11553,TOYOTA,2013,2.5,Hybrid,Automatic,118402,Sedan,5018,Camry
11554,TOYOTA,2013,1.5,Petrol,Automatic,64012,Hatchback,16900,Aqua
11555,TOYOTA,2012,2.5,Petrol,Tiptronic,52195,Sedan,21012,Camry
11556,HYUNDAI,2014,1.6,Petrol,Automatic,66315,Sedan,25889,Elantra
11557,TOYOTA,2015,1.8,Hybrid,Variator,123280,Hatchback,21326,Prius 1.8
11558,TOYOTA,2012,2.5,Petrol,Tiptronic,55923,Sedan,21326,Camry
11559,BMW,2014,3.0,Diesel,Automatic,143501,Jeep,13799,X5
11560,HYUNDAI,2015,1.6,Diesel,Automatic,62291,Sedan,27654,Elantra
11561,TOYOTA,2013,1.5,Hybrid,Automatic,70463,Hatchback,13946,Aqua
11562,TOYOTA,2017,2.5,Petrol,Tiptronic,17895,Jeep,43905,RAV 4
11563,MITSUBISHI,2002,2.0,Petrol,Automatic,50331,Sedan,6000,Lancer
11564,MERCEDES-BENZ,2013,3.5,Diesel,Automatic,66984,Sedan,5802,E 350
11565,MERCEDES-BENZ,2003,3.2,Petrol,Automatic,95070,Sedan,15053,E 320
11566,HONDA,2004,1.3,Petrol,Variator,123031,Hatchback,7213,FIT
11567,CHEVROLET,2014,2.2,Diesel,Automatic,74757,Jeep,29087,Captiva
11568,HYUNDAI,2012,1.6,Petrol,Automatic,111847,Sedan,19121,Elantra
11569,HYUNDAI,2015,2.0,LPG,Automatic,168823,Sedan,9722,Sonata
11570,MITSUBISHI,2004,3.0,CNG,Automatic,129245,Jeep,22266,Delica
11571,HYUNDAI,2016,2.0,LPG,Automatic,220319,Sedan,10036,Sonata
11572,HYUNDAI,2018,2.0,Diesel,Automatic,41501,Jeep,57902,Santa FE
11573,TOYOTA,2011,1.8,Hybrid,Variator,62137,Hatchback,18503,Prius
11574,MERCEDES-BENZ,2008,3.5,Diesel,Automatic,227962,Jeep,3763,ML 350
11575,HYUNDAI,2010,1.6,Petrol,Automatic,69853,Sedan,14069,Elantra
11576,HONDA,2013,1.5,Hybrid,Automatic,90019,Sedan,8311,Civic
11577,LEXUS,2013,1.8,Hybrid,Automatic,116938,Hatchback,1725,CT 200h
11578,DAIHATSU,1998,1.3,Petrol,Automatic,137323,Jeep,4600,Terios
11579,KIA,2013,2.4,Hybrid,Automatic,90720,Sedan,17876,Optima
11580,OPEL,2001,1.7,Diesel,Manual,6904,Goods wagon,6899,Astra
11581,FORD,2003,2.0,Diesel,Manual,205052,Microbus,7840,Transit
11582,SCION,2009,1.8,Petrol,Tiptronic,60894,Hatchback,14583,xD
11583,HYUNDAI,2014,2.0,Diesel,Automatic,106961,Jeep,33243,Santa FE
11584,FORD,2012,2.0,Petrol,Automatic,69149,Sedan,8154,Focus
11585,TOYOTA,2020,1.8,Petrol,Automatic,8078,Sedan,18503,Prius
11586,HYUNDAI,2008,1.6,Diesel,Manual,155343,Sedan,12858,I30
11587,TOYOTA,2014,1.5,Petrol,Automatic,82642,Hatchback,11450,Aqua
11588,TOYOTA,2010,1.8,Hybrid,Automatic,148619,Sedan,12000,Prius
11589,NISSAN,2005,1.5,Petrol,Automatic,110604,Hatchback,8154,Note
11590,BMW,2004,3.0,Petrol,Tiptronic,96367,Jeep,21953,X5
11591,JEEP,2011,2.4,Petrol,Automatic,80639,Jeep,26180,Compass
11592,HYUNDAI,2012,1.8,Petrol,Tiptronic,126760,Sedan,11290,Elantra
11593,TOYOTA,2019,2.0,Petrol,Automatic,12324,Jeep,21012,CHR
11594,LEXUS,2013,3.5,Hybrid,Automatic,85773,Jeep,1019,RX 450
11595,HYUNDAI,2010,2.5,Diesel,Automatic,47909,Minivan,16778,H1
11596,SSANGYONG,2018,1.6,Diesel,Automatic,14241,Jeep,45928,Actyon
11597,FORD,2009,2.5,Petrol,Automatic,193868,Sedan,15367,Fusion
11598,NISSAN,2003,1.2,Petrol,Automatic,78914,Hatchback,5645,March
11599,SUBARU,2005,2.0,Petrol,Tiptronic,85128,Universal,12231,Forester
11600,TOYOTA,2005,1.5,Petrol,Automatic,105633,Hatchback,10036,Ist
11601,HYUNDAI,2011,1.6,Petrol,Automatic,88161,Sedan,17942,Elantra
11602,VOLKSWAGEN,2014,1.8,Petrol,Tiptronic,59652,Sedan,17249,Jetta
11603,HYUNDAI,2007,2.5,Diesel,Automatic,63380,Minivan,21953,H1 starixs
11604,HYUNDAI,2010,2.0,Petrol,Automatic,108029,Sedan,17158,Sonata
11605,HONDA,2010,1.3,Hybrid,Variator,90472,Hatchback,12858,Insight
11606,BMW,2012,3.0,Diesel,Automatic,170317,Jeep,7213,X5
11607,MERCEDES-BENZ,2017,2.0,Petrol,Automatic,27959,Jeep,45787,GLA 250
11608,TOYOTA,2013,2.5,Hybrid,Tiptronic,32027,Sedan,42337,Avalon
11609,TOYOTA,2013,2.5,Petrol,Tiptronic,63380,Sedan,20698,Camry SE
11610,HYUNDAI,2015,2.0,LPG,Automatic,32227,Sedan,14113,Sonata
11611,MERCEDES-BENZ,2017,2.0,Petrol,Automatic,27637,Jeep,2509,GLA 250
11612,SSANGYONG,2016,2.2,Diesel,Automatic,68456,Jeep,47989,REXTON
11613,CHEVROLET,2016,1.4,Petrol,Tiptronic,38376,Sedan,19444,Cruze
11614,CHEVROLET,2011,1.8,Petrol,Automatic,61255,Sedan,14113,Cruze
11615,HONDA,2010,1.3,Hybrid,Variator,96313,Hatchback,12000,FIT
11616,NISSAN,2005,2.5,CNG,Tiptronic,110604,Sedan,9408,Skyline GT250
11617,MITSUBISHI,2003,2.4,Petrol,Tiptronic,8078,Jeep,10349,Airtrek
11618,TOYOTA,2012,1.5,Hybrid,Tiptronic,62089,Hatchback,18503,Prius C
11619,BMW,2000,1.9,CNG,Manual,133595,Sedan,7213,316
11620,TOYOTA,2018,2.5,Petrol,Tiptronic,26956,Sedan,63850,Camry
11621,HYUNDAI,2013,1.6,LPG,Automatic,139093,Sedan,14454,Elantra
11622,TOYOTA,2014,2.5,Hybrid,Automatic,111462,Sedan,11133,Camry
11623,TOYOTA,2017,2.5,Petrol,Tiptronic,17398,Jeep,40142,RAV 4
11624,HYUNDAI,2010,1.6,Petrol,Automatic,53174,Sedan,17885,Elantra
11625,MERCEDES-BENZ,2011,3.5,Diesel,Automatic,74179,Sedan,16621,E 350
11626,NISSAN,2011,2.5,Petrol,Automatic,44739,Jeep,15367,Rogue
11627,BMW,2015,2.0,Petrol,Tiptronic,60995,Jeep,22894,X1
11628,SUBARU,2006,2.0,Petrol,Automatic,93206,Jeep,11917,Forester
11629,KIA,2013,2.4,Petrol,Automatic,97431,Sedan,21953,Optima
11630,HYUNDAI,2018,2.0,Petrol,Automatic,13680,Sedan,46534,Elantra
11631,MERCEDES-BENZ,2012,3.5,Petrol,Tiptronic,87365,Jeep,46728,ML 350
11632,MERCEDES-BENZ,2012,3.0,Diesel,Automatic,106392,Sedan,9252,E 350
11633,CHEVROLET,2012,2.0,Diesel,Automatic,125450,Jeep,15125,Orlando
11634,HYUNDAI,2010,2.0,Petrol,Automatic,69500,Coupe,11099,Genesis
11635,HYUNDAI,2015,1.8,Petrol,Tiptronic,71582,Sedan,17876,Elantra
11636,HYUNDAI,2013,2.0,Diesel,Automatic,106724,Jeep,36827,Santa FE
11637,DAEWOO,2010,2.0,Diesel,Automatic,29342,Sedan,7997,Lacetti
11638,HYUNDAI,2010,2.0,Diesel,Automatic,31831,Jeep,19924,Tucson
11639,FIAT,2015,1.4,Petrol,Automatic,39768,Hatchback,16305,500
11640,NISSAN,2004,3.5,Petrol,Tiptronic,108119,Coupe,10976,Skyline
11641,TOYOTA,2012,1.5,Petrol,Automatic,19741,Hatchback,19579,Aqua
11642,HYUNDAI,2013,1.6,Petrol,Automatic,104338,Sedan,1176,Accent
11643,TOYOTA,2008,1.8,Hybrid,Variator,114332,Sedan,13172,Prius
11644,BMW,1997,1.8,CNG,Manual,621,Sedan,4704,318
11645,BMW,2011,3.0,Petrol,Automatic,93889,Sedan,4861,535
11646,NISSAN,2013,1.2,Petrol,Automatic,55639,Hatchback,4632,March
11647,MERCEDES-BENZ,2009,3.5,Diesel,Automatic,67816,Sedan,5018,E 350
11648,HYUNDAI,2015,2.0,LPG,Automatic,53612,Sedan,10349,Sonata
11649,LAND ROVER,2005,2.7,Diesel,Tiptronic,136702,Jeep,24462,Land Rover Sport
11650,KIA,2013,2.4,Hybrid,Tiptronic,55302,Sedan,21639,Optima hybrid
11651,TOYOTA,2019,2.5,Hybrid,Automatic,5981,Sedan,3450,Camry
11652,FORD,2008,2.2,Diesel,Manual,136702,Goods wagon,10976,Transit
11653,CHEVROLET,2011,1.4,Plug-in Hybrid,Tiptronic,223694,Hatchback,15367,Volt
11654,HYUNDAI,2017,2.0,Petrol,Automatic,9613,Sedan,47989,Sonata
11655,BMW,2004,2.0,Petrol,Tiptronic,145152,Sedan,10349,318
11656,HYUNDAI,2013,2.4,Petrol,Tiptronic,34797,Sedan,23521,Sonata
11657,MERCEDES-BENZ,2013,2.0,Petrol,Automatic,49710,Sedan,49864,CLA 250
11658,FORD,2015,2.0,Hybrid,Automatic,55175,Sedan,2587,Fusion
11659,HYUNDAI,2015,2.4,Petrol,Tiptronic,68351,Sedan,20385,Sonata
11660,TOYOTA,2012,1.5,Hybrid,Variator,40389,Hatchback,10663,Aqua
11661,VOLKSWAGEN,2002,1.8,LPG,Tiptronic,133595,Sedan,6586,Jetta
11662,MERCEDES-BENZ,2013,3.5,Petrol,Tiptronic,54681,Sedan,62722,CLS 350
11663,MERCEDES-BENZ,2007,3.0,Diesel,Tiptronic,155343,Minivan,30640,Vito
11664,HYUNDAI,2011,2.0,Petrol,Automatic,83264,Coupe,21442,Genesis
11665,MERCEDES-BENZ,2006,2.2,Diesel,Manual,140430,Minivan,23521,Vito
11666,MERCEDES-BENZ,2006,2.5,Petrol,Manual,130488,Sedan,13485,230
11667,TOYOTA,2010,1.8,LPG,Variator,173984,Hatchback,18503,Prius
11668,TOYOTA,1999,1.8,Petrol,Automatic,103769,Coupe,8467,Celica
11669,DAEWOO,2009,2.0,Petrol,Automatic,46248,Sedan,5893,Lacetti
11670,HYUNDAI,2014,1.8,Petrol,Automatic,65244,Sedan,15681,Elantra
11671,SUBARU,1997,0.7,Petrol,Manual,552,Pickup,5645,Sambar
11672,CHEVROLET,2013,2.5,Petrol,Automatic,102217,Sedan,1490,Malibu
11673,HYUNDAI,2016,2.0,Diesel,Automatic,75138,Jeep,44890,Santa FE
11674,HYUNDAI,2015,1.6,Petrol,Automatic,46108,Hatchback,12388,Accent GS
11675,TOYOTA,2018,1.8,Petrol,Tiptronic,11185,Sedan,37633,Corolla se
11676,TOYOTA,2011,2.5,Petrol,Tiptronic,65637,Sedan,20385,Camry
11677,MERCEDES-BENZ,2013,3.5,Petrol,Automatic,119634,Jeep,5175,ML 350
11678,TOYOTA,2015,1.5,Hybrid,Automatic,26719,Hatchback,17876,Prius C
11679,SSANGYONG,2018,1.6,Diesel,Automatic,28269,Jeep,42692,Actyon
11680,HYUNDAI,2014,2.4,Petrol,Tiptronic,55675,Sedan,26657,Sonata
11681,HYUNDAI,2016,2.0,Petrol,Automatic,20505,Sedan,29793,Elantra
11682,JEEP,2013,3.0,Diesel,Automatic,59281,Jeep,47757,Grand Cherokee
11683,TOYOTA,2012,2.5,Hybrid,Automatic,50952,Sedan,24775,Camry
11684,NISSAN,2014,2.5,Petrol,Variator,42378,Jeep,29793,Rogue
11685,SUBARU,2013,2.5,Petrol,Tiptronic,149129,Jeep,18189,Forester
11686,CHEVROLET,2010,1.6,Petrol,Automatic,56855,Sedan,5175,Cruze
11687,HYUNDAI,2014,2.0,LPG,Automatic,181091,Sedan,11604,Sonata
11688,MITSUBISHI,2004,3.0,Petrol,Automatic,105012,Minivan,19130,Delica
11689,DAEWOO,2009,2.0,Petrol,Automatic,46248,Sedan,5893,Lacetti
11690,FORD,2015,2.0,Hybrid,Automatic,62601,Sedan,15367,Fusion
11691,HYUNDAI,2018,2.5,Diesel,Automatic,28294,Universal,45436,H1
11692,TOYOTA,2013,1.5,Petrol,Automatic,76864,Hatchback,15530,Aqua
11693,TOYOTA,2012,1.8,Hybrid,Variator,84506,Hatchback,24462,Prius
11694,RENAULT,2008,1.5,Diesel,Manual,10812,Goods wagon,12858,Megane
11695,HONDA,2005,1.3,Petrol,Automatic,41632,Hatchback,5645,FIT
11696,NISSAN,2013,1.6,Petrol,Manual,46574,Jeep,22580,Juke
11697,BMW,2005,3.0,Diesel,Manual,124274,Jeep,24775,X5
11698,HYUNDAI,2016,2.5,Diesel,Automatic,68876,Universal,44843,H1
11699,FORD,2017,2.0,Hybrid,Automatic,49447,Sedan,2822,Fusion
11700,LAND ROVER,2004,1.8,LPG,Manual,111847,Jeep,10036,Freelander
11701,AUDI,2008,3.2,Petrol,Tiptronic,126138,Coupe,21326,A5 Sportback
11702,TOYOTA,2013,2.5,Petrol,Automatic,120521,Jeep,5018,RAV 4
11703,NISSAN,2015,1.8,Petrol,Automatic,19867,Sedan,2430,Sentra
11704,TOYOTA,2009,1.8,Hybrid,Tiptronic,69041,Hatchback,14113,Prius
11705,HYUNDAI,2011,2.5,Diesel,Automatic,150528,Universal,18647,H1
11706,HYUNDAI,2013,1.8,Petrol,Tiptronic,9942,Sedan,18189,Elantra
11707,HYUNDAI,2015,2.0,LPG,Automatic,27038,Sedan,9418,Sonata
11708,MITSUBISHI,2002,2.0,Petrol,Tiptronic,75807,Jeep,8781,Airtrek
11709,NISSAN,2013,1.8,Petrol,Automatic,113971,Sedan,2901,Sentra
11710,HONDA,2017,2.0,Petrol,Automatic,14434,Sedan,52520,Civic
11711,SSANGYONG,2017,1.6,Diesel,Automatic,31390,Jeep,40092,Actyon
11712,BMW,2012,3.0,Diesel,Automatic,142894,Jeep,10820,X5
11713,MERCEDES-BENZ,2011,3.0,Diesel,Automatic,169750,Sedan,9879,E 350
11714,FORD,2003,2.0,Diesel,Manual,165285,Goods wagon,13172,Transit
11715,KIA,2013,2.4,Hybrid,Tiptronic,87894,Sedan,17249,Optima
11716,MAZDA,2003,1.3,Petrol,Automatic,114050,Hatchback,5015,Demio
11717,BMW,1996,2.0,Petrol,Manual,172741,Sedan,5645,520
11718,MAZDA,2013,2.5,LPG,Tiptronic,89207,Minivan,18346,Mazda 5
11719,BMW,2013,3.0,Diesel,Automatic,85626,Jeep,1019,X5
11720,HYUNDAI,2011,1.6,Petrol,Automatic,98177,Sedan,18798,Elantra
11721,FORD,2011,3.0,Petrol,Automatic,90099,Jeep,11604,Escape
11722,SUBARU,2012,2.5,Petrol,Automatic,134838,Jeep,15053,Forester
11723,HYUNDAI,2013,1.8,Petrol,Tiptronic,16777,Sedan,17876,Elantra
11724,TOYOTA,2005,1.5,Petrol,Variator,90099,Hatchback,11917,Vitz
11725,SSANGYONG,2009,2.7,Diesel,Automatic,99782,Jeep,21357,REXTON
11726,AUDI,2014,3.0,Petrol,Automatic,87307,Hatchback,3058,A7
11727,BMW,2012,3.0,Diesel,Tiptronic,73570,Jeep,50178,X5 35d
11728,HONDA,2017,1.5,Petrol,Automatic,19263,Hatchback,59313,FIT
11729,NISSAN,2005,3.5,CNG,Automatic,96437,Jeep,20385,Murano
11730,TOYOTA,2012,2.5,Petrol,Tiptronic,78728,Sedan,21326,Camry
11731,HYUNDAI,2016,2.0,Diesel,Automatic,75261,Jeep,44523,Santa FE
11732,TOYOTA,2004,2.4,Petrol,Automatic,136702,Minivan,11917,Ipsum
11733,TOYOTA,2012,2.5,Hybrid,Automatic,99419,Sedan,27598,Camry
11734,KIA,2013,2.0,Diesel,Automatic,41127,Jeep,14426,Sportage
11735,TOYOTA,2013,2.5,Hybrid,Tiptronic,77671,Sedan,32929,Avalon
11736,HONDA,2015,1.5,Hybrid,Automatic,22136,Universal,26644,FIT
11737,HYUNDAI,2016,2.0,LPG,Automatic,180884,Sedan,15681,Sonata
11738,HONDA,2010,1.3,Petrol,Automatic,129867,Hatchback,11604,Insight
11739,TOYOTA,2013,1.8,Hybrid,Automatic,42067,Hatchback,22894,Prius
11740,MERCEDES-BENZ,2016,3.0,Petrol,Automatic,53555,Jeep,39829,GLE 350
11741,TOYOTA,2013,1.8,Hybrid,Automatic,60273,Hatchback,19757,Prius
11742,MERCEDES-BENZ,2015,2.0,Petrol,Automatic,57976,Jeep,5018,GLA 250
11743,VOLKSWAGEN,2015,1.4,Hybrid,Automatic,80801,Sedan,1411,Jetta
11744,MITSUBISHI,2003,2.4,CNG,Tiptronic,128624,Jeep,6272,Outlander
11745,BMW,2015,3.0,Petrol,Tiptronic,57788,Sedan,53314,535
11746,HYUNDAI,2015,1.8,Petrol,Tiptronic,58757,Sedan,16308,Elantra
11747,MERCEDES-BENZ,1999,2.8,CNG,Automatic,69041,Sedan,10976,E 280
11748,NISSAN,2008,3.5,Petrol,Automatic,135581,Jeep,10036,Murano
11749,MERCEDES-BENZ,2006,2.5,Petrol,Manual,139808,Sedan,15681,C 230
11750,TOYOTA,2015,1.5,Hybrid,Automatic,103673,Hatchback,9060,Aqua
11751,MINI,2002,1.6,Petrol,Manual,93206,Coupe,7840,Cooper
11752,BMW,2004,3.0,Diesel,Tiptronic,186411,Jeep,17249,X5
11753,LEXUS,2008,3.3,Hybrid,Automatic,139578,Jeep,8154,RX 400
11754,PORSCHE,2006,4.5,Petrol,Tiptronic,93206,Jeep,18817,Cayenne
11755,LEXUS,2010,4.6,Petrol,Automatic,108965,Sedan,8154,LS 460
11756,HYUNDAI,2016,2.0,Diesel,Automatic,101533,Jeep,41221,Santa FE
11757,TOYOTA,2015,1.8,Petrol,Automatic,50952,Sedan,25089,Corolla
11758,HYUNDAI,2016,2.0,Petrol,Automatic,27340,Sedan,19757,Elantra SE
11759,KIA,2018,2.0,Petrol,Automatic,66554,Sedan,6429,SOUL
11760,MERCEDES-BENZ,2012,3.5,Diesel,Automatic,149742,Sedan,1646,E 350
11761,LEXUS,2010,3.5,Hybrid,Automatic,195900,Jeep,2509,RX 450
11762,HYUNDAI,2010,2.0,Diesel,Automatic,55329,Jeep,28532,Tucson
11763,FORD,2014,2.0,Hybrid,Automatic,17212,Sedan,14113,Fusion
11764,CHEVROLET,2010,1.8,Petrol,Automatic,31206,Sedan,6743,Cruze
11765,CHEVROLET,2009,1.6,Petrol,Automatic,69451,Sedan,13150,Lacetti
11766,BMW,2015,2.0,Petrol,Automatic,72508,Sedan,1960,528
11767,HONDA,2018,2.0,Petrol,Automatic,16886,Coupe,59834,Civic
11768,HYUNDAI,2013,2.0,Petrol,Automatic,19499,Sedan,15367,Sonata
11769,HONDA,2018,1.5,Petrol,Automatic,8108,Hatchback,59837,Civic
11770,TOYOTA,2002,1.5,Petrol,Manual,15339,Sedan,4704,Vitz
11771,HYUNDAI,2016,2.5,Diesel,Automatic,49654,Minivan,40889,H1
11772,TOYOTA,2017,2.5,Hybrid,Automatic,31390,Sedan,5959,Avalon
11773,HYUNDAI,2010,2.0,Diesel,Automatic,80989,Jeep,7213,Tucson
11774,HONDA,2014,1.5,Petrol,Automatic,102526,Hatchback,14950,FIT
11775,CHEVROLET,2017,2.5,Petrol,Automatic,35099,Sedan,35617,Impala
11776,VAZ,1999,1.7,CNG,Manual,69041,Jeep,1600,2121 (Niva)
11777,FORD,2016,2.0,Hybrid,Automatic,51136,Sedan,5645,Fusion
11778,HYUNDAI,2009,1.6,Petrol,Automatic,49309,Sedan,12287,Elantra
11779,VOLKSWAGEN,2017,1.8,Petrol,Automatic,30944,Sedan,34497,Passat
11780,FORD,2018,3.5,Petrol,Automatic,7968,Jeep,5331,Taurus
11781,HYUNDAI,2013,1.8,Petrol,Automatic,60014,Sedan,15681,Elantra
11782,BMW,2012,3.0,Diesel,Automatic,170317,Jeep,7213,X5
11783,HYUNDAI,2012,1.6,Petrol,Automatic,43618,Sedan,27065,Elantra
11784,HYUNDAI,2016,1.6,LPG,Automatic,17605,Sedan,18503,Elantra
11785,TOYOTA,2013,2.5,Petrol,Tiptronic,54681,Sedan,21639,Camry
11786,MERCEDES-BENZ,2013,1.8,Petrol,Tiptronic,68972,Sedan,28852,"C 250 AMG-PAKET-1,8"
11787,FORD,2006,2.4,Diesel,Manual,118060,Microbus,17249,Transit 2.4
11788,CHEVROLET,2016,2.5,Petrol,Automatic,54508,Sedan,42557,Impala
11789,FORD,2014,2.2,Diesel,Manual,104390,Microbus,15681,Transit
11790,NISSAN,2013,1.2,Petrol,Variator,21748,Hatchback,10500,Note
11791,BMW,1996,2.5,Petrol,Manual,144158,Sedan,4704,525 Vanos
11792,CHEVROLET,2007,2.0,Diesel,Automatic,45246,Jeep,5802,Captiva
11793,HYUNDAI,2016,2.0,LPG,Automatic,149485,Sedan,16308,Sonata
11794,SSANGYONG,2008,2.0,Diesel,Automatic,34021,Jeep,4077,Kyron
11795,HYUNDAI,2019,2.0,Diesel,Automatic,3796,Jeep,61894,Tucson
11796,HYUNDAI,2010,2.5,Diesel,Automatic,44439,Minivan,7317,H1
11797,CHEVROLET,2013,1.8,Petrol,Automatic,76152,Sedan,16041,Cruze
11798,MERCEDES-BENZ,2002,4.3,Petrol,Automatic,18020,Sedan,10976,S 500
11799,FORD,2015,3.5,Petrol,Automatic,35093,Sedan,51965,Taurus
11800,KIA,2012,2.4,Petrol,Tiptronic,96437,Sedan,16300,Optima
11801,CHEVROLET,2017,2.4,Petrol,Automatic,71814,Jeep,1960,Equinox
11802,HYUNDAI,2014,2.5,Diesel,Automatic,65530,Minivan,36899,H1
11803,TOYOTA,2017,1.5,Hybrid,Tiptronic,16606,Hatchback,14426,Prius C
11804,KIA,2016,1.0,Petrol,Automatic,21207,Sedan,11917,Picanto
11805,HYUNDAI,2011,2.2,Diesel,Automatic,103288,Jeep,21395,Santa FE
11806,SSANGYONG,2013,2.0,Diesel,Automatic,66574,Jeep,32045,REXTON
11807,HONDA,2010,1.3,Hybrid,Automatic,130959,Hatchback,2509,Insight
11808,MERCEDES-BENZ,2002,3.2,Petrol,Tiptronic,117439,Sedan,16308,E 320
11809,HYUNDAI,2012,2.0,Diesel,Automatic,94445,Jeep,24543,Tucson
11810,LEXUS,2011,3.5,Petrol,Automatic,77052,Jeep,1411,RX 350
11811,MAZDA,2016,2.5,Petrol,Automatic,96227,Sedan,3293,CX-9
11812,CHEVROLET,2014,1.6,Petrol,Automatic,20350,Sedan,16766,Aveo
11813,NISSAN,2002,2.0,Petrol,Tiptronic,84506,Sedan,4704,Primera
11814,LEXUS,2014,1.8,Hybrid,Automatic,97555,Hatchback,33243,CT 200h
11815,TOYOTA,2017,1.8,Hybrid,Automatic,29622,Sedan,1882,Prius
11816,NISSAN,2003,3.5,Petrol,Automatic,37904,Jeep,10036,Murano
11817,HONDA,2009,1.3,Hybrid,Automatic,40389,Sedan,13799,Insight
11818,LEXUS,2010,3.5,Hybrid,Automatic,115578,Jeep,13328,RX 450
11819,HYUNDAI,2010,2.0,Diesel,Automatic,85759,Jeep,28241,Tucson
11820,HYUNDAI,2008,2.5,Diesel,Automatic,41357,Minivan,14740,H1
11821,MERCEDES-BENZ,2006,3.5,CNG,Tiptronic,70836,Jeep,19757,ML 350
11822,KIA,2020,2.4,Petrol,Automatic,3862,Jeep,1098,Sportage
11823,HYUNDAI,2017,2.5,Diesel,Automatic,69919,Universal,47217,H1
11824,CHEVROLET,2007,1.7,Petrol,Manual,6835,Jeep,7840,Niva
11825,FORD,2013,2.0,Hybrid,Variator,99419,Hatchback,17876,C-MAX
11826,CHEVROLET,2011,1.6,Petrol,Automatic,78191,Sedan,10697,Aveo
11827,FORD,2017,2.0,Hybrid,Automatic,11706,Sedan,21796,Fusion
11828,JEEP,2016,2.4,Petrol,Tiptronic,33368,Jeep,34811,Renegade
11829,TOYOTA,2014,2.5,Petrol,Tiptronic,45360,Sedan,11917,Camry
11830,VOLKSWAGEN,2016,1.8,Petrol,Tiptronic,31314,Sedan,20385,Passat
11831,MERCEDES-BENZ,2012,3.5,Diesel,Automatic,79661,Sedan,4861,E 350
11832,HYUNDAI,2016,2.5,Diesel,Automatic,37904,Minivan,42152,H1
11833,LEXUS,2013,1.8,Hybrid,Tiptronic,165915,Hatchback,17876,CT 200h
11834,HONDA,2013,1.3,Petrol,Automatic,24664,Universal,13065,FIT
11835,HYUNDAI,2017,2.0,Diesel,Automatic,43993,Jeep,52357,Santa FE
11836,HONDA,2013,1.8,Petrol,Automatic,105633,Sedan,19378,Civic
11837,SUBARU,2004,2.0,CNG,Tiptronic,74565,Jeep,7840,Forester
11838,HYUNDAI,2017,2.0,LPG,Automatic,189532,Sedan,13799,Sonata
11839,KIA,2008,1.1,Petrol,Manual,56545,Hatchback,10976,Picanto
11840,MITSUBISHI,2000,1.8,Petrol,Automatic,69041,Jeep,9408,Pajero IO
11841,KIA,2015,2.4,Hybrid,Automatic,66871,Sedan,3920,Optima
11842,CHEVROLET,2016,3.6,Petrol,Automatic,45957,Sedan,52959,Impala
11843,TOYOTA,2012,1.5,Petrol,Tiptronic,94448,Hatchback,23521,Prius C
11844,JEEP,2014,2.4,Petrol,Automatic,46370,Jeep,29489,Compass
11845,TOYOTA,2009,1.5,Petrol,Variator,91342,Hatchback,9408,Prius
11846,MERCEDES-BENZ,2005,2.2,Diesel,Manual,147265,Minivan,15681,Vito
11847,HYUNDAI,2011,2.0,Diesel,Automatic,117696,Jeep,18312,Tucson
11848,HYUNDAI,2014,2.4,Petrol,Automatic,79477,Sedan,1568,Sonata
11849,SUBARU,2014,2.0,Hybrid,Automatic,168063,Sedan,15681,XV
11850,HYUNDAI,2015,2.0,Diesel,Automatic,32094,Jeep,48202,Santa FE
11851,HYUNDAI,2012,1.6,Petrol,Automatic,135459,Sedan,13589,Elantra
11852,MITSUBISHI,2002,2.0,Petrol,Tiptronic,118060,Universal,10976,Airtrek
11853,NISSAN,2013,1.6,Petrol,Automatic,193941,Jeep,7056,Juke
11854,CHEVROLET,2012,2.0,Diesel,Automatic,99419,Jeep,21940,Orlando
11855,HONDA,2011,1.3,Hybrid,Automatic,76429,Hatchback,9095,FIT
11856,HONDA,2001,1.5,Petrol,Automatic,69041,Sedan,6272,Civic
11857,HYUNDAI,2013,1.8,Petrol,Automatic,129000,Jeep,9408,Elantra
11858,NISSAN,2012,1.6,Petrol,Automatic,76834,Jeep,1725,Juke
11859,AUDI,2011,3.2,Petrol,Automatic,85749,Sedan,17249,A6
11860,BMW,1998,1.8,Petrol,Automatic,159591,Sedan,5331,318
11861,FORD,2016,1.5,Petrol,Automatic,43848,Sedan,5488,Fusion
11862,NISSAN,2005,2.2,Diesel,Manual,1864,Goods wagon,7840,Vanette
11863,MERCEDES-BENZ,2013,3.5,Diesel,Automatic,66984,Sedan,3450,E 350
11864,CHRYSLER,2014,3.6,Petrol,Automatic,83204,Sedan,5488,300
11865,TOYOTA,2008,3.3,Hybrid,Automatic,207795,Sedan,12544,Highlander
11866,TOYOTA,2011,1.8,Hybrid,Automatic,96313,Hatchback,17562,Prius
11867,TOYOTA,2012,2.5,Petrol,Tiptronic,61516,Sedan,17249,Camry
11868,HYUNDAI,2014,1.6,Diesel,Automatic,69116,Sedan,18826,Elantra
11869,BMW,2011,3.0,Petrol,Tiptronic,142915,Coupe,30734,335 M paket
11870,BMW,2010,4.4,Petrol,Automatic,66700,Hatchback,1019,550
11871,KIA,2014,2.0,Petrol,Automatic,22392,Sedan,16308,Optima
11872,HYUNDAI,2016,2.0,Petrol,Tiptronic,14292,Jeep,30420,Tucson
11873,MERCEDES-BENZ,2006,1.7,Petrol,Tiptronic,60894,Sedan,10192,B 170 B Class
11874,FORD,2014,1.5,Petrol,Tiptronic,42750,Sedan,18817,Fusion
11875,BMW,1997,1.6,Petrol,Manual,1926,Sedan,4500,318
11876,HONDA,2014,1.5,Petrol,Automatic,114954,Hatchback,16935,FIT
11877,HYUNDAI,2016,1.6,Petrol,Automatic,20254,Sedan,18817,Elantra
11878,TOYOTA,2011,2.7,Petrol,Automatic,125250,Jeep,5175,Venza
11879,MERCEDES-BENZ,2014,1.8,Petrol,Automatic,97358,Sedan,23521,C 250
11880,HYUNDAI,2017,1.6,LPG,Automatic,85705,Sedan,27033,Elantra
11881,BMW,2011,3.0,Diesel,Automatic,206446,Jeep,10349,X5
11882,HONDA,2017,2.4,Petrol,Automatic,41238,Sedan,4861,Accord
11883,DAEWOO,2010,1.8,Petrol,Automatic,86215,Sedan,5959,Lacetti
11884,TOYOTA,2018,2.5,Hybrid,Automatic,21784,Sedan,18817,Camry
11885,BMW,2011,3.0,Petrol,Automatic,101905,Coupe,18189,328
11886,HYUNDAI,2016,2.0,Petrol,Automatic,43496,Sedan,27598,Elantra
11887,BMW,2014,3.0,Diesel,Automatic,87852,Jeep,25716,X5
11888,CHEVROLET,2012,1.4,Hybrid,Automatic,100780,Hatchback,4547,Volt
11889,HONDA,2004,1.3,Petrol,Automatic,9445,Hatchback,7213,FIT
11890,KIA,2012,2.4,Petrol,Tiptronic,57166,Sedan,12231,Optima
11891,TOYOTA,2010,1.8,Petrol,Variator,114954,Sedan,17876,Prius
11892,MERCEDES-BENZ,2014,3.5,Diesel,Automatic,124385,Sedan,30734,E 350
11893,TOYOTA,2013,1.5,Petrol,Automatic,58291,Hatchback,22502,Aqua
11894,SUBARU,2005,3.0,Petrol,Automatic,621,Jeep,7150,B9 Tribeca
11895,CHEVROLET,2012,1.4,Petrol,Automatic,59030,Sedan,13172,Cruze
11896,CHEVROLET,2018,1.4,Petrol,Automatic,27128,Sedan,11760,Cruze
11897,HYUNDAI,2014,1.6,Petrol,Automatic,34010,Sedan,24709,Elantra
11898,KIA,2012,2.0,Petrol,Automatic,34499,Sedan,14113,Optima
11899,TOYOTA,2006,1.3,Petrol,Automatic,59030,Hatchback,10000,Vitz
11900,HYUNDAI,2015,2.0,Petrol,Automatic,36754,Sedan,42692,Sonata
11901,HYUNDAI,2016,2.0,LPG,Automatic,84817,Sedan,22273,Sonata
11902,KIA,2016,2.0,Diesel,Automatic,33890,Jeep,39829,Sorento
11903,HYUNDAI,2012,2.4,Hybrid,Automatic,161515,Sedan,4077,Sonata
11904,FORD,2015,2.0,Hybrid,Automatic,92403,Sedan,4704,Fusion
11905,TOYOTA,2012,1.5,Hybrid,Automatic,75453,Hatchback,15530,Aqua
11906,SSANGYONG,2016,1.6,Petrol,Automatic,17833,Jeep,44166,Actyon
11907,HYUNDAI,2010,2.0,Diesel,Automatic,93827,Jeep,23408,Santa FE
11908,JEEP,2010,2.4,Petrol,Automatic,86992,Jeep,22332,Compass
11909,TOYOTA,2013,1.8,Hybrid,Automatic,80778,Sedan,18817,Prius
11910,MERCEDES-BENZ,2014,3.5,Petrol,Tiptronic,45981,Sedan,55823,E 350
11911,NISSAN,2015,2.5,Petrol,Automatic,80533,Sedan,1098,Altima
11912,LEXUS,2014,1.8,Hybrid,Automatic,41010,Hatchback,29793,CT 200h
11913,MERCEDES-BENZ,2013,4.6,Petrol,Automatic,122547,Sedan,35438,S 550
11914,FORD,2015,2.0,Petrol,Automatic,62137,Sedan,11290,Focus
11915,TOYOTA,2015,2.5,Hybrid,Automatic,41010,Sedan,43592,Avalon
11916,BMW,2010,3.0,Petrol,Tiptronic,118060,Sedan,17249,328
11917,HYUNDAI,2016,2.0,Petrol,Tiptronic,100414,Sedan,25089,Elantra
11918,TOYOTA,2014,2.5,Hybrid,Automatic,111462,Sedan,11133,Camry
11919,TOYOTA,2010,2.5,Petrol,Tiptronic,164042,Sedan,19130,Camry
11920,HYUNDAI,2014,1.6,Petrol,Automatic,44507,Sedan,25591,Elantra
11921,MERCEDES-BENZ,2008,1.7,Petrol,Tiptronic,54059,Hatchback,7840,B 200
11922,TOYOTA,2007,1.5,Hybrid,Variator,89477,Hatchback,13172,Prius
11923,CHEVROLET,2017,1.5,Hybrid,Automatic,71867,Hatchback,9879,Volt
11924,HONDA,2013,1.3,Petrol,Automatic,74824,Hatchback,4936,FIT
11925,VOLKSWAGEN,2009,2.5,Petrol,Tiptronic,80778,Sedan,14113,Jetta
11926,HYUNDAI,2014,2.4,Petrol,Tiptronic,92460,Sedan,18503,Sonata
11927,VAZ,2007,1.7,Petrol,Manual,8078,Jeep,8781,2121 (Niva)
11928,TOYOTA,2012,2.5,Hybrid,Automatic,7456,Sedan,25089,Camry
11929,HYUNDAI,2012,2.0,Diesel,Automatic,108561,Jeep,22843,Santa FE
11930,VOLKSWAGEN,2010,2.5,Petrol,Tiptronic,8948,Sedan,9500,Jetta
11931,NISSAN,2008,2.5,Petrol,Tiptronic,69594,Sedan,10976,Skyline
11932,TOYOTA,2009,2.4,Hybrid,Automatic,86992,Sedan,10976,Camry
11933,VOLKSWAGEN,2013,2.5,Petrol,Automatic,46603,Sedan,21326,Jetta sel
11934,HYUNDAI,2014,2.0,Diesel,Automatic,72971,Jeep,34240,Tucson
11935,NISSAN,2003,2.0,Petrol,Automatic,90099,Jeep,11604,X-Trail
11936,HYUNDAI,2010,2.0,Petrol,Automatic,57935,Coupe,15458,Genesis
11937,MERCEDES-BENZ,2017,2.0,Petrol,Automatic,68107,Jeep,17562,GLA 250
11938,TOYOTA,2014,1.8,Petrol,Automatic,93206,Sedan,23521,Prius
11939,FORD,2017,1.0,Petrol,Automatic,20878,Sedan,18817,Focus
11940,HYUNDAI,2011,2.0,Petrol,Automatic,40182,Sedan,13423,Sonata
11941,FORD,2016,2.0,Plug-in Hybrid,Automatic,27617,Sedan,40456,Fusion
11942,MAZDA,2014,2.5,Petrol,Automatic,81511,Jeep,2274,616
11943,HONDA,2015,1.5,Petrol,Automatic,17891,Hatchback,37301,FIT
11944,HYUNDAI,2010,2.5,Diesel,Automatic,138940,Minivan,19441,H1
11945,HYUNDAI,2015,2.0,Diesel,Automatic,102524,Jeep,33243,Santa FE
11946,TOYOTA,2018,2.5,Hybrid,Automatic,21784,Sedan,18817,Camry
11947,HYUNDAI,2010,1.6,Petrol,Automatic,69853,Sedan,14069,Elantra
11948,NISSAN,2016,1.8,Petrol,Automatic,11930,Sedan,21937,Sentra
11949,SSANGYONG,2013,2.0,Diesel,Automatic,65818,Jeep,39161,REXTON
11950,VOLKSWAGEN,2013,2.0,Petrol,Automatic,89303,Sedan,2038,Scirocco
11951,HONDA,2004,1.5,Petrol,Variator,77195,Hatchback,10036,FIT
11952,OPEL,1998,1.6,Petrol,Manual,124274,Hatchback,7527,Astra
11953,NISSAN,2005,1.8,Petrol,Variator,118060,Hatchback,9600,Tiida
11954,VOLKSWAGEN,2015,1.8,Petrol,Tiptronic,55302,Sedan,11917,Jetta
11955,VOLKSWAGEN,2014,2.0,Diesel,Automatic,51196,Sedan,1568,Jetta
11956,SSANGYONG,2010,2.7,Diesel,Automatic,140088,Jeep,20592,REXTON
11957,TOYOTA,2011,2.5,Petrol,Tiptronic,96437,Sedan,19761,Camry
11958,HONDA,2005,1.5,Petrol,Tiptronic,138566,Sedan,8154,FIT
11959,MERCEDES-BENZ,2005,2.2,Diesel,Manual,72700,Microbus,19757,Sprinter
11960,TOYOTA,2013,2.5,Hybrid,Automatic,105633,Sedan,26657,Camry
11961,SSANGYONG,2011,2.0,Diesel,Automatic,47622,Jeep,9948,Actyon
11962,MERCEDES-BENZ,1999,1.2,Diesel,Manual,69041,Sedan,1000,E 200
11963,VOLKSWAGEN,2011,2.5,Petrol,Tiptronic,84506,Sedan,16400,Jetta
11964,TOYOTA,2010,2.4,Hybrid,Automatic,80262,Sedan,2352,Camry
11965,KIA,2016,2.0,Hybrid,Automatic,47132,Sedan,26030,Optima HYBRID
11966,TOYOTA,2012,2.5,Hybrid,Automatic,99033,Sedan,3136,Camry
11967,LEXUS,2010,4.6,Petrol,Automatic,96823,Jeep,39201,GX 460
11968,BMW,2001,3.0,Petrol,Manual,104390,Sedan,11604,330
11969,KIA,2017,2.0,Hybrid,Tiptronic,16156,Sedan,37633,Optima
11970,TOYOTA,2019,2.5,Petrol,Automatic,11837,Sedan,34497,Camry se
11971,HONDA,2003,1.5,Petrol,Tiptronic,117439,Sedan,8154,FIT
11972,CHEVROLET,2012,2.0,Diesel,Automatic,142329,Jeep,15423,Orlando
11973,SUBARU,2014,2.5,Petrol,Variator,50331,Jeep,19444,Forester
11974,TOYOTA,2010,3.3,Hybrid,Automatic,186639,Jeep,14269,Highlander
11975,LEXUS,2015,3.5,Petrol,Automatic,56346,Jeep,47042,RX 350
11976,HONDA,2009,1.5,Petrol,Manual,149129,Hatchback,12544,FIT
11977,HYUNDAI,2020,2.4,Petrol,Automatic,9413,Sedan,16308,Santa FE
11978,TOYOTA,2012,2.5,Petrol,Tiptronic,89477,Sedan,26657,Camry SE
11979,FORD,2013,2.0,Plug-in Hybrid,Automatic,37282,Hatchback,22580,C-MAX
11980,MERCEDES-BENZ,2010,2.2,Diesel,Manual,195732,Minivan,34497,Vito
11981,AUDI,2012,3.2,Petrol,Tiptronic,34797,Jeep,36692,Q5
11982,TOYOTA,2012,1.5,Hybrid,Tiptronic,93206,Hatchback,9722,Aqua S
11983,MERCEDES-BENZ,2012,3.0,Diesel,Automatic,112003,Jeep,2979,ML 350
11984,HYUNDAI,2015,2.0,Diesel,Automatic,58465,Jeep,51373,Santa FE
11985,CHEVROLET,2011,2.0,Diesel,Automatic,100663,Sedan,14884,Cruze
11986,HONDA,1999,2.0,CNG,Manual,171001,Jeep,6115,Cr-v
11987,JAGUAR,2004,2.1,Petrol,Automatic,59652,Sedan,5959,X-type
11988,HYUNDAI,2014,2.5,Diesel,Automatic,74757,Minivan,30583,H1
11989,TOYOTA,2007,2.4,LPG,Automatic,89477,Sedan,15053,Camry
11990,MITSUBISHI,2005,2.0,Petrol,Automatic,96810,Jeep,15053,Pajero IO
11991,BMW,1998,1.9,Petrol,Manual,621,Sedan,6899,318
11992,FORD,2004,2.0,Diesel,Manual,82021,Goods wagon,13485,Transit
11993,BMW,2015,3.0,Petrol,Automatic,127046,Jeep,15994,X5
11994,HYUNDAI,2016,2.0,Hybrid,Automatic,156441,Sedan,16308,Sonata
11995,HYUNDAI,2016,2.0,LPG,Automatic,181960,Sedan,11290,Sonata
11996,TOYOTA,2007,1.5,Hybrid,Automatic,208781,Sedan,11917,Prius
11997,TOYOTA,2012,1.5,Petrol,Automatic,97555,Hatchback,16869,Aqua
11998,FORD,2014,2.0,Hybrid,Automatic,77356,Sedan,4861,Fusion
11999,VOLKSWAGEN,1997,1.9,Diesel,Manual,161556,Goods wagon,3763,Caddy
12000,HYUNDAI,2017,1.7,Diesel,Automatic,28167,Jeep,48534,Tucson
12001,TOYOTA,2014,1.8,Petrol,Automatic,88856,Sedan,21639,Corolla
12002,FORD,2012,2.5,Hybrid,Variator,159071,Sedan,8938,Fusion
12003,KIA,2016,2.4,Petrol,Tiptronic,46292,Sedan,22580,Optima
12004,HYUNDAI,2014,1.8,Petrol,Tiptronic,93454,Sedan,18817,Elantra
12005,TOYOTA,2015,1.8,Petrol,Automatic,94840,Sedan,4861,Corolla
12006,SUBARU,2014,2.5,Petrol,Automatic,31069,Jeep,25716,Forester
12007,TOYOTA,2013,2.5,Hybrid,Automatic,77164,Sedan,5018,Camry
12008,TOYOTA,2007,1.5,Hybrid,Automatic,95691,Hatchback,8781,Prius
12009,TOYOTA,2008,1.3,Petrol,Variator,69594,Hatchback,12544,Vitz RS
12010,TOYOTA,2013,1.8,Hybrid,Variator,91342,Hatchback,20071,Prius V
12011,CHEVROLET,2012,2.0,Diesel,Automatic,135785,Jeep,14834,Orlando
12012,KIA,2007,2.0,Diesel,Automatic,56689,Jeep,6899,Sportage
12013,SSANGYONG,2014,2.0,Diesel,Automatic,74533,Jeep,42987,REXTON
12014,MERCEDES-BENZ,2003,3.2,CNG,Tiptronic,84506,Sedan,20385,E 320
12015,MERCEDES-BENZ,2010,3.5,Petrol,Tiptronic,134589,Jeep,26971,ML 350
12016,MERCEDES-BENZ,1999,2.2,Diesel,Automatic,1864,Sedan,9408,E 220
12017,HYUNDAI,2012,2.0,Diesel,Automatic,85757,Jeep,32340,Santa FE
12018,HYUNDAI,2007,1.6,Petrol,Automatic,86371,Sedan,11368,Elantra
12019,CHEVROLET,2012,1.4,Petrol,Tiptronic,64623,Sedan,14113,Cruze
12020,VOLKSWAGEN,2009,2.5,Diesel,Manual,208159,Microbus,16621,Crafter
12021,TOYOTA,2012,2.5,Hybrid,Automatic,61080,Sedan,21796,Camry XLE
12022,NISSAN,2012,1.6,Petrol,Tiptronic,79535,Jeep,21169,Juke
12023,MERCEDES-BENZ,2012,3.5,Petrol,Tiptronic,34969,Sedan,29793,E 350
12024,HYUNDAI,2012,1.8,Petrol,Automatic,62137,Sedan,15367,Elantra
12025,JEEP,2012,2.4,Petrol,Automatic,54681,Jeep,32305,Compass
12026,HYUNDAI,2013,2.4,Petrol,Tiptronic,66611,Sedan,19130,Sonata LIMITED
12027,FORD,2008,2.5,Hybrid,Automatic,92460,Jeep,14426,Escape
12028,HYUNDAI,2017,1.6,Petrol,Automatic,17956,Jeep,30734,Tucson SE
12029,FORD,2015,1.6,Petrol,Automatic,76429,Jeep,28852,Escape
12030,TOYOTA,2008,2.2,Diesel,Manual,93206,Jeep,25089,RAV 4
12031,HYUNDAI,2016,2.5,Diesel,Automatic,59859,Minivan,42218,H1
12032,HYUNDAI,2012,3.8,Petrol,Automatic,58443,Sedan,17249,Genesis
12033,HYUNDAI,2017,2.0,Diesel,Automatic,86994,Jeep,36068,Tucson
12034,OPEL,2003,1.6,CNG,Manual,122721,Minivan,9408,Zafira
12035,HYUNDAI,2016,1.6,LPG,Automatic,85899,Sedan,21395,Elantra
12036,TOYOTA,2011,1.8,Hybrid,Automatic,62141,Sedan,17876,Prius
12037,TOYOTA,2013,2.5,Petrol,Automatic,191813,Sedan,3920,Camry
12038,TOYOTA,2014,1.5,Hybrid,Automatic,55915,Hatchback,18817,Prius
12039,OPEL,2001,2.2,CNG,Manual,108740,Sedan,4704,Vectra
12040,HYUNDAI,2007,2.4,Diesel,Manual,52195,Microbus,21953,H1
12041,MERCEDES-BENZ,2013,1.8,Petrol,Tiptronic,51884,Sedan,26030,C 250 1.8
12042,RENAULT,2008,1.9,Diesel,Manual,101361,Sedan,14583,Megane 1.9 CDI
12043,VOLKSWAGEN,2016,1.4,Petrol,Automatic,47514,Sedan,16621,Jetta SE
12044,LEXUS,2010,2.5,Petrol,Tiptronic,72700,Sedan,26030,IS 250
12045,TOYOTA,2002,2.4,Petrol,Automatic,68351,Minivan,10820,Ipsum
12046,TOYOTA,2012,1.8,Hybrid,Variator,132228,Hatchback,19914,Prius
12047,HYUNDAI,2011,2.0,Petrol,Automatic,118060,Sedan,14834,Sonata
12048,TOYOTA,2012,2.5,Hybrid,Tiptronic,54510,Sedan,11604,Camry HYBRID
12049,VOLKSWAGEN,2013,2.5,Petrol,Tiptronic,37282,Sedan,22580,Passat sel
12050,HYUNDAI,2012,1.6,Petrol,Automatic,102526,Sedan,20297,Elantra
12051,MERCEDES-BENZ,2014,3.5,Diesel,Automatic,136099,Sedan,29793,E 350
12052,HONDA,2011,1.3,Hybrid,Variator,107495,Hatchback,13328,Insight
12053,TOYOTA,2012,3.5,Petrol,Automatic,177206,Jeep,9565,Highlander
12054,TOYOTA,2013,1.8,Hybrid,Automatic,44277,Sedan,18660,Prius
12055,OPEL,2007,1.4,Petrol,Manual,114954,Sedan,13799,Astra
12056,HYUNDAI,2012,1.6,Petrol,Automatic,76429,Sedan,19707,Elantra
12057,HYUNDAI,2017,2.0,Petrol,Automatic,19412,Jeep,28068,Tucson SE
12058,FORD,2013,2.0,Hybrid,Automatic,112468,Sedan,27598,Fusion
12059,TOYOTA,2016,2.5,Hybrid,Automatic,24694,Jeep,3763,Camry
12060,CHEVROLET,2016,2.5,Petrol,Automatic,100258,Sedan,34387,Impala
12061,BMW,2013,3.0,Petrol,Tiptronic,74378,Jeep,28225,X5 E70
12062,HYUNDAI,2012,2.0,Diesel,Automatic,106873,Jeep,20814,Tucson
12063,CHEVROLET,2012,2.0,Diesel,Automatic,141097,Sedan,11992,Cruze
12064,LEXUS,2016,4.6,Petrol,Automatic,28487,Sedan,25716,LS 460
12065,MAZDA,2007,1.5,Petrol,Automatic,87613,Hatchback,9408,Verisa
12066,FORD,2014,3.7,Petrol,Tiptronic,79535,Coupe,31361,Mustang
12067,HONDA,2013,1.5,Hybrid,Automatic,101283,Hatchback,15367,FIT
12068,HYUNDAI,2010,2.4,Petrol,Tiptronic,78914,Sedan,15367,Sonata
12069,TOYOTA,2016,2.5,Hybrid,Automatic,34235,Sedan,1882,Avalon
12070,FORD,2013,2.0,Hybrid,Automatic,126766,Hatchback,17249,C-MAX
12071,SUBARU,2008,3.6,Petrol,Automatic,186411,Jeep,10976,B9 Tribeca
12072,HYUNDAI,2014,2.5,Diesel,Automatic,42612,Minivan,24559,H1
12073,TOYOTA,2014,1.5,Hybrid,Automatic,23805,Universal,26033,Aqua
12074,CHEVROLET,2013,2.4,Petrol,Automatic,104502,Jeep,3136,Equinox
12075,FORD,2014,2.0,Plug-in Hybrid,Tiptronic,63380,Hatchback,22266,C-MAX
12076,NISSAN,2013,1.6,Petrol,Automatic,103156,Jeep,2901,Juke
12077,TOYOTA,2010,1.8,Petrol,Automatic,124274,Sedan,17876,Prius
12078,BMW,2011,3.0,Petrol,Automatic,43465,Coupe,2666,335
12079,NISSAN,2007,2.0,CNG,Automatic,124274,Minivan,5500,LAFESTA
12080,FORD,2011,3.7,Petrol,Automatic,82021,Coupe,24462,Mustang
12081,HYUNDAI,2013,2.0,Diesel,Automatic,33082,Jeep,29166,Santa FE
12082,TOYOTA,2013,1.5,Hybrid,Automatic,72700,Hatchback,10036,Aqua S
12083,OPEL,2007,1.3,Diesel,Manual,114954,Universal,9095,Combo
12084,HYUNDAI,2014,1.6,Diesel,Automatic,88856,Sedan,13589,Accent
12085,HONDA,2014,1.5,Petrol,Automatic,17585,Hatchback,25243,FIT
12086,HYUNDAI,2010,2.0,Petrol,Automatic,69154,Sedan,12720,Sonata
12087,TOYOTA,2013,1.5,Hybrid,Variator,114954,Hatchback,12231,Aqua
12088,MAZDA,2002,2.3,Petrol,Manual,139187,Sedan,6272,Mazda 6
12089,SSANGYONG,2017,2.2,Diesel,Automatic,36110,Jeep,58579,REXTON
12090,TOYOTA,2019,2.4,Petrol,Tiptronic,6214,Sedan,61154,Camry
12091,HYUNDAI,2016,2.0,Petrol,Automatic,25143,Hatchback,3136,Elantra
12092,NISSAN,2000,3.0,Diesel,Manual,198839,Jeep,26657,Patrol
12093,CHEVROLET,2013,3.6,Petrol,Tiptronic,81400,Coupe,29793,Camaro
12094,MERCEDES-BENZ,2004,2.2,Diesel,Tiptronic,159692,Sedan,10976,E 220 ELEGANCE
12095,TOYOTA,2010,2.5,Petrol,Automatic,84613,Jeep,2822,RAV 4
12096,LEXUS,2010,4.6,Petrol,Automatic,221982,Jeep,16308,GX 470
12097,FORD,2005,2.4,Diesel,Manual,217480,Microbus,16621,Transit
12098,CHEVROLET,2012,1.4,Petrol,Manual,86992,Sedan,15681,Cruze
12099,TOYOTA,2014,2.5,Petrol,Tiptronic,58409,Sedan,22894,Camry
12100,HYUNDAI,2017,2.0,Diesel,Automatic,46603,Jeep,62355,Santa FE
12101,SSANGYONG,2011,2.0,Diesel,Automatic,97839,Jeep,17035,Actyon
12102,TOYOTA,2013,2.5,Hybrid,Automatic,16726,Sedan,4234,Camry
12103,CHEVROLET,2012,1.6,Petrol,Automatic,69554,Hatchback,13987,Aveo
12104,TOYOTA,2013,1.8,Hybrid,Automatic,67854,Hatchback,19130,Prius
12105,VOLKSWAGEN,2012,2.5,LPG,Automatic,105385,Sedan,14426,Jetta
12106,HONDA,2012,1.3,Hybrid,Variator,95691,Hatchback,11133,FIT
12107,KIA,2015,2.4,Hybrid,Automatic,55456,Hatchback,22894,Optima
12108,HONDA,2010,3.5,Petrol,Automatic,150239,Sedan,2666,Accord
12109,TOYOTA,2018,2.5,Petrol,Automatic,31814,Jeep,46728,RAV 4
12110,BMW,2008,3.0,Petrol,Variator,136702,Sedan,17876,528
12111,MERCEDES-BENZ,2017,2.0,Petrol,Automatic,31667,Sedan,56136,E 300
12112,HYUNDAI,2014,2.5,Diesel,Automatic,123601,Minivan,25264,H1
12113,HONDA,2004,1.3,Petrol,Variator,127350,Hatchback,6586,FIT
12114,TOYOTA,2014,3.5,Petrol,Automatic,59030,Jeep,30420,Highlander
12115,NISSAN,2016,1.8,Petrol,Automatic,34797,Sedan,21953,Sentra
12116,TOYOTA,2014,2.5,Hybrid,Tiptronic,45734,Sedan,47000,Avalon
12117,HONDA,2018,1.5,Petrol,Automatic,18603,Hatchback,55845,FIT
12118,HONDA,2005,2.4,Petrol,Tiptronic,690,Minivan,3136,Odyssey
12119,SUBARU,2011,2.0,Petrol,Tiptronic,79535,Hatchback,14900,Impreza
12120,TOYOTA,2015,2.5,Petrol,Automatic,152728,Sedan,5331,Camry
12121,VOLKSWAGEN,2013,2.0,Petrol,Tiptronic,59030,Sedan,13900,Jetta
12122,TOYOTA,2008,1.5,Petrol,Automatic,14292,Sedan,11290,Prius
12123,MITSUBISHI,2013,3.0,Petrol,Automatic,78293,Jeep,26971,Outlander
12124,NISSAN,2018,2.0,Petrol,Tiptronic,43496,Jeep,43592,Rogue SPORT
12125,KIA,2018,2.4,Petrol,Automatic,35802,Jeep,3293,Sorento
12126,HYUNDAI,2014,2.5,Diesel,Automatic,53579,Minivan,36899,H1
12127,HYUNDAI,2017,2.0,Diesel,Automatic,70836,Jeep,51194,Santa FE
12128,CHEVROLET,2012,2.0,Diesel,Automatic,53650,Jeep,21768,Orlando
12129,SSANGYONG,2013,2.0,Diesel,Automatic,57618,Jeep,35043,REXTON
12130,TOYOTA,2012,1.5,Hybrid,Variator,111847,Hatchback,10349,Aqua
12131,SUBARU,2019,2.0,Petrol,Automatic,792,Sedan,14426,Crosstrek
12132,CHEVROLET,2012,1.4,Petrol,Manual,86992,Sedan,15681,Cruze
12133,FORD,2015,2.0,Plug-in Hybrid,Tiptronic,111350,Hatchback,23521,C-MAX
12134,INFINITI,2008,3.7,Petrol,Manual,93827,Coupe,26657,G37
12135,MERCEDES-BENZ,2000,2.4,Petrol,Manual,156585,Sedan,9408,E 240
12136,TOYOTA,2014,1.8,Hybrid,Automatic,82437,Sedan,24148,Prius
12137,VOLKSWAGEN,1996,2.0,CNG,Manual,173984,Hatchback,4704,Golf
12138,HYUNDAI,2015,2.0,Diesel,Automatic,108677,Jeep,32744,Santa FE
12139,VOLKSWAGEN,2014,1.8,Petrol,Tiptronic,48467,Sedan,22580,Passat
12140,MERCEDES-BENZ,2004,2.4,Petrol,Tiptronic,59117,Sedan,13799,E 240
12141,TOYOTA,2005,1.3,Petrol,Automatic,118060,Hatchback,8151,Vitz
12142,TOYOTA,2010,1.8,Hybrid,Automatic,149750,Hatchback,15367,Prius
12143,TOYOTA,2019,2.0,Petrol,Automatic,2691,Jeep,29793,CHR
12144,HYUNDAI,2012,2.4,Hybrid,Automatic,161515,Sedan,4547,Sonata
12145,KIA,2014,2.0,Petrol,Automatic,24997,Sedan,16778,Optima
12146,KIA,2007,2.0,Diesel,Automatic,49570,Jeep,6899,Sportage
12147,OPEL,1998,1.6,Petrol,Manual,139187,Sedan,6586,Astra
12148,TOYOTA,2004,1.5,Petrol,Automatic,110604,Sedan,6586,Vitz
12149,TOYOTA,2012,2.5,Petrol,Tiptronic,43496,Sedan,22260,Camry
12150,HYUNDAI,2013,1.6,Petrol,Manual,55923,Coupe,14113,Veloster
12151,VOLKSWAGEN,2016,1.8,Petrol,Tiptronic,54059,Sedan,26343,Passat
12152,MERCEDES-BENZ,2004,3.5,CNG,Tiptronic,108740,Jeep,20071,ML 350 SPECIAL EDITION
12153,CHEVROLET,2012,3.0,Petrol,Automatic,213306,Jeep,1019,Equinox
12154,BMW,1999,1.9,CNG,Manual,7456,Sedan,4077,318
12155,LEXUS,2015,3.5,Petrol,Automatic,57188,Jeep,12544,RX 350
12156,CHEVROLET,2012,3.0,Petrol,Tiptronic,96313,Jeep,13485,Captiva
12157,SSANGYONG,2016,1.6,Diesel,Automatic,42850,Jeep,43868,Actyon
12158,TOYOTA,2013,2.5,Hybrid,Automatic,77617,Sedan,3763,Camry
12159,LEXUS,2013,4.6,Petrol,Automatic,125921,Jeep,6272,GX 470
12160,SSANGYONG,2017,1.6,Petrol,Automatic,44367,Jeep,35610,Actyon
12161,HYUNDAI,2014,2.0,Diesel,Automatic,56744,Jeep,55638,Santa FE
12162,HYUNDAI,2011,1.6,Petrol,Automatic,98177,Sedan,18798,Elantra
12163,NISSAN,2012,1.2,Petrol,Automatic,41010,Hatchback,7500,March
12164,NISSAN,2011,2.5,Petrol,Automatic,84175,Jeep,1411,Rogue
12165,NISSAN,2015,1.6,Petrol,Tiptronic,18094,Jeep,29793,Juke
12166,SSANGYONG,2016,2.2,Diesel,Automatic,9289,Jeep,53872,REXTON
12167,MERCEDES-BENZ,2014,1.8,Petrol,Automatic,44739,Sedan,36065,C 250
12168,TOYOTA,2015,1.8,Hybrid,Automatic,65117,Jeep,2038,Prius
12169,TOYOTA,2014,1.5,Hybrid,Automatic,59652,Hatchback,9500,Aqua
12170,MERCEDES-BENZ,2004,3.2,LPG,Tiptronic,152236,Minivan,23521,Viano
12171,KIA,2014,2.4,Hybrid,Automatic,167468,Sedan,15524,Optima HYBRID
12172,TOYOTA,2014,1.5,Hybrid,Variator,94448,Hatchback,14740,Prius C hybrid
12173,MERCEDES-BENZ,2012,3.0,Diesel,Automatic,106392,Sedan,9252,E 350
12174,MINI,2011,1.6,Petrol,Tiptronic,114332,Jeep,25716,Countryman
12175,HYUNDAI,2015,1.6,Petrol,Automatic,64514,Sedan,27065,Elantra
12176,FORD,2012,2.0,Hybrid,Automatic,7204,Hatchback,11604,C-MAX SE
12177,NISSAN,2011,2.5,Petrol,Automatic,35418,Jeep,12544,Rogue
12178,OPEL,2007,1.4,Petrol,Manual,93206,Universal,12544,Astra
12179,VOLVO,2011,2.5,Petrol,Tiptronic,62137,Sedan,9408,S60
12180,TOYOTA,2012,1.8,Hybrid,Automatic,71458,Hatchback,18100,Prius
12181,NISSAN,2010,1.6,Petrol,Tiptronic,100854,Jeep,19444,Juke juke
12182,KIA,2010,2.2,Diesel,Automatic,48094,Jeep,15367,Sorento
12183,HONDA,2013,1.5,Hybrid,Automatic,90019,Jeep,8311,Civic
12184,TOYOTA,2013,1.8,Hybrid,Automatic,123885,Sedan,18817,Prius
12185,HYUNDAI,2014,2.0,Petrol,Automatic,40911,Coupe,34074,Genesis
12186,MERCEDES-BENZ,2001,3.2,Petrol,Automatic,1243,Sedan,9408,E 320
12187,TOYOTA,2017,2.5,Petrol,Tiptronic,29826,Sedan,21796,Camry
12188,HONDA,2018,2.0,Petrol,Automatic,24009,Sedan,53185,Civic
12189,SSANGYONG,2011,2.0,Diesel,Automatic,81470,Jeep,22649,REXTON
12190,CHEVROLET,2016,2.5,Petrol,Automatic,80442,Sedan,38251,Impala
12191,HYUNDAI,2018,1.6,Petrol,Automatic,40845,Sedan,33575,Elantra
12192,OPEL,1996,1.6,Petrol,Manual,18641,Universal,3500,Astra
12193,HONDA,2013,1.3,Hybrid,Variator,70836,Hatchback,15053,FIT Hybrid
12194,HYUNDAI,2016,2.0,Petrol,Manual,33921,Sedan,17876,Elantra
12195,AUDI,2011,2.0,Petrol,Tiptronic,91466,Sedan,27911,A4
12196,FORD,2014,2.0,Hybrid,Automatic,158111,Sedan,16621,C-MAX
12197,AUDI,2010,3.2,Petrol,Automatic,175626,Jeep,4077,Q5
12198,FORD,2013,1.6,Petrol,Tiptronic,72700,Sedan,10349,Fusion
12199,FORD,2014,2.5,Petrol,Tiptronic,82642,Sedan,18189,Fusion
12200,DAEWOO,2011,1.6,Petrol,Automatic,99806,Sedan,12432,Lacetti
12201,HYUNDAI,2010,1.6,Petrol,Automatic,64094,Sedan,15132,Elantra
12202,MERCEDES-BENZ,2012,3.5,Diesel,Automatic,79661,Sedan,4861,E 350
12203,MERCEDES-BENZ,2001,2.0,Petrol,Automatic,184174,Sedan,4600,C 180
12204,CHEVROLET,2007,2.0,Diesel,Automatic,74565,Pickup,13485,Captiva
12205,HYUNDAI,2018,1.7,Diesel,Automatic,24199,Jeep,43714,Tucson
12206,LEXUS,2015,3.5,Petrol,Tiptronic,22991,Jeep,54882,RX 350
12207,TOYOTA,2008,1.5,Hybrid,Variator,109361,Hatchback,12544,Prius
12208,HYUNDAI,2016,2.5,Diesel,Automatic,77490,Universal,44517,H1
12209,FORD,2013,3.5,Petrol,Automatic,28966,Jeep,65024,Explorer
12210,LEXUS,2014,1.8,Hybrid,Automatic,82371,Hatchback,11447,CT 200h
12211,SUZUKI,2006,2.7,Petrol,Automatic,185914,Jeep,13700,Grand Vitara
12212,TOYOTA,2009,1.8,Petrol,Variator,131234,Hatchback,17876,Prius
12213,CHEVROLET,2016,1.6,Diesel,Automatic,75930,Jeep,23304,Orlando
12214,HYUNDAI,2015,2.0,LPG,Automatic,176404,Sedan,15367,Sonata
12215,TOYOTA,2014,1.8,Hybrid,Automatic,42253,Hatchback,23000,Prius
12216,VOLKSWAGEN,1999,2.0,Petrol,Manual,154100,Sedan,4704,Jetta
12217,HYUNDAI,2013,1.8,Petrol,Tiptronic,49710,Sedan,13172,Elantra
12218,CHRYSLER,2005,3.0,Petrol,Automatic,62137,Cabriolet,13799,Crossfire
12219,HYUNDAI,2012,2.5,Diesel,Automatic,142915,Universal,17346,H1
12220,HYUNDAI,2013,2.4,Hybrid,Automatic,71458,Sedan,17249,Sonata
12221,BMW,2011,3.0,Petrol,Tiptronic,96934,Sedan,34497,535
12222,CHEVROLET,2014,1.6,Diesel,Automatic,100225,Jeep,19080,Orlando
12223,LEXUS,2011,4.6,Petrol,Automatic,99505,Jeep,43278,GX 460
12224,TOYOTA,2015,1.8,Hybrid,Automatic,65117,Sedan,2038,Prius
12225,OPEL,2000,1.6,CNG,Automatic,115436,Sedan,5959,Astra G
12226,HYUNDAI,2014,2.5,Diesel,Automatic,107802,Minivan,23436,H1
12227,MERCEDES-BENZ,2000,2.0,Petrol,Automatic,140430,Coupe,7213,CLK 200
12228,BMW,2015,2.0,Petrol,Automatic,59875,Jeep,14269,X4
12229,HYUNDAI,2012,1.6,Diesel,Automatic,71147,Sedan,13589,Accent
12230,LEXUS,2010,3.5,Petrol,Automatic,84843,Jeep,3450,RX 350
12231,SSANGYONG,2010,2.0,Diesel,Automatic,75745,Jeep,20005,Actyon
12232,MITSUBISHI,2003,3.8,CNG,Tiptronic,62758,Jeep,9408,Montero
12233,MINI,2014,1.5,Petrol,Manual,53583,Coupe,18503,Cooper F-56
12234,TOYOTA,2011,1.8,Hybrid,Variator,88235,Hatchback,17249,Prius
12235,BMW,2009,3.0,Petrol,Tiptronic,170877,Sedan,14740,528
12236,TOYOTA,2010,1.8,Hybrid,Variator,93206,Hatchback,17876,Prius
12237,DAEWOO,2009,1.6,Petrol,Automatic,57123,Sedan,3763,Gentra
12238,MERCEDES-BENZ,2011,3.0,Diesel,Automatic,153230,Jeep,12074,ML 350
12239,FORD,2016,2.0,Petrol,Tiptronic,4971,Jeep,50178,Edge
12240,FORD,2010,2.5,Hybrid,Automatic,81400,Jeep,17249,Escape
12241,BMW,1996,2.0,Petrol,Manual,222330,Coupe,6586,320
12242,SSANGYONG,2014,2.0,Diesel,Automatic,44757,Jeep,28830,Korando
12243,HONDA,2010,1.3,Petrol,Tiptronic,106379,Sedan,11917,Insight
12244,HONDA,2009,1.3,Petrol,Automatic,114954,Hatchback,8781,FIT
12245,BMW,2012,3.0,Petrol,Tiptronic,59030,Jeep,62722,X6 Limited
12246,FORD,2015,2.0,Hybrid,Automatic,55175,Sedan,2587,Fusion
12247,KIA,2017,1.2,Petrol,Manual,28583,Sedan,14000,Picanto
12248,TOYOTA,2019,2.0,Petrol,Automatic,48730,Jeep,5488,CHR
12249,TOYOTA,2018,2.5,Hybrid,Automatic,79234,Sedan,9722,Camry
12250,TOYOTA,2010,1.8,Hybrid,Automatic,99035,Hatchback,3293,Prius
12251,TOYOTA,2015,2.5,Petrol,Automatic,36217,Jeep,23521,RAV 4
12252,CHEVROLET,2012,1.4,Petrol,Tiptronic,76110,Sedan,12858,Cruze
12253,HYUNDAI,2017,1.6,Petrol,Automatic,15929,Sedan,1019,Elantra
12254,MITSUBISHI,2002,2.0,Petrol,Tiptronic,104390,Jeep,8781,Airtrek
12255,CHEVROLET,2009,1.6,Petrol,Automatic,30591,Sedan,6272,Cruze
12256,BMW,2013,2.0,Petrol,Tiptronic,67108,Jeep,28225,X1
12257,TOYOTA,2012,1.8,Petrol,Automatic,77050,Sedan,16308,Corolla LE
12258,MERCEDES-BENZ,2012,3.5,Diesel,Automatic,120091,Jeep,22266,ML 350
12259,MERCEDES-BENZ,2008,3.0,Diesel,Automatic,109121,Sedan,2430,E 350
12260,TOYOTA,2015,1.8,Hybrid,Automatic,76912,Hatchback,4234,Prius
12261,JEEP,2017,3.6,Petrol,Automatic,27769,Jeep,1490,Grand Cherokee
12262,HYUNDAI,2012,1.6,Diesel,Automatic,113947,Hatchback,17634,I30
12263,HYUNDAI,2007,1.6,Petrol,Automatic,93742,Sedan,11992,Elantra
12264,VOLKSWAGEN,2017,1.4,Petrol,Manual,17398,Sedan,23521,Jetta
12265,TOYOTA,2008,1.5,Hybrid,Automatic,209775,Hatchback,3920,Prius
12266,MINI,2011,1.6,Petrol,Manual,74202,Jeep,19757,Countryman
12267,DODGE,2012,2.4,Petrol,Tiptronic,68351,Sedan,10976,Avenger
12268,HYUNDAI,2015,2.0,LPG,Automatic,18801,Sedan,13799,Sonata
12269,TOYOTA,2012,2.5,Petrol,Tiptronic,58409,Sedan,20071,Camry
12270,GMC,2011,3.6,Petrol,Automatic,110216,Jeep,2352,Acadia
12271,HYUNDAI,2014,2.0,Diesel,Automatic,132204,Jeep,30583,Santa FE
12272,SUBARU,2013,2.5,Petrol,Variator,107497,Jeep,9095,Forester
12273,HYUNDAI,2015,2.0,Diesel,Automatic,95665,Jeep,44247,Santa FE
12274,FORD,2003,2.4,Diesel,Manual,8078,Microbus,2300,Transit
12275,HYUNDAI,2016,2.0,LPG,Automatic,154538,Sedan,15681,Sonata
12276,KIA,2014,2.0,Diesel,Automatic,26930,Jeep,29793,Sorento
12277,HYUNDAI,2010,1.6,Petrol,Automatic,44243,Sedan,16894,Elantra
12278,FORD,2011,2.4,Petrol,Automatic,79535,Jeep,14426,Escape
12279,TOYOTA,2013,1.5,Hybrid,Tiptronic,56793,Hatchback,16935,Prius
12280,LEXUS,2013,4.6,Petrol,Automatic,95763,Jeep,1490,GX 470
12281,VOLKSWAGEN,1996,1.6,Petrol,Manual,136702,Hatchback,3763,Golf
12282,HYUNDAI,2014,3.0,Petrol,Automatic,157807,Sedan,25205,Grandeur
12283,KIA,2014,2.4,Petrol,Automatic,61254,Sedan,15681,Optima
12284,HONDA,2015,1.8,Petrol,Automatic,50046,Sedan,2038,Civic
12285,CHEVROLET,2016,1.6,Diesel,Automatic,18874,Jeep,15677,Orlando
12286,HYUNDAI,2012,2.5,Diesel,Automatic,46874,Minivan,22423,H1
12287,HYUNDAI,2015,2.0,Diesel,Automatic,64367,Jeep,32954,Tucson
12288,FORD,2014,3.5,Petrol,Automatic,30146,Jeep,63839,Explorer
12289,HYUNDAI,2011,2.5,Diesel,Automatic,43262,Minivan,18654,H1
12290,HYUNDAI,2015,2.0,LPG,Automatic,193456,Sedan,10976,Sonata
12291,CHEVROLET,2012,2.0,Diesel,Automatic,56430,Sedan,16766,Cruze
12292,VOLKSWAGEN,2012,2.5,Petrol,Tiptronic,74565,Sedan,14113,Jetta
12293,AUDI,2014,2.0,Petrol,Automatic,26343,Sedan,1254,A4
12294,FORD,2013,2.0,Hybrid,Automatic,44739,Hatchback,19757,C-MAX
12295,CHEVROLET,2017,1.5,Hybrid,Automatic,32350,Hatchback,26030,Volt
12296,TOYOTA,2016,3.5,Hybrid,Automatic,67943,Jeep,10663,Highlander
12297,OPEL,1996,1.6,Petrol,Manual,131342,Hatchback,2500,Corsa
12298,BUICK,2016,1.4,Petrol,Tiptronic,6397,Jeep,25716,Encore
12299,HYUNDAI,2011,2.0,Diesel,Automatic,94196,Jeep,27889,Santa FE
12300,OPEL,2008,1.4,Petrol,Manual,96614,Hatchback,12544,Astra
12301,BMW,2012,3.0,Diesel,Automatic,170317,Jeep,7213,X5
12302,TOYOTA,2007,1.5,Hybrid,Automatic,93206,Sedan,12544,Prius
12303,NISSAN,2012,1.6,Petrol,Automatic,34421,Jeep,21953,Juke Juke
12304,LEXUS,2015,4.6,Petrol,Automatic,116866,Jeep,5018,GX 460
12305,HYUNDAI,2016,2.5,Diesel,Automatic,59859,Minivan,42218,H1
12306,MITSUBISHI,2003,2.0,Petrol,Tiptronic,52195,Sedan,5331,Galant
12307,LEXUS,2016,2.0,Petrol,Automatic,23310,Jeep,60684,NX 200
12308,SSANGYONG,2009,2.7,Diesel,Automatic,47856,Jeep,9063,REXTON
12309,LEXUS,2015,3.5,Petrol,Automatic,34065,Jeep,22266,RX 350
12310,HYUNDAI,2014,2.5,Diesel,Automatic,123601,Minivan,25264,H1
12311,NISSAN,2011,1.6,Petrol,Automatic,82642,Jeep,20385,Juke
12312,TOYOTA,2014,1.5,Hybrid,Variator,31690,Sedan,20071,Prius C
12313,OPEL,1998,1.6,Petrol,Manual,93206,Sedan,6899,Astra
12314,TOYOTA,2011,1.8,Hybrid,Automatic,99419,Sedan,15900,Prius
12315,LEXUS,2015,1.8,Hybrid,Automatic,58999,Hatchback,1725,CT 200h
12316,SSANGYONG,2011,2.0,Diesel,Automatic,91099,Jeep,16894,Actyon
12317,CHEVROLET,2015,2.2,Diesel,Automatic,48688,Jeep,25763,Captiva
12318,CHEVROLET,2014,1.0,Petrol,Automatic,21658,Sedan,8778,Spark
12319,FORD,2001,2.4,Diesel,Manual,149129,Microbus,20385,Transit
12320,MERCEDES-BENZ,2007,3.0,Diesel,Tiptronic,111847,Jeep,25089,ML 300
12321,HYUNDAI,2014,1.6,Petrol,Automatic,52593,Sedan,25889,Elantra
12322,MITSUBISHI,1997,2.8,Diesel,Automatic,98798,Jeep,17249,Pajero
12323,VOLVO,2010,1.6,Diesel,Manual,112033,Goods wagon,16308,V50
12324,DAEWOO,2011,1.6,Petrol,Automatic,149077,Sedan,8097,Lacetti
12325,HYUNDAI,2013,2.0,Petrol,Automatic,59406,Coupe,41048,Genesis
12326,AUDI,2003,3.7,Petrol,Tiptronic,105633,Sedan,34845,A8
12327,FORD,2008,2.2,Diesel,Manual,66487,Microbus,15524,Transit
12328,AUDI,2016,2.0,Petrol,Automatic,1067,Sedan,16308,Q3
12329,HYUNDAI,2018,2.5,Diesel,Automatic,28294,Universal,45436,H1
12330,HYUNDAI,2011,1.8,Petrol,Automatic,92306,Sedan,13485,Elantra
12331,FORD,2008,2.3,Hybrid,Automatic,108740,Jeep,13485,Escape
12332,HYUNDAI,2015,2.0,Diesel,Automatic,91678,Jeep,44247,Santa FE
12333,DODGE,2010,2.4,Petrol,Automatic,51574,Jeep,16480,Caliber journey
12334,CHEVROLET,2011,2.0,Diesel,Automatic,105555,Sedan,9832,Cruze
12335,HONDA,2004,1.3,Petrol,Variator,93206,Hatchback,7527,FIT
12336,MERCEDES-BENZ,2013,3.5,Diesel,Automatic,66984,Sedan,5802,E 350
12337,TOYOTA,2012,1.8,Plug-in Hybrid,Variator,102332,Sedan,6272,Prius
12338,FORD,2013,2.0,Petrol,Automatic,44992,Sedan,39499,Taurus
12339,MERCEDES-BENZ,1999,2.0,Petrol,Manual,10190,Coupe,7527,CLK 200 208
12340,HYUNDAI,2011,2.5,Diesel,Automatic,161125,Universal,15612,H1
12341,CHEVROLET,2012,1.4,Petrol,Tiptronic,91963,Sedan,10036,Cruze
12342,HYUNDAI,2016,2.0,LPG,Automatic,148688,Sedan,11290,Sonata
12343,HYUNDAI,2010,1.6,Petrol,Automatic,64001,Hatchback,13877,I30
12344,TOYOTA,2012,2.5,Hybrid,Automatic,69905,Sedan,16935,Camry
12345,HONDA,2011,1.3,Hybrid,Automatic,99419,Hatchback,12231,FIT
12346,HYUNDAI,2012,2.0,Diesel,Automatic,128380,Jeep,29777,Santa FE
12347,FORD,2015,2.0,Hybrid,Automatic,62601,Sedan,2822,Fusion
12348,SSANGYONG,2013,2.0,Diesel,Automatic,48415,Jeep,23138,Korando
12349,TOYOTA,2011,1.8,Petrol,Automatic,118551,Sedan,1411,Corolla
12350,HONDA,2005,1.3,Petrol,Automatic,139483,Hatchback,8467,FIT
12351,OPEL,2007,1.3,Diesel,Manual,130488,Goods wagon,7840,Combo
12352,NISSAN,2012,2.0,Hybrid,Automatic,75186,Minivan,13172,Serena
12353,BMW,2016,2.0,Petrol,Automatic,43617,Sedan,9722,328
12354,HYUNDAI,2015,1.8,Petrol,Tiptronic,68351,Sedan,10349,Elantra
12355,MERCEDES-BENZ,2010,3.5,Diesel,Automatic,117768,Sedan,12388,E 350
12356,HYUNDAI,2014,2.5,Diesel,Automatic,117543,Minivan,27093,H1
12357,CHEVROLET,2017,1.4,Petrol,Automatic,30720,Sedan,18033,Cruze LT
12358,HONDA,2016,1.3,Petrol,Automatic,2748,Hatchback,13476,FIT
12359,HYUNDAI,2016,1.8,Petrol,Automatic,53681,Sedan,32274,Elantra
12360,KIA,2013,2.0,Petrol,Automatic,29349,Sedan,8947,Optima
12361,MERCEDES-BENZ,1999,2.4,Petrol,Manual,157207,Sedan,8000,E 240
12362,TOYOTA,2015,1.8,Petrol,Automatic,79337,Sedan,2509,Corolla
12363,TOYOTA,2018,2.5,Petrol,Tiptronic,88235,Sedan,28225,Camry
12364,CHEVROLET,2006,0.8,Petrol,Automatic,74565,Hatchback,7840,Matiz
12365,MERCEDES-BENZ,2009,2.2,Diesel,Manual,136702,Minivan,19444,Vito
12366,HYUNDAI,2014,2.0,Diesel,Automatic,108818,Jeep,35579,Santa FE
12367,CHEVROLET,2012,2.0,Diesel,Automatic,97452,Jeep,15125,Orlando
12368,MERCEDES-BENZ,2003,3.2,LPG,Tiptronic,141673,Sedan,16308,E 320
12369,HONDA,2002,2.0,CNG,Manual,109983,Jeep,9095,Cr-v
12370,KIA,2013,2.0,Petrol,Automatic,33068,Sedan,11917,Optima
12371,HYUNDAI,2016,2.0,LPG,Automatic,236826,Sedan,13172,Sonata
12372,KIA,2016,2.0,Diesel,Tiptronic,32933,Jeep,40142,Sportage
12373,HYUNDAI,2012,1.8,Petrol,Tiptronic,99519,Sedan,16935,Elantra
12374,BMW,2004,3.0,CNG,Tiptronic,9942,Jeep,16308,X5
12375,SSANGYONG,2013,2.0,Diesel,Automatic,44466,Jeep,24920,Korando
12376,SUBARU,2013,2.5,Petrol,Automatic,52195,Jeep,22580,Forester
12377,HYUNDAI,2011,2.4,Hybrid,Automatic,139404,Sedan,3450,Sonata
12378,TOYOTA,2012,1.5,Petrol,Automatic,29053,Hatchback,16900,Aqua
12379,TOYOTA,2017,2.5,Hybrid,Tiptronic,56545,Sedan,37633,Avalon
12380,TOYOTA,2012,1.5,Hybrid,Variator,83264,Hatchback,10349,Aqua
12381,BMW,2012,2.0,Petrol,Tiptronic,128251,Sedan,26657,328
12382,HYUNDAI,2016,1.6,Diesel,Automatic,93206,Sedan,22549,Elantra
12383,HYUNDAI,2010,1.6,Petrol,Automatic,98828,Sedan,13771,Elantra
12384,HYUNDAI,2010,2.0,Diesel,Automatic,87068,Jeep,15957,Tucson
12385,MERCEDES-BENZ,2016,3.5,Diesel,Automatic,47973,Sedan,1568,E 350
12386,VOLKSWAGEN,2014,2.0,Petrol,Tiptronic,36785,Jeep,27911,Tiguan
12387,HYUNDAI,2015,1.8,Petrol,Automatic,77911,Jeep,4391,Elantra
12388,BMW,2012,3.0,Petrol,Automatic,121778,Jeep,11133,X5
12389,TOYOTA,2010,1.5,Hybrid,Automatic,85128,Hatchback,13642,Prius
12390,TOYOTA,2013,2.5,Hybrid,Automatic,77617,Sedan,3763,Camry
12391,MERCEDES-BENZ,2014,2.0,Petrol,Tiptronic,39768,Sedan,40456,CLA 250
12392,KIA,2014,2.4,Petrol,Tiptronic,107373,Sedan,12544,Optima
12393,HYUNDAI,2012,1.6,Petrol,Automatic,82021,Sedan,18826,Elantra
12394,HONDA,1999,2.0,CNG,Manual,139723,Jeep,9408,Cr-v
12395,TOYOTA,2018,1.5,Hybrid,Automatic,6214,Hatchback,31047,Prius C
12396,HYUNDAI,2016,2.0,Diesel,Automatic,55923,Jeep,37580,Tucson
12397,FORD,2013,1.6,Petrol,Tiptronic,124896,Sedan,9722,Fusion
12398,CHEVROLET,2016,1.4,Petrol,Tiptronic,29542,Sedan,20385,Cruze
12399,VOLKSWAGEN,2012,2.0,Diesel,Automatic,74328,Sedan,9408,Jetta
12400,HONDA,2017,1.5,Petrol,Automatic,2085,Sedan,62161,Civic
12401,HYUNDAI,2012,2.0,Diesel,Automatic,92156,Jeep,29580,Santa FE
12402,HYUNDAI,2019,2.4,Petrol,Automatic,899,Jeep,9565,Sonata
12403,VOLKSWAGEN,2014,1.8,Petrol,Automatic,39768,Sedan,15681,Passat
12404,HYUNDAI,2016,2.0,Petrol,Automatic,54681,Sedan,25089,Elantra
12405,KIA,2012,2.4,Petrol,Tiptronic,113923,Sedan,11290,Optima
12406,MAZDA,2012,2.2,Diesel,Tiptronic,59652,Jeep,19000,CX-5
12407,FORD,2013,1.6,Petrol,Tiptronic,70215,Sedan,11604,Fusion
12408,TOYOTA,2007,1.5,Petrol,Automatic,111847,Sedan,11917,Prius
12409,TOYOTA,2015,2.5,Hybrid,Automatic,149891,Sedan,9722,Camry
12410,HYUNDAI,2016,2.0,Diesel,Automatic,69516,Jeep,56121,Santa FE
12411,FORD,2008,2.2,Diesel,Manual,96934,Goods wagon,11604,Transit
12412,HONDA,2015,1.8,Petrol,Automatic,36772,Sedan,41193,Civic
12413,HONDA,2014,1.3,Petrol,Automatic,38525,Hatchback,24239,FIT
12414,FORD,2008,2.5,Hybrid,Automatic,159071,Jeep,16308,Escape
12415,AUDI,2004,2.0,Diesel,Manual,161556,Coupe,9722,A3
12416,LEXUS,2015,3.5,Hybrid,Automatic,89241,Jeep,13956,RX 450
12417,MERCEDES-BENZ,2010,3.5,Diesel,Automatic,117768,Sedan,12388,E 350
12418,NISSAN,1998,2.7,Diesel,Manual,102526,Jeep,8624,Terrano
12419,HONDA,2008,1.5,Petrol,Tiptronic,90099,Hatchback,12858,FIT
12420,SSANGYONG,2015,2.0,Diesel,Automatic,63453,Jeep,45044,REXTON
12421,HONDA,2009,1.3,Hybrid,Automatic,77671,Sedan,10976,Insight
12422,SUBARU,2015,2.0,Petrol,Automatic,155346,Jeep,19444,XV
12423,AUDI,2005,2.7,Petrol,Tiptronic,159071,Sedan,11917,Allroad
12424,MERCEDES-BENZ,2011,3.5,Diesel,Automatic,115912,Jeep,2038,ML 350
12425,SSANGYONG,2014,2.0,Diesel,Automatic,54482,Jeep,45633,REXTON
12426,TOYOTA,2000,1.8,Petrol,Manual,126760,Coupe,5645,Celica
12427,HONDA,2013,1.3,Petrol,Automatic,71195,Hatchback,6611,FIT
12428,HONDA,2017,1.5,Petrol,Automatic,7486,Coupe,59834,Civic
12429,FORD,2008,2.2,Diesel,Manual,137944,Minivan,18817,Transit
12430,MERCEDES-BENZ,1998,2.3,CNG,Manual,186411,Minivan,10976,V 230
12431,TOYOTA,2001,2.0,Petrol,Tiptronic,99419,Sedan,10036,Altezza
12432,TOYOTA,2013,2.5,Petrol,Automatic,78914,Sedan,23521,Camry
12433,HYUNDAI,2017,2.4,Petrol,Tiptronic,44739,Jeep,43905,Santa FE sport
12434,VOLKSWAGEN,2013,3.6,Petrol,Automatic,62758,Sedan,27598,CC
12435,HYUNDAI,2017,2.5,Diesel,Automatic,18682,Minivan,38731,H1
12436,HONDA,2018,2.0,Petrol,Automatic,11024,Sedan,56509,Civic
12437,TOYOTA,2010,2.4,Hybrid,Variator,121292,Sedan,13000,Camry
12438,MERCEDES-BENZ,2012,4.6,Diesel,Automatic,112256,Jeep,1725,ML 350
12439,AUDI,2013,2.0,Petrol,Automatic,97918,Sedan,4234,A4
12440,FORD,2016,2.0,Hybrid,Automatic,74635,Sedan,1646,Fusion
12441,TOYOTA,2014,2.5,Hybrid,Automatic,111462,Sedan,11133,Camry
12442,TOYOTA,2012,3.5,Petrol,Tiptronic,57788,Sedan,25089,Camry
12443,HYUNDAI,2015,1.8,Petrol,Automatic,56545,Sedan,13799,Elantra
12444,DODGE,2009,2.0,Petrol,Variator,159071,Hatchback,7840,Caliber
12445,CHEVROLET,2017,1.4,Petrol,Automatic,74162,Sedan,1882,Cruze
12446,HYUNDAI,2009,2.0,Petrol,Automatic,98576,Coupe,15624,Genesis
12447,BMW,2000,4.4,CNG,Automatic,123031,Jeep,6899,X5
12448,PORSCHE,2004,4.5,Petrol,Tiptronic,102526,Jeep,11290,Cayenne s
12449,NISSAN,2014,2.5,Petrol,Automatic,66140,Sedan,1411,Altima
12450,MAZDA,2017,1.5,Petrol,Automatic,23612,Hatchback,15000,Axela
12451,HYUNDAI,2016,2.0,Diesel,Automatic,121786,Jeep,38562,Santa FE
12452,HYUNDAI,2011,2.0,LPG,Automatic,38033,Sedan,7056,Sonata
12453,LEXUS,2012,3.5,Hybrid,Tiptronic,132228,Sedan,47042,GS 450
12454,TOYOTA,2014,2.5,Petrol,Automatic,136173,Sedan,12858,Camry
12455,HYUNDAI,2016,1.8,Petrol,Automatic,75708,Sedan,1568,Elantra
12456,TOYOTA,2018,2.5,Hybrid,Automatic,79234,Sedan,9722,Camry
12457,LEXUS,2013,4.6,Petrol,Automatic,125921,Jeep,54568,GX 470
12458,HYUNDAI,2011,2.5,Diesel,Automatic,75065,Minivan,22266,H1
12459,TOYOTA,2013,1.8,Plug-in Hybrid,Automatic,89477,Hatchback,10976,Prius
12460,CHEVROLET,2015,2.0,Diesel,Automatic,69199,Sedan,25744,Malibu
12461,CHEVROLET,2012,1.4,Plug-in Hybrid,Automatic,59030,Sedan,16621,Volt
12462,TOYOTA,2014,2.5,Hybrid,Tiptronic,64422,Sedan,30420,Camry XLE
12463,HYUNDAI,2014,1.8,Petrol,Tiptronic,74565,Sedan,12544,Elantra
12464,HYUNDAI,2010,2.0,Diesel,Automatic,32065,Jeep,10964,Santa FE
12465,BMW,2010,3.0,Diesel,Automatic,164794,Jeep,1882,X5
12466,AUDI,2011,2.0,Petrol,Automatic,77645,Sedan,1646,A4
12467,HYUNDAI,2013,1.8,Petrol,Tiptronic,82816,Hatchback,21639,Elantra GT
12468,NISSAN,2015,1.2,Petrol,Automatic,57850,Hatchback,5987,March
12469,BMW,2009,3.0,Diesel,Automatic,142825,Jeep,1803,X5
12470,NISSAN,2018,1.8,Petrol,Automatic,10299,Sedan,4391,Sentra
12471,TOYOTA,2012,2.5,Hybrid,Automatic,224337,Sedan,3293,Camry
12472,MERCEDES-BENZ,2012,3.5,Diesel,Automatic,120091,Jeep,22266,ML 350
12473,HONDA,2017,1.5,Hybrid,Automatic,13732,Universal,41259,FIT
12474,FORD,2011,3.0,Petrol,Automatic,98393,Jeep,1490,Escape
12475,NISSAN,2013,1.6,Petrol,Automatic,103156,Jeep,2901,Juke
12476,HYUNDAI,2017,1.6,Petrol,Automatic,66474,Sedan,1254,Accent
12477,HYUNDAI,2016,2.0,Hybrid,Automatic,44253,Sedan,5018,Sonata
12478,PORSCHE,2004,3.2,Petrol,Tiptronic,97009,Jeep,12231,Cayenne
12479,HYUNDAI,2013,2.4,Petrol,Tiptronic,80778,Sedan,18660,Elantra
12480,TOYOTA,2013,2.5,Petrol,Tiptronic,78914,Jeep,34497,RAV 4
12481,VOLKSWAGEN,2000,2.0,Petrol,Manual,93206,Sedan,3450,Jetta
12482,MERCEDES-BENZ,2002,4.3,LPG,Tiptronic,152236,Sedan,10976,E 430
12483,PEUGEOT,2005,2.0,Petrol,Manual,93220,Sedan,10976,407
12484,SSANGYONG,2016,1.6,Diesel,Automatic,33688,Jeep,42692,Actyon
12485,LEXUS,2010,3.5,Hybrid,Automatic,195900,Jeep,2509,RX 450
12486,VOLKSWAGEN,2013,2.0,Petrol,Automatic,100750,Hatchback,4234,GTI
12487,MERCEDES-BENZ,2008,1.7,Petrol,Tiptronic,74565,Hatchback,14740,B 170
12488,BMW,2003,3.0,Diesel,Tiptronic,167770,Sedan,16621,530
12489,TOYOTA,2009,1.5,Hybrid,Variator,114954,Hatchback,9722,Prius prius
12490,CHEVROLET,2008,2.0,Diesel,Automatic,35572,Jeep,8781,Captiva
12491,FORD,2012,2.0,Petrol,Tiptronic,75186,Hatchback,13485,Focus Titanium
12492,BMW,2010,3.0,Diesel,Automatic,164794,Jeep,1882,X5
12493,HYUNDAI,2019,2.0,Petrol,Automatic,4207,Jeep,65015,Tucson
12494,LEXUS,2013,1.8,Hybrid,Automatic,108145,Hatchback,5331,CT 200h
12495,CHEVROLET,2010,1.8,Petrol,Automatic,71202,Sedan,11964,Lacetti
12496,BMW,2009,2.8,Petrol,Tiptronic,101905,Sedan,16621,528
12497,DODGE,2013,3.6,Petrol,Tiptronic,52817,Coupe,31361,Challenger
12498,TOYOTA,2012,1.5,Petrol,Automatic,43229,Hatchback,14799,Aqua
12499,AUDI,2014,2.0,Petrol,Automatic,62870,Sedan,1098,A6
12500,TOYOTA,2012,2.5,Petrol,Automatic,69446,Sedan,21953,Camry
12501,HONDA,2000,1.6,Petrol,Manual,1572,Coupe,7200,Civic
12502,MERCEDES-BENZ,2007,3.5,Petrol,Automatic,100662,Coupe,18817,CLK 350
12503,TOYOTA,2016,2.5,Petrol,Tiptronic,88235,Sedan,18500,Camry XSE
12504,VOLVO,2003,2.5,Petrol,Automatic,225682,Jeep,9100,XC90
12505,HYUNDAI,2017,2.5,Diesel,Automatic,85128,Universal,36827,H1
12506,HYUNDAI,2016,2.0,LPG,Automatic,152882,Sedan,15681,Sonata
12507,TOYOTA,2013,1.5,Hybrid,Automatic,88235,Hatchback,12544,Prius C
12508,HYUNDAI,2012,1.6,Diesel,Automatic,93912,Hatchback,17346,I30
12509,CHEVROLET,2014,1.4,Petrol,Automatic,97550,Sedan,3136,Cruze
12510,SSANGYONG,2011,2.0,Diesel,Automatic,114078,Jeep,21739,REXTON
12511,TOYOTA,2012,2.5,Petrol,Tiptronic,39768,Sedan,27598,Camry
12512,MITSUBISHI,2012,2.0,Petrol,Tiptronic,60273,Jeep,18245,Outlander
12513,TOYOTA,2013,1.8,Hybrid,Automatic,64623,Sedan,18817,Prius
12514,TOYOTA,2012,1.5,Hybrid,Automatic,106876,Hatchback,16621,Prius C
12515,KIA,2010,2.2,Diesel,Automatic,77671,Minivan,11200,Carnival
12516,SUBARU,2015,2.0,Petrol,Automatic,155346,Sedan,19444,XV
12517,TOYOTA,2011,1.8,Hybrid,Variator,135807,Sedan,10976,Prius
12518,TOYOTA,2017,2.5,Hybrid,Tiptronic,1243,Jeep,52373,RAV 4
12519,DODGE,2011,2.0,Petrol,Automatic,68351,Hatchback,14740,Caliber
12520,HYUNDAI,2012,1.8,Petrol,Tiptronic,132725,Sedan,10976,Elantra
12521,TOYOTA,2014,1.5,Hybrid,Automatic,76712,Hatchback,16308,Aqua
12522,CHEVROLET,2013,1.4,Hybrid,Automatic,78541,Hatchback,23521,Volt
12523,MERCEDES-BENZ,2012,4.6,Petrol,Automatic,96961,Sedan,6586,S 550
12524,NISSAN,2014,1.6,Petrol,Tiptronic,70588,Jeep,23521,Juke
12525,FIAT,2015,1.4,Petrol,Automatic,43496,Coupe,15053,500 sport panorama
12526,CHEVROLET,2008,2.0,Diesel,Automatic,42469,Jeep,7056,Captiva
12527,KIA,2015,2.0,Petrol,Automatic,34221,Sedan,19130,Optima
12528,SKODA,2008,1.2,Petrol,Manual,746,Hatchback,8467,Fabia
12529,HYUNDAI,2011,1.6,Diesel,Automatic,20381,Hatchback,10923,Accent
12530,SSANGYONG,2013,2.0,Diesel,Automatic,72649,Jeep,21062,Korando
12531,HYUNDAI,2013,2.0,Diesel,Automatic,124180,Jeep,19547,Tucson
12532,HONDA,2014,1.5,Hybrid,Automatic,73943,Hatchback,17092,FIT
12533,HYUNDAI,2012,2.4,Petrol,Tiptronic,91466,Sedan,15681,Sonata
12534,MERCEDES-BENZ,1997,1.8,CNG,Variator,121845,Universal,9408,C 180
12535,HYUNDAI,2012,2.5,Diesel,Automatic,103237,Universal,21395,H1
12536,HYUNDAI,2010,2.5,Diesel,Automatic,132784,Universal,16766,H1
12537,MERCEDES-BENZ,2014,3.5,Diesel,Automatic,136099,Sedan,29793,E 350
12538,MERCEDES-BENZ,2007,1.7,Petrol,Tiptronic,137758,Hatchback,12544,B 170 Edition One
12539,TOYOTA,2013,1.5,Hybrid,Variator,47846,Sedan,20071,Prius
12540,VOLKSWAGEN,2013,2.5,Petrol,Tiptronic,68351,Sedan,13485,Jetta
12541,NISSAN,2014,2.5,Petrol,Tiptronic,84506,Jeep,18189,Rogue
12542,HONDA,2011,1.3,Hybrid,Variator,102526,Hatchback,13172,FIT
12543,HYUNDAI,2011,1.8,Petrol,Automatic,38525,Sedan,17876,Elantra
12544,LEXUS,2010,3.5,Hybrid,Automatic,115578,Jeep,13328,RX 450
12545,HYUNDAI,2016,2.5,Diesel,Automatic,60671,Universal,40688,H1
12546,FORD,2015,2.0,Hybrid,Variator,50331,Sedan,26971,Fusion HYBRID
12547,VOLKSWAGEN,2009,2.5,Diesel,Manual,149129,Microbus,20385,"Crafter 2,5TDI"
12548,TOYOTA,2012,2.5,Petrol,Automatic,172683,Sedan,3136,Camry
12549,HYUNDAI,2010,1.6,Petrol,Automatic,111905,Sedan,11704,Elantra
12550,CHEVROLET,2015,2.2,Diesel,Automatic,59219,Jeep,39085,Captiva
12551,BMW,2001,2.2,Petrol,Manual,69041,Sedan,9408,320 Gran Turismo
12552,TOYOTA,2013,1.5,Hybrid,Automatic,90720,Hatchback,9722,Aqua
12553,OPEL,2007,1.9,Diesel,Manual,621,Goods wagon,5500,Astra
12554,HYUNDAI,2010,2.0,Petrol,Automatic,107607,Sedan,12880,Sonata
12555,OPEL,2003,1.2,Petrol,Manual,145538,Hatchback,6800,Astra
12556,TOYOTA,2014,2.5,Petrol,Automatic,112018,Jeep,28225,RAV 4
12557,DODGE,2011,2.0,Petrol,Variator,107497,Hatchback,14426,Caliber
12558,HONDA,2003,1.3,Petrol,Variator,142294,Hatchback,6586,FIT
12559,HYUNDAI,2017,2.5,Diesel,Automatic,20243,Minivan,29636,H1
12560,HYUNDAI,2020,2.0,Petrol,Automatic,162,Sedan,3293,Elantra
12561,TOYOTA,2015,1.5,Petrol,Automatic,42253,Hatchback,25089,Aqua
12562,VOLKSWAGEN,2013,1.4,Hybrid,Automatic,77671,Sedan,13900,Jetta
12563,TOYOTA,2013,2.5,Petrol,Automatic,99419,Sedan,22894,Camry
12564,FORD,2016,3.7,Petrol,Tiptronic,34797,Coupe,50178,Mustang
12565,KIA,2018,2.0,Petrol,Automatic,34976,Sedan,16308,Avella
12566,BMW,2002,4.4,Petrol,Tiptronic,111847,Jeep,14113,X5
12567,MITSUBISHI,2001,2.0,Petrol,Manual,81358,Jeep,7524,Pajero IO
12568,LEXUS,2014,1.8,Hybrid,Variator,70836,Hatchback,30107,CT 200h
12569,CHEVROLET,2011,2.0,Petrol,Automatic,93075,Sedan,17923,Malibu
12570,OPEL,2001,2.0,Diesel,Manual,105633,Hatchback,4077,Astra
12571,CHEVROLET,2016,1.5,Plug-in Hybrid,Variator,49710,Hatchback,45160,Volt Premier
12572,VOLKSWAGEN,2015,1.8,Petrol,Tiptronic,63865,Sedan,17700,Jetta
12573,HONDA,2014,1.5,Petrol,Automatic,47970,Hatchback,28532,FIT
12574,MERCEDES-BENZ,2010,3.5,Diesel,Automatic,117768,Sedan,12388,E 350
12575,MERCEDES-BENZ,2017,3.5,Petrol,Automatic,47171,Jeep,19130,GLE 350
12576,FORD,2000,2.5,Diesel,Manual,68972,Microbus,11290,Transit
12577,FORD,2009,2.5,Hybrid,Tiptronic,127381,Jeep,13172,Escape
12578,JEEP,2012,3.7,Petrol,Automatic,105633,Jeep,20385,Liberty
12579,KIA,2012,2.4,Hybrid,Tiptronic,60273,Sedan,20385,Optima
12580,BMW,2010,3.0,Petrol,Tiptronic,108740,Sedan,31361,740 i
12581,HYUNDAI,2012,1.6,Petrol,Automatic,49420,Sedan,19416,Elantra
12582,MITSUBISHI,2004,3.8,Petrol,Tiptronic,83885,Sedan,6000,Galant GTS
12583,CHEVROLET,2012,2.0,Diesel,Automatic,96517,Jeep,16894,Orlando
12584,SSANGYONG,2013,2.0,Diesel,Automatic,52195,Jeep,39458,REXTON
12585,KIA,2007,2.0,Diesel,Automatic,46395,Jeep,7119,Sportage
12586,MERCEDES-BENZ,2016,3.0,Petrol,Automatic,39108,Jeep,20071,GLE 350
12587,HONDA,2011,1.3,Hybrid,Tiptronic,82642,Hatchback,8147,FIT PREMIUMI
12588,HYUNDAI,2016,2.0,LPG,Automatic,168313,Sedan,11290,Sonata
12589,TOYOTA,2015,1.8,Petrol,Automatic,94840,Sedan,4861,Corolla
12590,TOYOTA,2012,1.5,Petrol,Automatic,68972,Hatchback,9408,Aqua
12591,HYUNDAI,2011,2.0,Petrol,Automatic,111444,Sedan,16599,Sonata
12592,MERCEDES-BENZ,2011,4.6,Petrol,Automatic,135139,Jeep,1725,GL 450
12593,MERCEDES-BENZ,2013,3.5,Petrol,Automatic,87489,Sedan,15681,E 350
12594,NISSAN,2004,3.3,CNG,Automatic,124274,Jeep,13799,X-Terra
12595,HYUNDAI,2014,2.0,Petrol,Automatic,31366,Coupe,25889,Elantra
12596,CHEVROLET,2017,1.4,Petrol,Tiptronic,39768,Sedan,20385,Cruze
12597,TOYOTA,2012,1.5,Hybrid,Automatic,36291,Hatchback,17663,Aqua
12598,CHEVROLET,2012,2.0,Diesel,Automatic,68833,Jeep,23828,Orlando
12599,SSANGYONG,2013,2.0,Diesel,Automatic,103158,Jeep,32045,REXTON
12600,HYUNDAI,2012,1.8,Petrol,Tiptronic,59030,Coupe,16151,Elantra GS
12601,TOYOTA,2001,2.0,Petrol,Automatic,105012,Jeep,12544,RAV 4
12602,KIA,2014,2.0,Petrol,Automatic,44182,Sedan,14113,Optima
12603,SSANGYONG,2016,1.6,Diesel,Automatic,33475,Jeep,43576,Actyon
12604,LEXUS,2010,3.5,Hybrid,Automatic,115578,Jeep,13328,RX 450
12605,TOYOTA,2015,1.8,Hybrid,Variator,103396,Hatchback,17249,Prius
12606,SUBARU,2007,2.0,LPG,Tiptronic,130488,Sedan,10976,Legacy
12607,HONDA,2005,1.3,Petrol,Automatic,72700,Hatchback,8154,FIT
12608,MERCEDES-BENZ,2006,2.2,Diesel,Manual,119988,Goods wagon,23521,Vito
12609,CHEVROLET,2012,1.6,Petrol,Automatic,40788,Hatchback,12187,Aveo
12610,FORD,2012,1.8,Diesel,Manual,91342,Goods wagon,14740,Transit Connect
12611,CHEVROLET,2014,2.0,Diesel,Automatic,99473,Jeep,25456,Captiva
12612,MERCEDES-BENZ,2015,3.5,Diesel,Automatic,49138,Jeep,22894,ML 350
12613,SUBARU,2018,2.0,Petrol,Variator,18890,Universal,21953,Crosstrek
12614,MERCEDES-BENZ,2014,3.5,Diesel,Automatic,124385,Sedan,30734,E 350
12615,LEXUS,2015,4.6,Petrol,Automatic,116866,Jeep,5018,GX 460
12616,SSANGYONG,2011,2.0,Diesel,Automatic,74568,Jeep,22621,Korando
12617,CHEVROLET,2016,2.0,Diesel,Automatic,30307,Jeep,49174,Captiva
12618,OPEL,2001,1.7,Diesel,Manual,150807,Goods wagon,7213,Combo
12619,TOYOTA,2015,2.5,Hybrid,Variator,24855,Sedan,32929,Camry
12620,HYUNDAI,2012,1.6,Petrol,Automatic,91227,Sedan,17158,Elantra
12621,HYUNDAI,2014,2.5,Diesel,Automatic,107802,Minivan,23436,H1
12622,HYUNDAI,2010,2.5,Diesel,Automatic,203831,Universal,16480,H1
12623,HONDA,2012,1.3,Hybrid,Automatic,59030,Hatchback,12388,FIT
12624,NISSAN,2011,2.5,Petrol,Automatic,96313,Jeep,17562,Rogue
12625,CADILLAC,2008,4.6,Petrol,Automatic,100041,Sedan,21639,DTS
12626,BMW,2010,3.0,Diesel,Tiptronic,88856,Jeep,33556,X5
12627,HYUNDAI,2014,1.8,Petrol,Tiptronic,29826,Sedan,18503,Elantra
12628,BMW,2003,3.0,Diesel,Tiptronic,111847,Jeep,17876,X5
12629,NISSAN,2006,1.5,CNG,Variator,621,Hatchback,6586,Note
12630,MERCEDES-BENZ,2010,3.5,Diesel,Automatic,117768,Sedan,12388,E 350
12631,HYUNDAI,2010,2.0,Petrol,Automatic,107033,Sedan,16894,Sonata
12632,SUBARU,2004,2.0,Petrol,Tiptronic,93206,Jeep,10976,Forester
12633,TOYOTA,2012,2.5,Hybrid,Tiptronic,55923,Sedan,17876,Camry
12634,TOYOTA,2014,2.5,Hybrid,Automatic,111462,Sedan,11133,Camry
12635,HYUNDAI,2017,2.5,Diesel,Automatic,69372,Universal,43952,H1
12636,NISSAN,2004,2.0,Petrol,Automatic,99419,Minivan,5645,Serena
12637,KIA,2013,2.4,Hybrid,Tiptronic,65244,Sedan,20385,Optima hybid
12638,NISSAN,2001,1.4,Petrol,Manual,83885,Hatchback,2822,Micra
12639,HYUNDAI,2017,1.7,Diesel,Automatic,31305,Jeep,30712,Tucson
12640,HYUNDAI,2016,2.5,Diesel,Automatic,90615,Universal,37580,H1
12641,HYUNDAI,2009,1.6,Diesel,Automatic,111685,Sedan,9747,Elantra
12642,SSANGYONG,2016,1.6,Petrol,Automatic,34321,Jeep,40092,Actyon
12643,TOYOTA,2008,1.5,Hybrid,Tiptronic,92584,Sedan,11604,Prius
12644,FORD,1998,2.5,Diesel,Manual,186411,Microbus,17249,Transit
12645,VOLKSWAGEN,2013,1.8,Petrol,Tiptronic,38539,Sedan,10036,Passat SEL
12646,TOYOTA,2012,1.5,Petrol,Automatic,72361,Hatchback,13764,Aqua
12647,MERCEDES-BENZ,2017,3.5,Petrol,Automatic,32731,Jeep,11290,GLE 350
12648,MAZDA,2003,1.4,CNG,Manual,114954,Hatchback,7213,Demio evropuli
12649,MAZDA,2014,2.5,Petrol,Tiptronic,120297,Sedan,22580,Mazda 6
12650,CHEVROLET,2011,1.8,Petrol,Automatic,66655,Sedan,11412,Cruze
12651,HYUNDAI,2013,2.0,Diesel,Automatic,103867,Jeep,27435,Tucson
12652,NISSAN,2012,1.2,Petrol,Variator,37864,Hatchback,6895,March
12653,TOYOTA,2014,2.5,Petrol,Tiptronic,57663,Sedan,25402,Camry
12654,NISSAN,2014,2.5,Petrol,Tiptronic,84320,Jeep,18503,Rogue
12655,MERCEDES-BENZ,2007,2.7,Diesel,Manual,90099,Microbus,54882,Sprinter
12656,HONDA,2014,1.3,Petrol,Automatic,73204,Hatchback,12184,FIT
12657,TOYOTA,2014,1.5,Hybrid,Automatic,41142,Universal,19030,Aqua
12658,HONDA,2013,1.5,Petrol,Automatic,34764,Hatchback,26858,FIT
12659,HONDA,2016,2.4,Petrol,Automatic,64291,Coupe,9722,Accord
12660,TOYOTA,1997,2.7,LPG,Automatic,135459,Jeep,10349,Land Cruiser Prado
12661,FORD,2010,2.5,Hybrid,Automatic,114954,Sedan,15994,Fusion
12662,LEXUS,2012,3.5,Petrol,Tiptronic,38525,Jeep,27911,RX 350
12663,TOYOTA,2012,2.0,Petrol,Automatic,107373,Sedan,24462,Camry
12664,TOYOTA,2010,1.8,Petrol,Variator,86992,Sedan,12544,Prius
12665,HONDA,2003,2.3,Petrol,Tiptronic,170877,Minivan,5800,Odyssey
12666,HYUNDAI,2014,2.5,Diesel,Automatic,78895,Minivan,34074,H1
12667,TOYOTA,2008,1.5,Hybrid,Automatic,138914,Sedan,12231,Prius
12668,TOYOTA,2017,1.5,Hybrid,Automatic,112763,Hatchback,14831,Aqua
12669,VOLKSWAGEN,2013,2.0,Diesel,Automatic,118029,Sedan,1646,Jetta
12670,HONDA,2014,1.5,Hybrid,Automatic,113090,Hatchback,11290,FIT
12671,HYUNDAI,2016,2.0,Diesel,Automatic,31118,Jeep,29950,Santa FE
12672,FORD,2012,1.6,Petrol,Tiptronic,72700,Sedan,19757,Fusion
12673,HONDA,2015,1.8,Petrol,Automatic,23030,Sedan,43545,Civic
12674,TOYOTA,2014,1.5,Hybrid,Automatic,67108,Sedan,9879,Aqua
12675,LEXUS,2008,3.3,Petrol,Automatic,155094,Jeep,29166,RX 400 hybrid
12676,FORD,2000,2.5,Diesel,Manual,119925,Microbus,6899,Transit
12677,BMW,2000,3.0,LPG,Tiptronic,15534,Jeep,10036,X5
12678,TOYOTA,1997,2.0,Petrol,Manual,86992,Jeep,9408,RAV 4
12679,HYUNDAI,2017,2.5,Diesel,Automatic,18682,Minivan,38731,H1
12680,HYUNDAI,2013,2.4,Hybrid,Automatic,13620,Sedan,20071,Sonata
12681,BMW,2013,3.0,Diesel,Automatic,85626,Jeep,1019,X5
12682,HYUNDAI,2017,1.6,Petrol,Automatic,10369,Sedan,21639,Elantra
12683,HYUNDAI,2015,2.0,Diesel,Automatic,91844,Jeep,39226,Santa FE
12684,HYUNDAI,2017,2.0,Diesel,Automatic,51209,Jeep,52034,Santa FE
12685,SSANGYONG,2018,1.6,Diesel,Automatic,45701,Jeep,43952,Actyon
12686,TOYOTA,2006,2.2,Diesel,Manual,137944,Universal,15681,Corolla
12687,TOYOTA,2006,1.5,Petrol,Automatic,189891,Sedan,10036,Prius
12688,BMW,2007,3.0,Petrol,Tiptronic,134216,Jeep,21953,X5
12689,HYUNDAI,2013,2.4,Hybrid,Automatic,78721,Sedan,2744,Sonata
12690,MERCEDES-BENZ,2004,2.2,Diesel,Manual,196353,Goods wagon,10976,Vito
12691,MITSUBISHI,2012,1.0,Petrol,Automatic,37282,Hatchback,7056,Mirage
12692,CHEVROLET,2011,1.8,Petrol,Automatic,75702,Sedan,12717,Lacetti
12693,HONDA,2012,1.5,Hybrid,Automatic,90971,Jeep,2901,Civic
12694,MERCEDES-BENZ,2007,3.0,Diesel,Tiptronic,233635,Sedan,17562,E 320
12695,FORD,1996,2.5,Diesel,Manual,76429,Microbus,23521,Transit
12696,FORD,2013,2.0,Petrol,Automatic,36599,Sedan,39797,Taurus
12697,KIA,2015,2.4,Petrol,Automatic,105658,Sedan,3763,Optima
12698,CHEVROLET,2012,1.4,Plug-in Hybrid,Automatic,69656,Hatchback,23521,Volt
12699,HYUNDAI,2016,2.0,Diesel,Automatic,55584,Jeep,52853,Santa FE
12700,CHEVROLET,2007,2.0,Diesel,Automatic,30155,Jeep,5331,Captiva
12701,HYUNDAI,2013,2.0,Diesel,Automatic,108208,Jeep,36228,Santa FE
12702,FORD,2007,2.2,Diesel,Manual,62137,Microbus,12544,Transit
12703,HYUNDAI,2017,2.0,Petrol,Automatic,8663,Sedan,52959,Sonata
12704,NISSAN,2005,2.0,LPG,Automatic,88235,Jeep,11500,X-Trail
12705,SSANGYONG,2017,1.6,Diesel,Automatic,32632,Jeep,40092,Actyon
12706,AUDI,2014,3.0,Petrol,Automatic,87307,Hatchback,3058,A7
12707,FORD,2013,2.0,Hybrid,Tiptronic,110604,Sedan,6272,Fusion
12708,MERCEDES-BENZ,2012,1.8,Petrol,Automatic,55613,Sedan,18817,C 250
12709,TOYOTA,2011,1.8,Petrol,Variator,93206,Sedan,14700,Prius
12710,TOYOTA,2014,1.5,Hybrid,Automatic,63380,Sedan,10820,Aqua
12711,VOLKSWAGEN,2015,1.8,Petrol,Tiptronic,61516,Sedan,17249,Passat
12712,MERCEDES-BENZ,2008,2.2,Diesel,Tiptronic,109983,Universal,23521,C 220
12713,TOYOTA,2010,2.5,Hybrid,Manual,76429,Sedan,13485,Camry
12714,FIAT,2012,1.4,Petrol,Tiptronic,55923,Coupe,15053,500
12715,BMW,2015,3.0,Diesel,Automatic,124930,Jeep,3920,X5
12716,VOLKSWAGEN,2017,2.0,Petrol,Tiptronic,81524,Sedan,25716,Jetta
12717,SSANGYONG,2013,2.0,Diesel,Automatic,47714,Jeep,24327,Korando
12718,BUICK,2019,2.5,Petrol,Automatic,6457,Sedan,6586,Century
12719,KIA,2007,2.0,Diesel,Automatic,49014,Jeep,6586,Sportage
12720,TOYOTA,2012,1.5,Petrol,Automatic,27962,Hatchback,22715,Aqua
12721,HONDA,2014,1.3,Hybrid,Automatic,120481,Universal,5225,FIT
12722,LEXUS,2008,2.5,Petrol,Tiptronic,100849,Sedan,20385,IS 250
12723,HYUNDAI,2011,2.0,Petrol,Automatic,108877,Sedan,19416,Sonata
12724,MERCEDES-BENZ,2008,3.5,Diesel,Automatic,227962,Jeep,3763,ML 350
12725,HYUNDAI,2011,2.4,Hybrid,Automatic,64623,Sedan,20385,Sonata LIMITED
12726,MERCEDES-BENZ,2016,3.0,Petrol,Automatic,39108,Jeep,19130,GLE 350
12727,FORD,2012,3.5,Petrol,Automatic,62954,Sedan,24029,Taurus
12728,MERCEDES-BENZ,2003,3.2,Petrol,Tiptronic,137944,Sedan,15681,E 320
12729,HYUNDAI,2018,2.0,Petrol,Automatic,26447,Sedan,55343,Sonata
12730,CHEVROLET,2016,2.0,Petrol,Tiptronic,19884,Coupe,53314,Camaro
12731,NISSAN,2005,2.0,Petrol,Automatic,111225,Jeep,13485,X-Trail
12732,TOYOTA,2014,2.5,Hybrid,Automatic,111462,Sedan,11133,Camry
12733,AUDI,2013,2.0,Petrol,Automatic,94118,Sedan,3293,A4
12734,FORD,2013,2.0,Hybrid,Variator,60273,Sedan,19287,Fusion Hybrid
12735,MERCEDES-BENZ,2013,3.5,Petrol,Automatic,75559,Sedan,51746,E 350
12736,CHEVROLET,2007,2.0,Diesel,Automatic,46697,Jeep,6125,Captiva
12737,OPEL,1997,1.8,Petrol,Manual,8342,Hatchback,4500,Vectra
12738,MERCEDES-BENZ,2010,3.5,Petrol,Automatic,155177,Sedan,1490,E 350
12739,KIA,2018,2.0,Petrol,Automatic,34976,Sedan,16308,Avella
12740,TOYOTA,2007,1.5,Petrol,Variator,55923,Hatchback,10976,Prius
12741,TOYOTA,2018,2.5,Petrol,Automatic,17886,Sedan,27911,RAV 4
12742,SUBARU,2004,2.0,Petrol,Automatic,6904,Sedan,4500,Legacy
12743,NISSAN,2007,1.5,Petrol,Variator,99419,Sedan,7527,Note
12744,HYUNDAI,2010,2.0,Diesel,Automatic,42798,Jeep,12231,Tucson
12745,FORD,2014,2.5,Petrol,Automatic,83264,Sedan,14113,Fusion
12746,TOYOTA,2010,3.3,Hybrid,Automatic,186639,Jeep,14269,Highlander
12747,TOYOTA,2012,1.3,Hybrid,Variator,96313,Hatchback,11917,Aqua
12748,CHEVROLET,2018,1.4,Petrol,Automatic,13537,Sedan,15524,Cruze LT
12749,TOYOTA,2013,1.8,Hybrid,Tiptronic,111847,Hatchback,13172,Prius
12750,FORD,2012,2.0,Petrol,Automatic,86377,Sedan,12544,Focus
12751,MERCEDES-BENZ,2015,3.5,Diesel,Automatic,49138,Jeep,22894,ML 350
12752,CHEVROLET,2012,1.0,Petrol,Automatic,24904,Hatchback,6586,Spark
12753,FORD,2011,1.8,Diesel,Manual,111847,Goods wagon,12500,Transit Connect
12754,MERCEDES-BENZ,1997,2.0,Petrol,Manual,189596,Sedan,7840,E 200
12755,VOLKSWAGEN,2013,1.8,Petrol,Tiptronic,99406,Sedan,20385,Passat tsi-se
12756,TOYOTA,2013,1.5,Hybrid,Variator,73322,Hatchback,11604,Aqua
12757,LEXUS,2013,4.6,Petrol,Automatic,95763,Jeep,1490,GX 470
12758,CHEVROLET,2012,2.0,Diesel,Automatic,82557,Jeep,22357,Orlando
12759,MERCEDES-BENZ,2008,3.5,Petrol,Tiptronic,101283,Sedan,24775,E 350
12760,VOLKSWAGEN,2012,2.0,LPG,Automatic,80778,Sedan,15000,Jetta
12761,JEEP,2012,3.6,Petrol,Automatic,109230,Jeep,32973,Grand Cherokee
12762,BMW,2015,3.0,Diesel,Automatic,124930,Jeep,3920,X5
12763,TOYOTA,2008,3.3,Hybrid,Automatic,167249,Jeep,1646,Highlander
12764,MERCEDES-BENZ,2010,2.2,Diesel,Manual,192625,Sedan,21639,C 220
12765,HYUNDAI,2013,2.0,Diesel,Automatic,79658,Jeep,50018,Santa FE
12766,CHEVROLET,2013,1.4,Petrol,Tiptronic,69594,Sedan,12231,Cruze
12767,HYUNDAI,2016,2.5,Diesel,Automatic,126184,Universal,27463,H1
12768,HYUNDAI,2012,2.4,Hybrid,Variator,77671,Sedan,13172,Sonata
12769,HYUNDAI,2010,2.0,Petrol,Automatic,82026,Coupe,15323,Genesis
12770,VOLKSWAGEN,2003,1.4,LPG,Manual,136702,Goods wagon,9095,Caddy cadi
12771,MERCEDES-BENZ,2017,3.5,Petrol,Automatic,59366,Jeep,39201,GLE 350
12772,TOYOTA,2012,1.8,Hybrid,Automatic,66487,Hatchback,23521,Prius
12773,TOYOTA,2014,1.5,Hybrid,Variator,39146,Hatchback,18817,Prius C
12774,BMW,2012,4.4,Petrol,Automatic,76815,Jeep,5645,X6
12775,OPEL,2008,1.3,Diesel,Manual,853,Jeep,11604,Meriva
12776,HYUNDAI,2016,2.2,Diesel,Automatic,78062,Jeep,48403,Santa FE
12777,CHEVROLET,2013,2.0,Diesel,Automatic,95070,Jeep,24571,Captiva
12778,HONDA,2012,1.3,Petrol,Variator,90099,Hatchback,11604,FIT
12779,BMW,2007,3.5,Petrol,Manual,80778,Coupe,20385,335
12780,FORD,2011,2.5,Hybrid,Automatic,51327,Sedan,12544,Fusion
12781,TOYOTA,2007,1.5,Hybrid,Automatic,93206,Sedan,11300,Prius
12782,HYUNDAI,2017,2.0,Petrol,Tiptronic,22866,Jeep,36065,Tucson
12783,KIA,2008,2.5,Diesel,Automatic,46209,Jeep,7527,Sorento
12784,HONDA,2010,1.3,Hybrid,Automatic,116390,Hatchback,1803,Insight
12785,CHEVROLET,2014,2.0,Petrol,Automatic,74565,Sedan,22260,Malibu
12786,HONDA,2007,1.5,Petrol,Manual,91031,Hatchback,9252,FIT
12787,SSANGYONG,2013,2.0,Diesel,Automatic,78365,Jeep,36808,REXTON
12788,HYUNDAI,2014,2.0,LPG,Automatic,198746,Sedan,10036,Sonata
12789,TOYOTA,2006,1.5,Hybrid,Tiptronic,198839,Hatchback,9408,Prius
12790,AUDI,2012,3.2,Petrol,Tiptronic,62137,Jeep,25716,Q5
12791,HYUNDAI,2012,1.8,Petrol,Automatic,149477,Sedan,1019,Elantra
12792,TOYOTA,2014,1.5,Hybrid,Automatic,60894,Hatchback,10000,Aqua
12793,CHEVROLET,2012,1.4,Petrol,Tiptronic,75807,Sedan,17249,Cruze
12794,HYUNDAI,2014,2.0,Petrol,Automatic,37779,Sedan,14426,Sonata
12795,TOYOTA,2004,2.2,Diesel,Manual,230839,Microbus,29793,Hiace
12796,VOLKSWAGEN,2013,2.5,Petrol,Tiptronic,66047,Sedan,17876,Passat
12797,MERCEDES-BENZ,2014,3.5,Diesel,Automatic,136099,Sedan,29793,E 350
12798,FORD,2013,1.6,Petrol,Tiptronic,38525,Sedan,11917,Fusion
12799,AUDI,2014,2.0,Petrol,Automatic,44117,Jeep,29166,Q5
12800,CHEVROLET,2017,1.4,Petrol,Automatic,19330,Sedan,16308,Cruze LT
12801,BMW,2005,3.0,Petrol,Tiptronic,167770,Jeep,18503,X5
12802,LEXUS,2017,4.6,Petrol,Automatic,43445,Jeep,33243,GX 460
12803,MERCEDES-BENZ,2012,3.0,Diesel,Automatic,106392,Sedan,2117,E 350
12804,LEXUS,2000,3.0,Petrol,Automatic,142915,Jeep,8781,RX 300
12805,SSANGYONG,2015,2.0,Diesel,Automatic,63453,Jeep,45044,REXTON
12806,CHEVROLET,2017,1.5,Hybrid,Automatic,32350,Hatchback,26030,Volt
12807,LEXUS,2010,4.6,Petrol,Automatic,171026,Jeep,15681,GX 460
12808,HYUNDAI,2017,1.6,Petrol,Automatic,35032,Sedan,25729,Elantra
12809,HYUNDAI,2012,2.5,Diesel,Manual,121789,Minivan,28000,H1
12810,SUBARU,2012,2.5,Petrol,Automatic,175015,Jeep,8154,Forester
12811,CHEVROLET,2015,1.4,Petrol,Tiptronic,64623,Sedan,16308,Cruze
12812,NISSAN,2005,1.5,Petrol,Automatic,123653,Hatchback,7840,Tiida
12813,FORD,2012,1.6,Petrol,Tiptronic,50952,Sedan,12231,Fusion
12814,HYUNDAI,2019,2.0,Petrol,Automatic,9950,Sedan,1176,Elantra
12815,HYUNDAI,2017,2.0,Diesel,Automatic,55759,Jeep,42218,Tucson
12816,HYUNDAI,2010,2.0,Petrol,Automatic,76831,Sedan,18973,Elantra
12817,MERCEDES-BENZ,2014,2.0,Petrol,Tiptronic,47846,Sedan,46728,CLA 250
12818,TOYOTA,2016,2.5,Petrol,Automatic,49039,Sedan,2352,Camry
12819,SUBARU,2013,2.0,Petrol,Automatic,207046,Sedan,1803,XV
12820,JEEP,2014,2.4,Petrol,Automatic,49211,Jeep,28821,Compass
12821,MERCEDES-BENZ,2012,3.0,Diesel,Automatic,158520,Jeep,24775,GL 350
12822,MERCEDES-BENZ,2010,2.2,Diesel,Manual,110604,Minivan,43905,Viano
12823,HYUNDAI,2014,1.8,Petrol,Tiptronic,37282,Sedan,8781,Elantra
12824,OPEL,2001,2.2,CNG,Automatic,158512,Sedan,5645,Vectra B
12825,LEXUS,2010,4.6,Petrol,Automatic,171026,Jeep,15681,GX 460
12826,TOYOTA,2012,2.5,Hybrid,Automatic,97256,Sedan,3607,Camry
12827,SUBARU,2015,2.5,Petrol,Automatic,57893,Jeep,12858,Forester
12828,HYUNDAI,2016,2.0,LPG,Automatic,35723,Sedan,25716,Sonata
12829,HYUNDAI,2014,2.5,Diesel,Automatic,65990,Minivan,33741,H1
12830,CHEVROLET,2007,2.0,Diesel,Automatic,47347,Jeep,6429,Captiva
12831,BMW,2012,3.0,Diesel,Automatic,170317,Jeep,4077,X5
12832,HYUNDAI,2016,2.0,Diesel,Automatic,73084,Jeep,50196,Santa FE
12833,HYUNDAI,2015,2.4,Petrol,Tiptronic,56669,Sedan,23521,Sonata
12834,KIA,2019,1.6,Hybrid,Automatic,267,Jeep,12701,Niro
12835,HYUNDAI,2018,2.4,Petrol,Automatic,7030,Sedan,1803,Sonata
12836,TOYOTA,2009,3.3,Hybrid,Automatic,197818,Sedan,1019,Highlander
12837,HYUNDAI,2013,2.0,Diesel,Automatic,25603,Jeep,19924,Tucson
12838,KIA,2007,2.0,Diesel,Automatic,39450,Jeep,6586,Sportage
12839,HONDA,2016,2.0,Petrol,Manual,27850,Sedan,29166,Civic
12840,CHEVROLET,2014,2.0,Diesel,Automatic,30105,Jeep,38217,Captiva
12841,HYUNDAI,2013,1.8,Petrol,Automatic,49710,Sedan,14426,Elantra
12842,HYUNDAI,2013,1.6,Petrol,Automatic,103854,Sedan,18826,Elantra
12843,HYUNDAI,2012,2.0,Diesel,Automatic,63477,Jeep,19943,Tucson
12844,FORD,2009,2.2,Diesel,Manual,101331,Microbus,17249,Transit
12845,NISSAN,2010,4.0,Petrol,Manual,75186,Jeep,23521,X-Terra
12846,VOLKSWAGEN,2013,2.5,Petrol,Tiptronic,81400,Sedan,9361,Passat SE
12847,SSANGYONG,2013,2.0,Diesel,Automatic,58600,Jeep,39750,REXTON
12848,NISSAN,2009,1.6,Petrol,Manual,111847,Hatchback,8154,Note
12849,PEUGEOT,2007,1.6,Petrol,Manual,111847,Cabriolet,14113,207
12850,MINI,2013,1.6,Petrol,Tiptronic,27962,Jeep,31361,Paceman
12851,HYUNDAI,2017,1.6,Petrol,Automatic,14047,Coupe,25032,Elantra
12852,HYUNDAI,2013,2.0,Diesel,Automatic,102528,Jeep,23994,Tucson
12853,HYUNDAI,2012,2.0,Petrol,Automatic,47989,Coupe,36711,Genesis
12854,AUDI,2012,3.0,Petrol,Automatic,115326,Jeep,48296,Q7
12855,TOYOTA,2019,1.5,Petrol,Automatic,1614,Hatchback,36997,Aqua
12856,MERCEDES-BENZ,2012,3.5,Diesel,Automatic,79661,Sedan,4861,E 350
12857,HYUNDAI,2010,2.0,Petrol,Automatic,39553,Sedan,14247,Sonata
12858,MERCEDES-BENZ,2005,2.2,Diesel,Manual,223694,Goods wagon,10036,Vito
12859,FORD,2007,3.5,Petrol,Automatic,104390,Jeep,14113,Taurus X
12860,TOYOTA,2014,2.5,Petrol,Tiptronic,86495,Jeep,34497,RAV 4
12861,TOYOTA,2006,1.5,Hybrid,Automatic,133595,Sedan,3136,Prius
12862,CHEVROLET,2010,3.6,Petrol,Manual,62137,Coupe,35438,Camaro RS
12863,CHEVROLET,2016,1.4,Petrol,Automatic,11160,Sedan,19287,Malibu LT
12864,KIA,2015,2.4,Petrol,Automatic,93408,Sedan,3293,Optima
12865,AUDI,2014,3.0,Petrol,Tiptronic,57166,Jeep,62722,Q7
12866,SUBARU,2015,2.5,Petrol,Automatic,56167,Jeep,6899,Forester
12867,HYUNDAI,2011,2.0,Petrol,Automatic,83264,Coupe,22106,Genesis
12868,BMW,2014,2.0,Petrol,Automatic,75188,Sedan,18817,320
12869,CHEVROLET,2015,2.0,LPG,Automatic,34876,Sedan,13150,Malibu
12870,MAZDA,2002,1.3,Petrol,Manual,142915,Hatchback,6586,Demio
12871,MERCEDES-BENZ,2011,3.5,Diesel,Automatic,40076,Sedan,13642,E 350
12872,FORD,2007,2.4,Diesel,Manual,155343,Microbus,13172,Transit
12873,MERCEDES-BENZ,2002,0.6,Petrol,Tiptronic,6214,Coupe,3136,Smart
12874,BMW,2007,3.0,Petrol,Tiptronic,177091,Jeep,25089,X5 E70
12875,AUDI,2014,3.0,Diesel,Automatic,41421,Sedan,11760,Q5
12876,FORD,2011,2.2,Diesel,Manual,103056,Goods wagon,14113,Transit
12877,MAZDA,2005,1.8,Petrol,Manual,34175,Coupe,10976,Rx-8
12878,TOYOTA,2016,2.5,Petrol,Tiptronic,88235,Sedan,22000,Camry XSE
12879,OPEL,1999,1.8,Petrol,Manual,214718,Sedan,6586,Vectra B
12880,VOLKSWAGEN,2010,2.5,Petrol,Automatic,64623,Sedan,7500,Jetta
12881,FORD,2013,1.6,Petrol,Automatic,223032,Sedan,2509,Fusion
12882,TOYOTA,2011,1.8,Hybrid,Variator,69594,Sedan,14740,Prius
12883,FORD,2011,2.0,Petrol,Automatic,100041,Goods wagon,9800,Transit Connect
12884,TOYOTA,2012,2.5,Hybrid,Variator,198839,Sedan,20385,Camry
12885,FORD,2010,2.4,Diesel,Manual,96313,Microbus,26971,Transit
12886,HYUNDAI,2011,2.4,Hybrid,Automatic,105385,Sedan,18817,Sonata
12887,HYUNDAI,2018,1.7,Diesel,Automatic,49430,Jeep,53154,Tucson
12888,TOYOTA,2014,1.8,Hybrid,Variator,56767,Hatchback,16935,Prius
12889,MERCEDES-BENZ,2000,3.2,LPG,Automatic,145776,Jeep,9408,ML 320
12890,HYUNDAI,2010,2.0,Diesel,Automatic,95689,Jeep,22693,Santa FE
12891,HYUNDAI,2013,2.4,Hybrid,Automatic,78721,Sedan,2744,Sonata
12892,JEEP,2015,2.0,Petrol,Tiptronic,71458,Jeep,20385,Patriot
12893,TOYOTA,2012,1.5,Hybrid,Automatic,109361,Hatchback,19444,Prius C
12894,HYUNDAI,2015,2.5,Diesel,Automatic,25223,Universal,47957,H1
12895,CHEVROLET,2015,2.2,Diesel,Automatic,48803,Jeep,21109,Captiva
12896,HONDA,2013,1.5,Petrol,Automatic,49399,Hatchback,20432,FIT
12897,MERCEDES-BENZ,1998,2.9,Diesel,Manual,24855,Sedan,8467,E 290
12898,BMW,2010,3.0,Diesel,Tiptronic,161556,Jeep,42337,X5
12899,FORD,2011,2.2,Diesel,Manual,83077,Microbus,17876,Transit
12900,TOYOTA,2014,2.5,Petrol,Tiptronic,91342,Sedan,18189,Camry
12901,KIA,2016,1.7,Diesel,Automatic,19862,Sedan,27755,Optima
12902,HYUNDAI,2010,2.5,Diesel,Automatic,69730,Minivan,10945,H1
12903,HYUNDAI,2010,2.0,Petrol,Automatic,114640,Sedan,16599,Sonata
12904,HYUNDAI,2012,2.0,Diesel,Automatic,73236,Jeep,27259,Tucson
12905,HONDA,2012,1.5,Petrol,Automatic,103867,Sedan,2352,FIT
12906,FORD,1996,2.5,Diesel,Manual,15534,Microbus,7840,Transit
12907,TOYOTA,2008,1.5,Petrol,Automatic,105633,Hatchback,8467,Vitz
12908,CHEVROLET,2016,1.4,Petrol,Automatic,64001,Sedan,18817,Cruze
12909,DAEWOO,2009,2.0,Petrol,Automatic,46317,Sedan,4679,Lacetti
12910,HYUNDAI,2015,2.4,Hybrid,Automatic,142413,Sedan,3607,Sonata
12911,KIA,2012,2.4,Petrol,Automatic,94738,Jeep,3293,Sportage
12912,FORD,2014,2.5,Petrol,Automatic,85360,Sedan,13799,Fusion
12913,KIA,2017,2.0,Petrol,Automatic,18695,Sedan,27441,Optima
12914,MERCEDES-BENZ,2011,3.5,Petrol,Tiptronic,80157,Jeep,28225,ML 350
12915,TOYOTA,2013,1.8,Hybrid,Automatic,114660,Hatchback,1803,Prius
12916,HYUNDAI,2011,2.2,Diesel,Automatic,117307,Jeep,26861,Santa FE
12917,MERCEDES-BENZ,2001,2.0,CNG,Manual,161556,Sedan,6586,C 230 2.0 kompresor
12918,LEXUS,2012,4.6,Petrol,Automatic,142501,Jeep,34811,GX 460
12919,MERCEDES-BENZ,2004,3.2,Petrol,Tiptronic,143661,Sedan,13485,E 320
12920,NISSAN,2013,1.6,Petrol,Automatic,95622,Jeep,3293,Juke
12921,FORD,2001,2.4,Diesel,Manual,621,Microbus,11604,Transit
12922,HONDA,2019,2.0,Petrol,Automatic,12862,Sedan,49848,Civic
12923,BMW,2008,3.5,Petrol,Tiptronic,131234,Sedan,17562,335
12924,MERCEDES-BENZ,2008,2.2,Diesel,Manual,111442,Microbus,21012,Vito
12925,TOYOTA,2016,1.5,Hybrid,Automatic,183990,Sedan,12544,Prius
12926,NISSAN,2010,1.5,Diesel,Manual,111847,Sedan,16621,Micra <DIESEL>
12927,HYUNDAI,2010,1.4,Diesel,Manual,119925,Sedan,10976,i20
12928,HYUNDAI,2016,1.6,LPG,Automatic,19747,Sedan,20855,Elantra
12929,JEEP,2012,2.8,Diesel,Automatic,87721,Jeep,56340,Wrangler
12930,HYUNDAI,2014,2.2,Diesel,Automatic,78548,Jeep,41886,Santa FE
12931,TOYOTA,2009,1.5,Hybrid,Automatic,107630,Hatchback,6586,Prius
12932,LEXUS,2016,1.8,Hybrid,Automatic,44679,Hatchback,9565,CT 200h
12933,SSANGYONG,2007,2.5,Diesel,Automatic,42785,Jeep,7527,REXTON
12934,TOYOTA,2017,2.5,Petrol,Automatic,28643,Sedan,21796,Camry SE
12935,BMW,2013,3.0,Diesel,Automatic,55196,Jeep,9252,X5
12936,CHEVROLET,2016,1.4,Petrol,Tiptronic,36040,Sedan,19757,Cruze
12937,TOYOTA,2012,3.0,Diesel,Manual,101283,Pickup,54882,Hilux
12938,TOYOTA,2013,1.8,Petrol,Automatic,94448,Hatchback,23521,Prius plagin
12939,BMW,2001,2.2,Petrol,Tiptronic,104275,Sedan,9722,320
12940,SSANGYONG,2015,2.0,Diesel,Automatic,56137,Jeep,40926,REXTON
12941,HYUNDAI,2016,2.5,Diesel,Automatic,57788,Universal,45633,H1
12942,FIAT,2007,1.3,Diesel,Automatic,131731,Hatchback,10976,Punto
12943,SSANGYONG,2016,1.6,Diesel,Automatic,66691,Jeep,35344,Actyon
12944,NISSAN,2011,1.6,Petrol,Variator,52195,Jeep,20698,Juke
12945,HONDA,2012,2.4,Petrol,Automatic,66487,Jeep,24775,Cr-v
12946,FORD,2009,2.3,Hybrid,Variator,99419,Jeep,15681,Escape
12947,NISSAN,2011,2.0,Petrol,Variator,65244,Minivan,10349,Serena
12948,SSANGYONG,2016,1.6,Petrol,Automatic,71477,Jeep,32311,Actyon
12949,CHEVROLET,2012,1.4,Petrol,Manual,134216,Sedan,7527,Cruze LT
12950,TOYOTA,2008,1.5,Hybrid,Variator,131109,Sedan,13667,Prius
12951,MERCEDES-BENZ,2008,1.8,Petrol,Manual,1678,Sedan,40769,C 180
12952,LEXUS,2010,4.6,Petrol,Tiptronic,82642,Jeep,62408,GX 460
12953,TOYOTA,2012,1.8,Hybrid,Tiptronic,82301,Sedan,14113,Prius 3
12954,BMW,2002,4.4,Petrol,Tiptronic,178333,Sedan,14113,745
12955,HYUNDAI,2017,2.0,Petrol,Automatic,43019,Sedan,16465,Elantra SE
12956,MERCEDES-BENZ,2017,2.0,Petrol,Automatic,27959,Jeep,42651,GLA 250
12957,OPEL,2000,1.8,Petrol,Manual,6904,Minivan,7840,Zafira
12958,HYUNDAI,2011,1.6,Petrol,Automatic,78251,Sedan,15323,Elantra
12959,KIA,2017,1.6,Petrol,Automatic,47224,Sedan,21326,Optima
12960,HYUNDAI,2010,2.0,Diesel,Automatic,88399,Jeep,22063,Tucson
12961,AUDI,2014,2.0,Petrol,Automatic,50839,Sedan,5018,A4
12962,HYUNDAI,2015,2.0,LPG,Automatic,180465,Sedan,15053,Sonata
12963,HYUNDAI,2017,1.7,Diesel,Automatic,55923,Jeep,36711,Tucson
12964,HYUNDAI,2013,2.0,Diesel,Automatic,62785,Jeep,31581,Tucson
12965,MERCEDES-BENZ,2010,3.5,Diesel,Automatic,117768,Sedan,12388,E 350
12966,BMW,2001,1.9,Petrol,Manual,149129,Sedan,8154,318
12967,TOYOTA,2002,2.0,Petrol,Automatic,74565,Jeep,13172,RAV 4 L
12968,HYUNDAI,2010,1.6,Petrol,Automatic,84815,Sedan,15423,Elantra
12969,TOYOTA,2015,1.8,Hybrid,Automatic,76912,Hatchback,4234,Prius
12970,HYUNDAI,2015,1.6,Petrol,Automatic,50353,Sedan,27065,Elantra
12971,TOYOTA,2006,1.5,Petrol,Automatic,124274,Minivan,10192,BB
12972,HYUNDAI,2018,1.6,Petrol,Automatic,33474,Sedan,33575,Elantra
12973,TOYOTA,2010,4.0,Petrol,Automatic,175972,Jeep,40142,4Runner
12974,FORD,2010,2.5,Hybrid,Variator,109361,Sedan,11917,Fusion
12975,SKODA,2012,1.8,Petrol,Manual,155343,Sedan,16778,Octavia
12976,MAZDA,2003,2.3,Petrol,Tiptronic,93206,Hatchback,8154,Atenza
12977,SSANGYONG,2013,2.0,Diesel,Automatic,65834,Jeep,37984,REXTON
12978,HONDA,1999,2.0,Petrol,Manual,27340,Jeep,7840,Cr-v
12979,BMW,2015,3.0,Petrol,Tiptronic,61640,Sedan,59272,740
12980,SUBARU,2002,2.0,CNG,Automatic,74565,Hatchback,7213,Forester
12981,HYUNDAI,2015,1.6,Petrol,Automatic,65182,Sedan,27065,Elantra
12982,HYUNDAI,2012,1.6,Petrol,Automatic,82021,Sedan,18826,Elantra
12983,VOLKSWAGEN,2015,1.4,Petrol,Automatic,31659,Sedan,17876,Jetta
12984,HONDA,2011,1.3,Hybrid,Variator,84506,Hatchback,10663,FIT
12985,NISSAN,2001,2.5,Petrol,Tiptronic,89477,Sedan,6899,Skyline
12986,HYUNDAI,2013,2.0,Petrol,Automatic,68097,Sedan,13956,Sonata Limited
12987,HYUNDAI,2015,1.6,Petrol,Automatic,42378,Sedan,27654,Elantra
12988,HONDA,2009,1.3,Hybrid,Automatic,85128,Hatchback,10663,Insight
12989,VOLKSWAGEN,2012,2.0,Petrol,Manual,85749,Sedan,18817,Jetta
12990,CHEVROLET,2011,2.4,Petrol,Automatic,49710,Jeep,1568,Equinox
12991,MERCEDES-BENZ,1997,2.2,Diesel,Manual,184159,Sedan,5645,E 220
12992,SSANGYONG,2011,2.0,Diesel,Automatic,188275,Sedan,13231,Actyon
12993,HYUNDAI,2016,2.0,LPG,Automatic,229718,Sedan,13172,Sonata
12994,FIAT,2013,1.4,Petrol,Automatic,76530,Hatchback,8781,500
12995,CHEVROLET,2018,3.6,Petrol,Automatic,44238,Sedan,3293,Impala
12996,MITSUBISHI,2012,2.0,Petrol,Tiptronic,109580,Jeep,20071,Outlander
12997,SSANGYONG,2014,2.0,Diesel,Automatic,100767,Jeep,24123,Korando
12998,SUBARU,2001,2.0,Petrol,Manual,111847,Universal,2500,Forester
12999,TOYOTA,2015,1.8,Hybrid,Automatic,127591,Hatchback,17249,Prius
13000,TOYOTA,2018,1.8,Petrol,Automatic,19372,Sedan,2352,Corolla
13001,SSANGYONG,2010,2.7,Diesel,Automatic,153230,Jeep,15718,REXTON
13002,TOYOTA,2012,1.8,Hybrid,Automatic,123280,Sedan,13291,Prius
13003,TOYOTA,2008,2.4,Hybrid,Tiptronic,119303,Sedan,13172,Camry ჰიბრიდი
13004,JEEP,2011,3.6,Petrol,Tiptronic,64001,Jeep,36065,Grand Cherokee
13005,FORD,2015,2.0,Plug-in Hybrid,Tiptronic,77050,Hatchback,21953,C-MAX
13006,FORD,1996,2.5,Diesel,Manual,76429,Microbus,23521,Transit
13007,HONDA,2014,1.5,Hybrid,Tiptronic,78914,Sedan,17249,FIT
13008,LEXUS,2013,4.6,Petrol,Automatic,125921,Jeep,54568,GX 470
13009,FORD,2001,2.0,Diesel,Manual,92584,Microbus,12544,Transit
13010,TOYOTA,2013,3.5,Petrol,Automatic,126052,Jeep,1254,Highlander
13011,HONDA,2011,1.5,Hybrid,Automatic,105633,Sedan,10976,CR-Z
13012,MERCEDES-BENZ,2009,3.0,Diesel,Automatic,122582,Jeep,35124,ML 350
13013,TOYOTA,2013,1.5,Hybrid,Automatic,26098,Hatchback,18189,Prius
13014,MERCEDES-BENZ,2011,3.5,Diesel,Automatic,140586,Coupe,1568,E 350
13015,MERCEDES-BENZ,2015,3.5,Petrol,Tiptronic,24420,Jeep,63976,ML 350
13016,CHEVROLET,2015,2.0,LPG,Automatic,20526,Sedan,15367,Malibu
13017,HYUNDAI,2018,2.0,Petrol,Automatic,45306,Sedan,62992,Sonata
13018,FORD,2013,2.0,Petrol,Manual,133984,Hatchback,12544,Focus
13019,HYUNDAI,2010,2.0,Diesel,Automatic,123326,Jeep,23536,Santa FE
13020,SSANGYONG,2016,1.6,Diesel,Automatic,55487,Jeep,37984,Actyon
13021,TOYOTA,2010,1.8,Hybrid,Variator,192874,Sedan,17876,Prius
13022,MERCEDES-BENZ,2014,3.5,Diesel,Automatic,124385,Sedan,30734,E 350
13023,MITSUBISHI,2003,2.4,CNG,Tiptronic,9028,Jeep,8154,Airtrek
13024,TOYOTA,2014,1.5,Hybrid,Automatic,59696,Hatchback,3450,Prius
13025,TOYOTA,2010,3.3,Hybrid,Automatic,140553,Sedan,1725,Highlander
13026,TOYOTA,2018,2.5,Petrol,Automatic,9321,Jeep,47042,RAV 4
13027,HONDA,2011,2.4,Petrol,Automatic,151656,Jeep,1803,Cr-v
13028,CHEVROLET,2017,1.4,Petrol,Automatic,74162,Sedan,1882,Cruze
13029,HYUNDAI,2010,2.0,Diesel,Automatic,69096,Jeep,25299,Tucson
13030,HONDA,2010,3.5,Petrol,Automatic,109361,Jeep,20385,Crosstour
13031,TOYOTA,2015,2.5,Hybrid,Automatic,25413,Sedan,39201,Camry SE HIBRYD
13032,MERCEDES-BENZ,2017,3.5,Petrol,Automatic,34426,Jeep,7527,GLE 350
13033,BMW,2005,3.0,LPG,Tiptronic,93206,Sedan,13485,330
13034,TOYOTA,2010,1.8,Hybrid,Automatic,233635,Sedan,16932,Prius
13035,FORD,2019,1.6,Petrol,Automatic,29662,Sedan,3763,Fiesta
13036,OPEL,2000,1.6,Petrol,Manual,14292,Goods wagon,6272,Combo
13037,MERCEDES-BENZ,2006,3.5,Petrol,Automatic,109361,Jeep,20385,ML 350
13038,SSANGYONG,2012,2.0,Diesel,Automatic,89766,Jeep,25889,REXTON
13039,LEXUS,2016,3.5,Hybrid,Automatic,37194,Jeep,11290,RX 450
13040,TOYOTA,2011,2.5,Petrol,Automatic,111847,Sedan,20385,Camry
13041,MERCEDES-BENZ,1996,2.9,Diesel,Automatic,93206,Sedan,7213,E 290
13042,BMW,2014,2.0,Petrol,Tiptronic,69594,Coupe,40456,428 i
13043,CHEVROLET,2015,1.4,Plug-in Hybrid,Automatic,40389,Hatchback,27911,Volt
13044,TOYOTA,2017,2.5,Petrol,Tiptronic,50952,Sedan,32929,Camry
13045,HONDA,2013,1.3,Hybrid,Automatic,91847,Universal,10932,FIT
13046,NISSAN,2012,1.6,Petrol,Tiptronic,71136,Jeep,21012,Juke Turbo
13047,HYUNDAI,2014,1.6,Petrol,Automatic,44015,Sedan,25889,Elantra
13048,BMW,2012,3.0,Petrol,Tiptronic,99419,Jeep,39829,X3
13049,HONDA,2013,1.5,Hybrid,Automatic,58222,Sedan,17876,Civic
13050,BMW,2012,3.0,Diesel,Automatic,142894,Jeep,14583,X5
13051,HYUNDAI,2011,2.4,Petrol,Automatic,163228,Sedan,3136,Sonata
13052,CHEVROLET,2013,1.4,Petrol,Tiptronic,55302,Sedan,9000,Cruze
13053,NISSAN,2002,3.5,Petrol,Variator,95070,Sedan,6899,Skyline
13054,CHEVROLET,2016,3.6,Petrol,Automatic,47944,Sedan,52959,Impala
13055,HYUNDAI,2009,2.0,Petrol,Automatic,49388,Coupe,20610,Genesis
13056,BMW,2013,3.0,Diesel,Automatic,55196,Jeep,9408,X5
13057,KIA,2017,1.7,Diesel,Automatic,18702,Sedan,39044,Optima
13058,BMW,2011,3.0,Petrol,Automatic,155094,Sedan,23521,535
13059,FORD,2019,1.6,Petrol,Tiptronic,5095,Sedan,22200,Fiesta
13060,KIA,2012,2.4,Petrol,Automatic,77946,Sedan,2587,Optima
13061,VOLKSWAGEN,2016,1.4,Petrol,Tiptronic,49088,Sedan,18503,Jetta
13062,HYUNDAI,2013,2.0,Diesel,Automatic,146209,Jeep,28909,Santa FE
13063,HONDA,2015,1.8,Petrol,Automatic,41478,Sedan,36802,Civic
13064,CHEVROLET,2015,2.2,Diesel,Automatic,31372,Jeep,27259,Captiva
13065,TOYOTA,2012,1.8,Hybrid,Automatic,79535,Sedan,21326,Prius
13066,BMW,2013,4.4,Petrol,Automatic,78006,Jeep,9565,X5
13067,TOYOTA,2007,1.5,Hybrid,Automatic,184920,Sedan,10976,Prius
13068,TOYOTA,2013,2.5,Hybrid,Automatic,118402,Sedan,5018,Camry
13069,LEXUS,2010,4.6,Petrol,Automatic,221982,Jeep,16308,GX 470
13070,HYUNDAI,2016,1.7,Diesel,Automatic,94145,Sedan,30351,i40
13071,HYUNDAI,2018,1.7,Diesel,Automatic,53196,Jeep,47201,Tucson
13072,NISSAN,2012,1.8,Petrol,Automatic,74565,Hatchback,9408,Versa s
13073,TOYOTA,2017,2.5,Petrol,Tiptronic,30199,Sedan,32302,Camry
13074,MERCEDES-BENZ,2006,2.0,Petrol,Tiptronic,88502,Sedan,14113,C 200
13075,FORD,2016,1.6,Petrol,Manual,39869,Sedan,15681,Fiesta
13076,OPEL,2010,1.3,Diesel,Manual,139187,Goods wagon,9408,Combo
13077,HYUNDAI,2014,2.5,Diesel,Automatic,84948,Minivan,30784,H1
13078,MERCEDES-BENZ,2011,3.5,Diesel,Automatic,105900,Coupe,15994,E 350
13079,VOLKSWAGEN,1996,1.6,Petrol,Manual,136702,Hatchback,3136,Golf
13080,TOYOTA,2012,1.8,Hybrid,Automatic,97211,Hatchback,14113,Prius
13081,TOYOTA,2008,1.5,Hybrid,Variator,82518,Hatchback,10036,Prius
13082,CHEVROLET,2013,2.0,Diesel,Automatic,82623,Jeep,26324,Orlando
13083,LEXUS,2015,1.8,Hybrid,Automatic,58999,Hatchback,16935,CT 200h
13084,HYUNDAI,2014,2.5,Diesel,Automatic,74757,Minivan,30583,H1
13085,TOYOTA,2014,2.5,Petrol,Tiptronic,29826,Sedan,22580,Camry
13086,MERCEDES-BENZ,2010,3.5,Diesel,Automatic,159639,Sedan,8938,E 350
13087,MERCEDES-BENZ,2013,1.8,Petrol,Tiptronic,36012,Sedan,29166,C 250
13088,MITSUBISHI,2000,3.2,CNG,Automatic,130488,Jeep,7213,Pajero
13089,NISSAN,2015,1.6,Petrol,Tiptronic,45981,Jeep,23207,Juke
13090,HONDA,2015,1.5,Petrol,Automatic,69453,Hatchback,16320,FIT
13091,MERCEDES-BENZ,1999,3.2,CNG,Automatic,127381,Sedan,6272,E 320
13092,SUBARU,2014,2.0,Hybrid,Automatic,168063,Jeep,8781,XV
13093,TOYOTA,2012,1.3,Petrol,Variator,57166,Hatchback,8500,Vitz
13094,TOYOTA,2019,2.5,Hybrid,Automatic,13021,Jeep,46101,RAV 4
13095,TOYOTA,2010,1.8,Hybrid,Automatic,99035,Hatchback,3293,Prius
13096,FORD,2013,2.0,Hybrid,Automatic,199183,Sedan,4077,Fusion
13097,NISSAN,2005,1.5,LPG,Variator,98177,Hatchback,8938,Tiida
13098,HYUNDAI,2012,1.6,Petrol,Automatic,69745,Sedan,19121,Elantra
13099,HYUNDAI,2016,2.0,Diesel,Automatic,101533,Jeep,41221,Santa FE
13100,MERCEDES-BENZ,2015,2.2,Diesel,Manual,173984,Microbus,39201,Sprinter
13101,TOYOTA,2013,1.5,Hybrid,Variator,68972,Hatchback,9252,Aqua
13102,BMW,2001,2.2,Petrol,Automatic,71458,Sedan,12544,320
13103,HONDA,2005,3.5,Petrol,Automatic,99419,Sedan,9408,Legend FULL
13104,TOYOTA,2013,1.5,Petrol,Automatic,61889,Sedan,16383,Aqua
13105,HYUNDAI,2015,2.0,LPG,Automatic,235720,Sedan,9722,Sonata
13106,TOYOTA,2012,1.5,Hybrid,Variator,89477,Hatchback,14113,Aqua
13107,CHEVROLET,2015,2.0,Diesel,Automatic,20692,Sedan,18033,Malibu
13108,TOYOTA,2012,2.5,Hybrid,Automatic,60894,Sedan,22800,Camry
13109,HYUNDAI,2015,2.2,Diesel,Automatic,58779,Jeep,57108,Santa FE
13110,TOYOTA,2018,2.5,Hybrid,Automatic,21784,Sedan,18817,Camry
13111,HONDA,2013,1.5,Hybrid,Automatic,73471,Sedan,5018,Civic
13112,BMW,2000,2.5,Petrol,Tiptronic,118060,Sedan,7213,525
13113,TOYOTA,2008,1.5,Hybrid,Variator,10563,Sedan,12231,Prius
13114,LEXUS,2015,3.5,Hybrid,Automatic,89241,Jeep,13956,RX 450
13115,HONDA,2015,2.4,Petrol,Automatic,48762,Coupe,2430,Accord
13116,HYUNDAI,2015,2.0,LPG,Automatic,210092,Sedan,15367,Sonata
13117,TOYOTA,2010,1.8,Hybrid,Automatic,85849,Sedan,14740,Prius
13118,HYUNDAI,2012,2.4,Hybrid,Automatic,161515,Sedan,4077,Sonata
13119,MERCEDES-BENZ,2008,2.2,Diesel,Manual,112468,Sedan,21012,200
13120,MERCEDES-BENZ,2016,3.0,Petrol,Automatic,30757,Jeep,19130,GLE 350
13121,TOYOTA,2013,2.5,Petrol,Automatic,68363,Jeep,11917,RAV 4
13122,TOYOTA,2011,1.8,Hybrid,Automatic,121789,Sedan,17876,Prius
13123,HYUNDAI,2011,2.0,Diesel,Automatic,51985,Jeep,28830,Tucson
13124,TOYOTA,2014,2.5,Petrol,Tiptronic,73027,Sedan,26657,Camry
13125,CHEVROLET,2012,1.6,Diesel,Automatic,158870,Jeep,15872,Orlando
13126,HONDA,2004,1.3,Petrol,Automatic,109983,Hatchback,7840,FIT
13127,TOYOTA,2011,1.3,Petrol,Automatic,102526,Hatchback,5900,Vitz
13128,MERCEDES-BENZ,2016,3.0,Petrol,Tiptronic,28583,Sedan,51118,E 400
13129,TOYOTA,2016,1.8,Hybrid,Automatic,57166,Sedan,24148,Prius
13130,MERCEDES-BENZ,2001,2.2,Diesel,Tiptronic,186411,Sedan,29793,220
13131,TOYOTA,2015,1.5,Hybrid,Automatic,60584,Hatchback,19184,Aqua
13132,TOYOTA,2002,2.0,Petrol,Automatic,6904,Minivan,9408,VOXY
13133,MERCEDES-BENZ,2011,3.5,Petrol,Tiptronic,80157,Sedan,35124,E 350
13134,HONDA,2010,1.3,Hybrid,Automatic,69511,Hatchback,12544,Insight
13135,HYUNDAI,2011,2.0,Diesel,Automatic,115568,Jeep,17619,Tucson
13136,TOYOTA,2015,1.8,Plug-in Hybrid,Automatic,54059,Hatchback,26971,Prius
13137,HYUNDAI,2011,1.6,Petrol,Automatic,86992,Sedan,14454,Elantra
13138,MITSUBISHI,1997,2.7,LPG,Automatic,136080,Jeep,10349,Pajero
13139,MERCEDES-BENZ,2008,2.2,Diesel,Tiptronic,124274,Minivan,26030,Vito
13140,TOYOTA,2009,2.4,Hybrid,Automatic,78914,Sedan,7213,Camry
13141,HYUNDAI,2010,2.2,Diesel,Automatic,56789,Jeep,10976,Santa FE
13142,FORD,2013,2.0,Hybrid,Automatic,100041,Sedan,12074,Fusion
13143,HYUNDAI,2016,1.6,Petrol,Automatic,59145,Sedan,26770,Elantra
13144,BMW,2003,2.2,LPG,Automatic,68351,Sedan,11604,320
13145,LEXUS,2014,2.5,Hybrid,Automatic,70216,Sedan,19444,ES 300
13146,FORD,2013,2.0,Hybrid,Variator,83885,Sedan,25402,Fusion
13147,SUBARU,2005,2.0,Petrol,Tiptronic,99419,Sedan,10976,Legacy
13148,HYUNDAI,2018,1.6,Petrol,Automatic,32311,Sedan,31581,Elantra
13149,FIAT,2015,1.4,Petrol,Manual,37135,Hatchback,11133,500 Sport
13150,HYUNDAI,2013,1.8,Petrol,Tiptronic,56669,Sedan,15367,Elantra
13151,HYUNDAI,2019,2.0,Petrol,Automatic,9950,Sedan,1176,Elantra
13152,MERCEDES-BENZ,2007,3.5,Petrol,Tiptronic,124274,Sedan,18189,E 350
13153,FORD,2017,2.0,Petrol,Automatic,42370,Hatchback,12544,Focus
13154,TOYOTA,2013,1.5,Hybrid,Variator,62137,Hatchback,14113,Aqua
13155,TOYOTA,2008,1.5,Hybrid,Automatic,96313,Hatchback,12500,Prius
13156,BMW,1998,2.5,CNG,Tiptronic,144779,Sedan,7213,525
13157,MERCEDES-BENZ,2010,3.5,Diesel,Automatic,117768,Sedan,12388,E 350
13158,VOLKSWAGEN,2017,1.4,Petrol,Manual,61703,Sedan,18817,Jetta
13159,HYUNDAI,2011,1.6,Petrol,Automatic,74565,Sedan,15612,Elantra
13160,MERCEDES-BENZ,2014,1.8,Petrol,Tiptronic,67729,Sedan,23521,C 250
13161,FORD,2016,2.5,Petrol,Tiptronic,30447,Sedan,25089,Fusion
13162,HYUNDAI,2018,1.7,Diesel,Automatic,11270,Jeep,52856,Tucson
13163,HYUNDAI,2011,1.8,Petrol,Tiptronic,75559,Sedan,18189,Elantra
13164,TOYOTA,2012,1.8,Plug-in Hybrid,Variator,72079,Sedan,22580,Prius Plug in
13165,HONDA,2011,1.3,Hybrid,Tiptronic,57788,Hatchback,8147,FIT PREMIUM PAKETI
13166,FORD,2016,2.0,Hybrid,Automatic,121151,Sedan,8781,Fusion
13167,BMW,2014,3.0,Diesel,Automatic,87852,Jeep,25716,X5
13168,TOYOTA,2008,1.5,Hybrid,Variator,39768,Hatchback,14426,Prius
13169,TOYOTA,2010,2.7,Petrol,Automatic,109633,Jeep,3920,Venza
13170,KIA,2016,2.0,Petrol,Automatic,19548,Sedan,20071,Optima
13171,BMW,2000,2.0,Petrol,Manual,192625,Sedan,7840,520
13172,AUDI,1998,2.8,Petrol,Manual,124274,Sedan,2000,A4
13173,MERCEDES-BENZ,2010,3.5,Diesel,Automatic,117768,Sedan,12388,E 350
13174,HYUNDAI,2010,2.0,Petrol,Automatic,105633,Coupe,13796,Genesis
13175,TOYOTA,2010,1.8,Hybrid,Variator,105633,Sedan,16621,Prius
13176,HYUNDAI,2014,1.6,Diesel,Automatic,43845,Sedan,28532,Elantra
13177,NISSAN,2013,1.6,Petrol,Automatic,80236,Jeep,3607,Juke
13178,TOYOTA,2011,1.8,Hybrid,Automatic,202769,Hatchback,3920,Prius
13179,CHEVROLET,2013,2.4,Petrol,Automatic,82288,Jeep,1960,Captiva
13180,MERCEDES-BENZ,2017,2.0,Petrol,Automatic,31667,Sedan,56136,E 300
13181,SKODA,2011,1.8,Petrol,Manual,103769,Sedan,11917,Octavia
13182,CHEVROLET,2016,3.6,Petrol,Automatic,38298,Sedan,51802,Impala
13183,CHEVROLET,2012,1.6,Diesel,Automatic,43356,Jeep,13630,Orlando
13184,BMW,2006,3.0,Petrol,Tiptronic,144779,Sedan,17876,530
13185,HONDA,2010,1.3,Hybrid,Automatic,116390,Hatchback,1803,Insight
13186,TOYOTA,2007,1.5,Petrol,Automatic,133222,Sedan,14740,Prius
13187,TOYOTA,2011,1.0,Petrol,Automatic,59030,Hatchback,14426,Vitz
13188,FORD,2010,2.5,Hybrid,Automatic,87178,Sedan,16308,Fusion
13189,MERCEDES-BENZ,2006,3.5,LPG,Tiptronic,82021,Sedan,17249,E 350
13190,KIA,2013,1.6,Petrol,Automatic,85128,Sedan,12544,RIO
13191,VOLKSWAGEN,2012,2.5,Petrol,Tiptronic,102402,Sedan,8075,Jetta
13192,HYUNDAI,2014,2.4,Hybrid,Automatic,45873,Sedan,16935,Sonata Limited
13193,TOYOTA,2014,1.8,Hybrid,Automatic,111238,Universal,21639,Prius V
13194,AUDI,2009,2.0,Petrol,Tiptronic,149129,Sedan,14740,A4
13195,HYUNDAI,2011,1.6,Petrol,Automatic,31821,Sedan,11604,Elantra
13196,MERCEDES-BENZ,2000,3.2,CNG,Tiptronic,155343,Jeep,10976,ML 320
13197,VOLKSWAGEN,2014,1.8,Petrol,Manual,74565,Sedan,16621,Passat
13198,HONDA,2003,1.3,Petrol,Variator,142915,Hatchback,7500,FIT
13199,HYUNDAI,2014,2.5,Diesel,Automatic,86574,Minivan,31317,H1
13200,FORD,2014,1.5,Petrol,Automatic,41934,Sedan,20385,Fusion Titanium
13201,TOYOTA,2012,1.5,Hybrid,Automatic,57166,Hatchback,11604,Aqua
13202,KIA,2014,2.4,Petrol,Tiptronic,20878,Sedan,16621,Optima
13203,MITSUBISHI,2013,0.7,Petrol,Automatic,78541,Hatchback,8467,I
13204,HYUNDAI,2015,1.6,Petrol,Automatic,46603,Sedan,20526,Elantra
13205,SSANGYONG,2010,2.7,Diesel,Automatic,104418,Jeep,19121,REXTON
13206,HYUNDAI,2016,2.0,Petrol,Tiptronic,57166,Sedan,23207,Elantra
13207,MERCEDES-BENZ,1998,2.3,Diesel,Manual,186411,Minivan,6272,Vito 110d
13208,JEEP,2019,3.2,Petrol,Automatic,20765,Sedan,12231,Cherokee
13209,MERCEDES-BENZ,2006,3.5,Petrol,Tiptronic,82642,Sedan,16308,E 350
13210,HYUNDAI,2016,1.7,Diesel,Automatic,61417,Jeep,42883,Tucson
13211,MERCEDES-BENZ,2000,3.2,CNG,Tiptronic,6904,Jeep,7840,ML 320
13212,FORD,2018,2.0,Petrol,Automatic,47475,Sedan,2587,Escape
13213,HYUNDAI,2011,2.0,Petrol,Tiptronic,68972,Coupe,18189,Genesis
13214,DAEWOO,2009,1.6,Petrol,Automatic,28122,Sedan,5811,Lacetti
13215,TOYOTA,1999,2.0,Petrol,Automatic,111847,Sedan,7213,Altezza
13216,TOYOTA,2015,1.5,Hybrid,Automatic,78293,Hatchback,15834,Aqua
13217,MERCEDES-BENZ,2002,3.2,Petrol,Tiptronic,116196,Sedan,11000,C 320
13218,MAZDA,2003,1.4,CNG,Manual,114954,Hatchback,7213,Demio evropuli
13219,HYUNDAI,2018,1.6,Petrol,Automatic,36360,Sedan,34074,Elantra
13220,LEXUS,2015,4.6,Petrol,Automatic,169941,Jeep,61154,GX 470
13221,JEEP,2014,2.4,Petrol,Automatic,20362,Jeep,45674,Compass
13222,MERCEDES-BENZ,2014,3.5,Petrol,Automatic,90966,Sedan,1882,E 350
13223,HYUNDAI,2010,2.0,Diesel,Automatic,116845,Jeep,21953,Santa FE
13224,BMW,2013,3.0,Petrol,Tiptronic,62758,Jeep,54882,X6
13225,MERCEDES-BENZ,2010,3.5,Petrol,Automatic,127983,Sedan,1646,E 350
13226,LEXUS,2009,2.5,Petrol,Automatic,71737,Sedan,24596,IS 250
13227,LEXUS,2017,3.5,Petrol,Automatic,39029,Sedan,18817,IS 300
13228,BMW,2004,3.0,CNG,Tiptronic,9942,Jeep,16308,X5
13229,BMW,2013,2.0,Petrol,Tiptronic,40389,Jeep,23800,X1
13230,FORD,2015,3.5,Petrol,Automatic,67573,Jeep,62948,Explorer
13231,BMW,2006,3.0,Petrol,Tiptronic,173984,Sedan,13485,530 I
13232,MERCEDES-BENZ,2006,3.5,Petrol,Automatic,136089,Sedan,17249,E 350
13233,HONDA,2010,1.3,Hybrid,Automatic,149129,Sedan,14113,Insight
13234,TOYOTA,2018,2.5,Hybrid,Variator,11309,Sedan,59586,Camry
13235,HONDA,2015,2.4,Petrol,Variator,24668,Jeep,40769,Cr-v
13236,SUZUKI,2001,2.7,CNG,Automatic,105633,Jeep,6899,XL7
13237,HYUNDAI,2017,2.0,Petrol,Automatic,23861,Sedan,18817,Elantra
13238,MAZDA,2002,2.3,Petrol,Automatic,109983,Universal,5800,Atenza
13239,TOYOTA,2017,2.5,Hybrid,Automatic,21748,Jeep,52373,RAV 4
13240,VOLKSWAGEN,2013,2.5,Petrol,Automatic,53964,Sedan,17249,Passat
13241,VOLKSWAGEN,2003,1.9,Diesel,Manual,124274,Goods wagon,8781,Caddy
13242,DAEWOO,2009,1.6,Petrol,Automatic,33314,Sedan,5968,Lacetti
13243,HYUNDAI,2013,2.0,Diesel,Automatic,92608,Jeep,26927,Santa FE
13244,VOLKSWAGEN,2012,2.5,Petrol,Tiptronic,75559,Sedan,19444,Passat
13245,LEXUS,2010,4.6,Petrol,Automatic,162036,Jeep,46728,GX 460
13246,BMW,2015,2.0,Petrol,Automatic,72508,Sedan,1960,528
13247,MERCEDES-BENZ,2011,2.2,Diesel,Tiptronic,157073,Sedan,30263,E 220
13248,VOLKSWAGEN,2015,1.0,Petrol,Tiptronic,40389,Hatchback,6500,UP
13249,NISSAN,2013,1.6,Petrol,Automatic,103156,Jeep,2901,Juke
13250,SSANGYONG,2011,2.0,Diesel,Automatic,81126,Jeep,22947,REXTON
13251,NISSAN,2017,3.5,Petrol,Automatic,24671,Sedan,8154,Murano
13252,VOLKSWAGEN,2003,2.0,LPG,Automatic,74565,Hatchback,9095,Golf
13253,MERCEDES-BENZ,2003,2.2,Diesel,Manual,72700,Microbus,19757,Sprinter 313
13254,NISSAN,2001,2.5,Petrol,Automatic,62137,Sedan,7200,Gloria
13255,CHEVROLET,2016,1.4,Petrol,Automatic,56818,Sedan,18817,Cruze
13256,OPEL,1999,1.6,Petrol,Manual,103769,Coupe,4704,Astra
13257,SUBARU,2000,2.0,CNG,Automatic,145090,Universal,6115,Forester
13258,AUDI,2014,2.0,Petrol,Automatic,173811,Sedan,18817,A6
13259,HONDA,2011,1.3,Petrol,Variator,6773,Hatchback,10506,FIT
13260,CHEVROLET,2009,2.0,Diesel,Automatic,116094,Sedan,10092,Lacetti
13261,NISSAN,2013,1.6,Petrol,Automatic,103156,Jeep,2901,Juke
13262,TOYOTA,2008,1.5,Petrol,Automatic,151273,Hatchback,10976,Prius
13263,BMW,2001,3.0,Petrol,Automatic,6904,Jeep,11000,X5
13264,HYUNDAI,2013,1.6,Petrol,Automatic,122067,Sedan,17942,Elantra
13265,MERCEDES-BENZ,2013,1.8,Petrol,Tiptronic,36027,Sedan,29166,C 250
13266,BMW,2015,3.0,Diesel,Automatic,124930,Jeep,3607,X5
13267,HYUNDAI,2013,2.2,Diesel,Automatic,87272,Jeep,28222,Santa FE
13268,TOYOTA,2016,1.8,Hybrid,Automatic,30447,Hatchback,22000,Prius
13269,BMW,1996,2.0,CNG,Tiptronic,621,Sedan,4000,528
13270,SUZUKI,2011,2.0,Petrol,Automatic,46292,Sedan,12544,SX4
13271,HYUNDAI,2014,2.5,Diesel,Automatic,108420,Minivan,27924,H1
13272,MERCEDES-BENZ,2012,2.2,Diesel,Tiptronic,127381,Minivan,42337,Vito
13273,TOYOTA,2014,2.5,Petrol,Tiptronic,54059,Sedan,23521,Camry
13274,HYUNDAI,2014,1.8,Petrol,Tiptronic,37282,Sedan,16935,Elantra
13275,CHEVROLET,2017,1.0,Petrol,Automatic,61276,Hatchback,16455,Spark
13276,HYUNDAI,2010,2.0,Diesel,Automatic,140314,Jeep,18211,Tucson
13277,NISSAN,2011,1.6,Petrol,Tiptronic,69594,Jeep,19444,Juke
13278,HYUNDAI,2012,2.0,Diesel,Automatic,111971,Jeep,20237,Tucson
13279,HYUNDAI,2015,2.0,Diesel,Automatic,51074,Jeep,35570,Tucson
13280,BMW,1996,2.8,Petrol,Manual,223694,Sedan,4391,528
13281,KIA,2015,2.4,Petrol,Tiptronic,38001,Jeep,29793,Sportage
13282,MERCEDES-BENZ,2015,3.5,Diesel,Automatic,49138,Jeep,22894,ML 350
13283,HYUNDAI,2011,2.0,Petrol,Automatic,66490,Coupe,16549,Genesis
13284,HYUNDAI,2017,2.0,Petrol,Automatic,40411,Sedan,4547,Elantra
13285,NISSAN,2013,1.6,Petrol,Tiptronic,59465,Jeep,24462,Juke NISMO
13286,BMW,2005,4.4,LPG,Tiptronic,134216,Jeep,10663,X5
13287,KIA,2015,2.4,Petrol,Automatic,129378,Jeep,6586,Sportage
13288,MERCEDES-BENZ,2006,3.0,Diesel,Manual,1864,Microbus,42337,Sprinter
13289,HYUNDAI,2016,1.6,Petrol,Automatic,47092,Sedan,25889,Elantra
13290,MITSUBISHI,2011,2.0,Petrol,Tiptronic,88483,Jeep,21953,Outlander
13291,SSANGYONG,2011,2.0,Diesel,Automatic,85122,Jeep,19384,Korando
13292,BMW,2011,3.0,Petrol,Manual,73322,Sedan,30420,535
13293,MITSUBISHI,2008,2.5,Diesel,Manual,109347,Pickup,21953,L 200
13294,MERCEDES-BENZ,2011,3.5,Diesel,Automatic,74179,Sedan,16621,E 350
13295,KIA,2012,2.4,Hybrid,Tiptronic,82207,Sedan,17249,Optima
13296,VOLKSWAGEN,2017,1.4,Petrol,Automatic,25476,Sedan,10976,Jetta s
13297,OPEL,1999,1.8,CNG,Manual,111847,Hatchback,4391,Vectra
13298,VOLVO,2014,2.5,Petrol,Automatic,56234,Sedan,28225,S60
13299,NISSAN,2018,2.5,Petrol,Automatic,7456,Jeep,39201,Rogue
13300,MINI,2009,1.6,Petrol,Automatic,91466,Coupe,10349,Cooper CLUBMAN
13301,KIA,2011,1.0,Petrol,Automatic,31150,Sedan,6269,Picanto
13302,OPEL,1999,1.6,Petrol,Manual,161556,Coupe,5175,Astra
13303,HONDA,2011,1.5,Petrol,Automatic,82642,Hatchback,8467,FIT
13304,FORD,1998,2.5,Diesel,Manual,136702,Microbus,12000,Transit
13305,NISSAN,2006,1.8,Petrol,Variator,104390,Sedan,10663,Tiida
13306,MERCEDES-BENZ,2011,3.5,Diesel,Automatic,75849,Sedan,1019,E 350
13307,HYUNDAI,2016,1.7,Diesel,Automatic,74551,Jeep,38725,Tucson
13308,MERCEDES-BENZ,2017,2.0,Petrol,Automatic,31667,Sedan,56136,E 300
13309,HONDA,2006,1.3,Petrol,Variator,88856,Hatchback,8624,FIT
13310,MERCEDES-BENZ,2015,3.5,Petrol,Automatic,68374,Jeep,1098,ML 350
13311,CHEVROLET,2017,1.5,Petrol,Automatic,52681,Sedan,15837,Malibu LT
13312,VOLKSWAGEN,2012,2.5,Petrol,Tiptronic,44117,Sedan,20385,Passat se
13313,NISSAN,2005,1.5,Petrol,Automatic,84506,Hatchback,7840,Note
13314,VOLKSWAGEN,2001,2.0,Petrol,Manual,159071,Universal,6272,Golf
13315,TOYOTA,2001,3.4,Petrol,Automatic,155343,Minivan,12544,Grand HIACE
13316,HONDA,2003,3.5,Petrol,Automatic,621,Jeep,7900,Pilot
13317,BMW,2015,2.0,Petrol,Automatic,71924,Sedan,1646,528
13318,TOYOTA,2008,4.0,Petrol,Automatic,78914,Jeep,24148,4Runner
13319,NISSAN,2010,1.6,Petrol,Automatic,55302,Jeep,17249,Juke
13320,MERCEDES-BENZ,1999,1.8,Petrol,Manual,137944,Sedan,9722,C 180
13321,HYUNDAI,2011,2.4,Petrol,Automatic,206096,Sedan,18189,Sonata
13322,HYUNDAI,2010,2.5,Diesel,Automatic,69730,Minivan,10945,H1
13323,MERCEDES-BENZ,2018,4.0,Petrol,Automatic,24923,Hatchback,15994,S 63 AMG
13324,DODGE,2017,3.6,Petrol,Automatic,149552,Sedan,11604,Challenger
13325,TOYOTA,2011,1.8,Hybrid,Variator,131234,Hatchback,18189,Prius
13326,FORD,2001,3.0,Petrol,Automatic,69041,Jeep,7527,Escape
13327,HYUNDAI,2014,1.8,Petrol,Automatic,84162,Sedan,10976,Elantra
13328,MERCEDES-BENZ,2015,2.0,Petrol,Automatic,82672,Sedan,4077,C 300
13329,MERCEDES-BENZ,2011,1.8,Petrol,Tiptronic,105633,Sedan,32929,E 200 CGI
13330,TOYOTA,2012,1.8,Hybrid,Variator,83264,Hatchback,21326,Prius
13331,VOLKSWAGEN,1999,2.0,Petrol,Automatic,77671,Sedan,6586,Jetta 2
13332,KIA,2016,1.0,Petrol,Automatic,22870,Sedan,13172,Picanto
13333,CHEVROLET,2018,2.0,Diesel,Automatic,12240,Jeep,52034,Captiva
13334,HONDA,2005,1.3,Petrol,Automatic,125393,Hatchback,5959,FIT
13335,MERCEDES-BENZ,2003,3.2,Petrol,Automatic,131731,Sedan,11917,CLK 320
13336,MAZDA,2009,2.3,Petrol,Tiptronic,86197,Minivan,11290,Mazda 5
13337,TOYOTA,2010,1.8,Hybrid,Automatic,95163,Sedan,15677,Prius
13338,HYUNDAI,2014,1.8,Petrol,Tiptronic,70836,Sedan,12858,Elantra
13339,FORD,2014,2.0,Petrol,Tiptronic,75559,Sedan,12858,Focus
13340,VOLKSWAGEN,2005,1.6,Petrol,Tiptronic,89477,Hatchback,9095,Golf GOLF 5
13341,HYUNDAI,2013,1.6,LPG,Automatic,139093,Sedan,14454,Elantra
13342,MERCEDES-BENZ,1999,2.0,LPG,Tiptronic,155343,Sedan,7000,E 200 2000
13343,MERCEDES-BENZ,2012,4.6,Diesel,Automatic,112256,Jeep,1725,ML 350
13344,MERCEDES-BENZ,2017,2.0,Petrol,Automatic,34613,Jeep,47669,GLA 250
13345,TOYOTA,2013,2.5,Petrol,Automatic,103797,Sedan,4077,Camry
13346,LEXUS,2016,3.5,Petrol,Automatic,42645,Sedan,11447,ES 350
13347,HYUNDAI,2011,2.0,Petrol,Automatic,116268,Sedan,16894,Sonata
13348,KIA,2014,1.6,Petrol,Automatic,71458,Sedan,21326,SOUL
13349,MAZDA,2004,2.3,CNG,Automatic,71458,Minivan,10036,MPV
13350,MERCEDES-BENZ,2016,2.0,Petrol,Automatic,32140,Sedan,2666,C 300
13351,VOLKSWAGEN,2013,2.5,Petrol,Tiptronic,77547,Sedan,21900,Passat
13352,CHEVROLET,2017,1.6,Petrol,Automatic,30857,Sedan,26306,Aveo
13353,CHEVROLET,2015,1.0,Petrol,Automatic,79393,Hatchback,12134,Spark
13354,TOYOTA,2012,2.5,Hybrid,Automatic,97256,Sedan,3607,Camry
13355,HONDA,2009,3.5,LPG,Tiptronic,179576,Minivan,23207,Odyssey
13356,TOYOTA,2012,3.0,Diesel,Manual,122410,Jeep,50178,Hilux
13357,FORD,2004,2.0,Diesel,Manual,111847,Microbus,13172,Transit
13358,BMW,2009,3.0,Diesel,Automatic,175591,Hatchback,30800,530 GT
13359,TOYOTA,2015,1.8,Hybrid,Automatic,25574,Hatchback,1019,Prius
13360,HONDA,2014,1.5,Hybrid,Automatic,50828,Hatchback,17663,FIT
13361,SSANGYONG,2011,2.0,Diesel,Automatic,80345,Jeep,20297,Actyon
13362,HYUNDAI,2014,2.4,Hybrid,Automatic,153997,Sedan,1882,Sonata
13363,MAZDA,2006,1.5,Petrol,Automatic,83264,Sedan,7840,Verisa
13364,KIA,2014,2.0,Petrol,Automatic,21634,Sedan,16621,Optima
13365,FORD,2013,2.0,Hybrid,Automatic,55091,Sedan,22580,Fusion
13366,TOYOTA,2010,1.8,Hybrid,Tiptronic,621,Hatchback,16308,Prius
13367,OPEL,2001,1.8,Petrol,Manual,161556,Sedan,6899,Vectra B
13368,GMC,2012,2.4,Petrol,Automatic,126790,Jeep,2430,TERRAIN
13369,JAGUAR,2013,3.0,Petrol,Automatic,55923,Sedan,41629,XF
13370,CHEVROLET,2014,2.0,Diesel,Automatic,50961,Jeep,36485,Captiva
13371,FIAT,2012,1.4,Petrol,Automatic,85749,Coupe,12858,500
13372,TOYOTA,2014,2.5,Petrol,Tiptronic,74565,Sedan,18189,Camry
13373,FORD,2016,2.0,Hybrid,Variator,21127,Sedan,37006,Fusion
13374,FORD,2015,2.0,Hybrid,Automatic,55175,Sedan,2587,Fusion
13375,MERCEDES-BENZ,2013,1.8,Petrol,Tiptronic,77671,Sedan,28225,C 250
13376,TOYOTA,2001,2.0,Petrol,Automatic,125517,Jeep,13642,RAV 4
13377,VOLKSWAGEN,2011,2.5,Petrol,Automatic,88235,Sedan,10192,Jetta
13378,TOYOTA,2017,2.5,Petrol,Automatic,18227,Jeep,7997,RAV 4
13379,HYUNDAI,2016,2.0,Diesel,Automatic,83737,Jeep,49751,Santa FE
13380,MERCEDES-BENZ,2000,3.2,Petrol,Tiptronic,181937,Jeep,7213,ML 320
13381,OPEL,1997,1.6,Petrol,Manual,111847,Hatchback,4861,Astra
13382,HONDA,2005,2.0,Petrol,Manual,6904,Coupe,10036,Integra
13383,TOYOTA,2014,2.5,Hybrid,Tiptronic,94448,Sedan,14113,Camry
13384,HYUNDAI,2014,2.0,Diesel,Automatic,96313,Jeep,43062,Santa FE
13385,HYUNDAI,2010,2.0,Petrol,Automatic,93251,Sedan,13953,Sonata
13386,SUBARU,2016,2.5,Petrol,Manual,29826,Sedan,31988,Impreza WRX/STI LIMITED
13387,MERCEDES-BENZ,2014,3.5,Diesel,Automatic,136099,Sedan,29793,E 350
13388,LEXUS,2010,3.5,Hybrid,Automatic,56545,Jeep,40766,RX 450 HYBRID
13389,HYUNDAI,2014,2.0,Diesel,Automatic,49825,Jeep,35971,Santa FE
13390,MERCEDES-BENZ,2008,2.2,Diesel,Automatic,183304,Sedan,18189,E 220
13391,FORD,2014,1.6,Petrol,Tiptronic,70215,Sedan,8781,Fiesta
13392,HYUNDAI,2011,2.0,LPG,Automatic,46918,Sedan,7840,Sonata
13393,VOLKSWAGEN,2001,2.0,Petrol,Manual,69041,Sedan,4704,Jetta
13394,HYUNDAI,2013,1.6,Petrol,Automatic,55923,Sedan,13485,Accent
13395,FORD,2013,1.5,Petrol,Automatic,62137,Sedan,19444,Fusion
13396,FORD,2017,1.5,Petrol,Automatic,33005,Sedan,21326,Fusion SE
13397,SSANGYONG,2017,1.6,Diesel,Automatic,40026,Jeep,41281,Actyon
13398,HYUNDAI,2017,2.0,Diesel,Automatic,60889,Jeep,49864,Santa FE
13399,LEXUS,2015,4.6,Petrol,Automatic,169941,Jeep,61154,GX 470
13400,HYUNDAI,2010,2.0,Diesel,Automatic,117315,Jeep,22649,Tucson
13401,CHEVROLET,2012,1.0,Petrol,Automatic,123768,Hatchback,8386,Spark
13402,HYUNDAI,2010,2.0,Petrol,Automatic,93182,Sedan,19416,Sonata
13403,MERCEDES-BENZ,2017,2.0,Petrol,Automatic,27959,Jeep,42651,GLA 250
13404,HYUNDAI,2014,2.0,Diesel,Automatic,80778,Jeep,29777,Tucson
13405,MERCEDES-BENZ,2012,3.5,Diesel,Automatic,79661,Sedan,4861,E 350
13406,MERCEDES-BENZ,2013,3.0,Diesel,Automatic,159071,Microbus,29793,Sprinter
13407,MERCEDES-BENZ,2014,3.5,Diesel,Automatic,136099,Sedan,29793,E 350
13408,MERCEDES-BENZ,2014,2.2,Diesel,Manual,99419,Microbus,24148,Sprinter
13409,BMW,2015,3.0,Diesel,Automatic,124930,Jeep,3607,X5
13410,SSANGYONG,2011,2.7,Diesel,Automatic,128814,Jeep,15718,REXTON
13411,KIA,2015,2.4,Petrol,Tiptronic,67729,Sedan,22894,Optima
13412,HYUNDAI,2016,2.0,LPG,Automatic,229718,Sedan,13172,Sonata
13413,OPEL,1996,1.6,CNG,Manual,767,Sedan,3450,Vectra
13414,HYUNDAI,2016,1.7,Diesel,Automatic,37658,Jeep,45210,Tucson
13415,VOLKSWAGEN,2011,2.5,Petrol,Tiptronic,65244,Hatchback,16308,Golf
13416,HONDA,2004,2.0,Petrol,Automatic,111847,Hatchback,4704,Edix
13417,HYUNDAI,2012,2.0,Diesel,Automatic,96934,Jeep,25889,Tucson
13418,BMW,2009,3.0,Petrol,Tiptronic,175972,Sedan,14113,528
13419,CHEVROLET,2012,1.6,Petrol,Automatic,69554,Hatchback,13987,Aveo
13420,TOYOTA,2017,2.5,Hybrid,Tiptronic,35542,Sedan,42337,Avalon LIMITED
13421,MITSUBISHI,2000,3.0,Petrol,Automatic,142915,Minivan,14740,Delica 5
13422,MITSUBISHI,2001,2.0,Petrol,Manual,75186,Jeep,8781,Pajero IO
13423,HYUNDAI,2014,1.6,Petrol,Tiptronic,89477,Sedan,10976,Veloster
13424,NISSAN,2009,2.5,Hybrid,Automatic,15410,Sedan,9095,Altima
13425,HYUNDAI,2012,2.4,Petrol,Automatic,74565,Sedan,13799,Sonata
13426,TOYOTA,2012,1.5,Hybrid,Automatic,75186,Sedan,9408,Aqua
13427,FORD,1996,2.5,Diesel,Manual,208159,Microbus,10349,Transit
13428,MAZDA,2016,2.0,Petrol,Tiptronic,74565,Sedan,20500,Mazda 3
13429,HYUNDAI,2010,2.0,Diesel,Automatic,106876,Jeep,21473,Tucson
13430,SUBARU,2013,2.5,Petrol,Variator,72576,Jeep,21326,Forester
13431,TOYOTA,2005,1.8,Petrol,Automatic,142915,Minivan,9408,Wish
13432,CHEVROLET,2010,1.8,Petrol,Automatic,113547,Sedan,11704,Lacetti
13433,NISSAN,2016,2.5,Petrol,Automatic,66300,Sedan,5802,Altima
13434,MERCEDES-BENZ,2011,3.5,Diesel,Automatic,75849,Sedan,1019,E 350
13435,LEXUS,2014,3.5,Hybrid,Tiptronic,40389,Jeep,59583,RX 450
13436,HYUNDAI,2008,1.6,Petrol,Automatic,85046,Hatchback,7840,I30
13437,CHEVROLET,2014,1.4,Petrol,Automatic,78293,Sedan,11290,Cruze
13438,BMW,2006,3.0,LPG,Tiptronic,99419,Jeep,17876,X5
13439,KIA,2007,2.0,Diesel,Automatic,68351,Jeep,8154,Sportage
13440,HYUNDAI,2019,2.0,Hybrid,Automatic,11041,Sedan,8154,Sonata
13441,HYUNDAI,2009,2.5,Diesel,Automatic,26627,Minivan,18189,H1
13442,TOYOTA,2002,3.0,Diesel,Manual,1243,Jeep,26657,Land Cruiser PRADO
13443,JEEP,2012,3.0,Diesel,Automatic,99600,Jeep,41977,Grand Cherokee
13444,HYUNDAI,2013,2.0,LPG,Automatic,30196,Sedan,9408,Sonata
13445,JAGUAR,2016,3.0,Petrol,Automatic,28664,Sedan,14426,Daimler
13446,KIA,2013,2.0,Petrol,Tiptronic,41632,Sedan,22580,Optima
13447,CHEVROLET,2018,1.6,Diesel,Automatic,11806,Jeep,46251,Orlando
13448,CHEVROLET,2014,1.4,Petrol,Automatic,22264,Hatchback,11290,Aveo
13449,HYUNDAI,2015,2.0,Petrol,Tiptronic,59030,Sedan,19444,Elantra
13450,HYUNDAI,2016,2.0,LPG,Automatic,146813,Sedan,15681,Sonata
13451,MERCEDES-BENZ,2002,2.0,Petrol,Manual,13981,Goods wagon,10349,C 200
13452,TOYOTA,2014,2.5,Hybrid,Automatic,32808,Sedan,23834,Camry
13453,JEEP,2015,2.0,Diesel,Automatic,106603,Jeep,47757,Cherokee
13454,TOYOTA,2008,2.2,Diesel,Manual,139808,Jeep,18189,RAV 4
13455,MERCEDES-BENZ,2008,3.0,Diesel,Manual,621,Microbus,40769,Sprinter
13456,MINI,2015,2.0,Petrol,Manual,12467,Hatchback,23678,Cooper S
13457,HYUNDAI,2008,1.6,Petrol,Automatic,63380,Hatchback,7840,I30
13458,HYUNDAI,2017,2.5,Diesel,Automatic,68351,Universal,42102,H1
13459,HYUNDAI,2016,2.5,Diesel,Automatic,126184,Universal,27463,H1
13460,HYUNDAI,2011,2.5,Diesel,Automatic,40672,Minivan,15677,H1
13461,HYUNDAI,2013,2.0,Diesel,Automatic,37302,Jeep,28222,Santa FE
13462,CHEVROLET,2009,1.6,Petrol,Automatic,85877,Sedan,11964,Lacetti
13463,KIA,2016,1.2,Petrol,Manual,58409,Sedan,10976,Picanto
13464,KIA,2015,1.6,Petrol,Manual,53429,Jeep,13956,SOUL
13465,BMW,2002,3.0,LPG,Tiptronic,180198,Jeep,13485,X5
13466,FORD,2004,2.4,Diesel,Manual,127381,Goods wagon,14426,Transit
13467,BMW,2012,3.0,Diesel,Automatic,170317,Jeep,6586,X5
13468,TOYOTA,2008,1.5,Hybrid,Variator,93970,Hatchback,7840,Prius
13469,DAEWOO,2010,1.6,Petrol,Automatic,22447,Sedan,6523,Lacetti
13470,HYUNDAI,2010,1.6,Petrol,Automatic,82096,Sedan,12287,Elantra
13471,KIA,2014,2.4,Hybrid,Tiptronic,13049,Sedan,27911,Optima
13472,MINI,2015,1.5,Petrol,Tiptronic,33492,Coupe,21953,Cooper
13473,TOYOTA,2011,3.5,Petrol,Automatic,228704,Jeep,22580,Highlander
13474,FORD,2009,3.0,Petrol,Automatic,95691,Jeep,17876,Escape
13475,VOLKSWAGEN,2017,1.4,Petrol,Tiptronic,34175,Sedan,20071,Jetta
13476,KIA,2015,2.4,Petrol,Automatic,69436,Sedan,13172,Optima
13477,BMW,2012,2.0,Petrol,Tiptronic,122286,Sedan,37006,528
13478,HONDA,2013,1.3,Hybrid,Automatic,72736,Hatchback,5940,FIT
13479,TOYOTA,2012,1.5,Hybrid,Variator,91342,Hatchback,10349,Aqua
13480,MERCEDES-BENZ,2015,2.0,Petrol,Tiptronic,73570,Sedan,59586,C 200
13481,MERCEDES-BENZ,2017,2.0,Petrol,Automatic,27959,Jeep,42651,GLA 250
13482,HYUNDAI,2012,1.6,Petrol,Automatic,71734,Sedan,18384,Elantra
13483,AUDI,2013,3.0,Petrol,Automatic,98233,Hatchback,2509,A7
13484,VOLKSWAGEN,2008,3.0,Diesel,Tiptronic,151615,Sedan,17500,Phaeton
13485,TOYOTA,2016,2.5,Petrol,Automatic,31815,Sedan,26657,Camry
13486,TOYOTA,2013,1.5,Hybrid,Automatic,48653,Sedan,17249,Aqua
13487,OPEL,2005,2.2,Petrol,Automatic,6904,Minivan,13172,Zafira
13488,VOLKSWAGEN,1996,1.6,CNG,Manual,124274,Hatchback,3500,Golf 3
13489,VOLKSWAGEN,2009,2.0,Petrol,Tiptronic,120546,Sedan,15681,CC
13490,TOYOTA,2011,2.5,Petrol,Automatic,75777,Sedan,2430,Camry
13491,MITSUBISHI,2010,0.7,Petrol,Manual,99419,Jeep,5959,Pajero Mini 2010 წლიანი
13492,MERCEDES-BENZ,2011,3.5,Diesel,Automatic,105900,Coupe,15994,E 350
13493,KIA,2012,2.4,Petrol,Tiptronic,74565,Sedan,16308,Optima
13494,TOYOTA,2012,1.8,Hybrid,Variator,71458,Hatchback,15681,Prius
13495,HYUNDAI,2014,2.0,Diesel,Automatic,104786,Jeep,35570,Santa FE
13496,HONDA,2014,1.5,Hybrid,Automatic,85749,Hatchback,16308,FIT
13497,HYUNDAI,2015,2.0,LPG,Automatic,198017,Sedan,15053,Sonata
13498,MINI,2005,1.6,Petrol,Automatic,96934,Coupe,8467,Cooper
13499,LEXUS,2014,2.5,Petrol,Tiptronic,59652,Sedan,48610,IS 250
13500,CHEVROLET,2013,2.0,Petrol,Automatic,125276,Sedan,22567,Malibu
13501,HYUNDAI,2016,1.6,LPG,Automatic,19266,Sedan,18503,Elantra
13502,HYUNDAI,2013,2.4,Hybrid,Tiptronic,133222,Sedan,18189,Sonata Hybrid
13503,MITSUBISHI,2003,2.0,Petrol,Automatic,11185,Jeep,9095,Airtrek
13504,CHEVROLET,2015,1.4,Petrol,Tiptronic,85749,Sedan,15681,Cruze LT RS
13505,MERCEDES-BENZ,2004,3.2,CNG,Tiptronic,131056,Sedan,16308,E 320
13506,NISSAN,2016,4.0,Petrol,Automatic,65509,Sedan,3136,Frontier
13507,HONDA,2007,1.8,LPG,Automatic,92584,Sedan,11917,Civic
13508,FORD,2017,2.0,Petrol,Tiptronic,46727,Hatchback,21012,Focus
13509,HYUNDAI,2016,2.0,Petrol,Automatic,27718,Sedan,20344,Sonata
13510,FORD,2012,2.0,Petrol,Automatic,63628,Sedan,23521,Fusion
13511,LEXUS,2010,4.6,Petrol,Automatic,96823,Jeep,39201,GX 460
13512,MERCEDES-BENZ,2009,3.5,Diesel,Automatic,67816,Sedan,3450,E 350
13513,MERCEDES-BENZ,2011,3.0,Diesel,Automatic,169750,Sedan,9879,E 350
13514,MERCEDES-BENZ,2014,1.8,Petrol,Automatic,39936,Sedan,23521,C 250
13515,TOYOTA,2012,2.5,Petrol,Tiptronic,51698,Sedan,18817,Camry
13516,TOYOTA,2017,1.8,Hybrid,Automatic,49710,Sedan,31361,Prius
13517,CHEVROLET,2015,2.0,Petrol,Automatic,67125,Sedan,25719,Malibu
13518,DAIHATSU,2001,1.3,CNG,Manual,90099,Jeep,7840,Terios
13519,TOYOTA,2014,2.5,Hybrid,Automatic,68225,Sedan,5488,Camry
13520,HYUNDAI,2012,2.0,Petrol,Tiptronic,68351,Sedan,17249,Sonata
13521,OPEL,2006,1.6,CNG,Manual,105633,Minivan,10820,Zafira
13522,TOYOTA,2015,1.5,Petrol,Automatic,9962,Hatchback,37301,Aqua
13523,SSANGYONG,2007,2.7,Diesel,Automatic,47108,Jeep,5237,REXTON
13524,BMW,2009,3.0,Petrol,Tiptronic,158747,Sedan,17876,528
13525,HYUNDAI,2016,2.5,Diesel,Automatic,57215,Minivan,38229,H1
13526,FORD,2017,1.6,Petrol,Automatic,38403,Hatchback,5331,Fiesta
13527,HYUNDAI,2015,2.5,LPG,Automatic,82220,Universal,38574,H1
13528,HYUNDAI,2017,2.0,Petrol,Automatic,34132,Sedan,50018,Sonata
13529,TOYOTA,2013,1.8,Hybrid,Automatic,188610,Universal,15500,Prius V
13530,HYUNDAI,2013,2.5,Diesel,Automatic,122684,Universal,23129,H1
13531,BMW,2001,4.4,Petrol,Tiptronic,71458,Jeep,14113,X5
13532,TOYOTA,2010,1.8,Hybrid,Automatic,99211,Hatchback,17300,Prius
13533,AUDI,2012,3.0,Petrol,Tiptronic,95691,Sedan,38888,A6 C7
13534,FORD,2015,2.3,Petrol,Tiptronic,29826,Coupe,44533,Mustang
13535,TOYOTA,2011,2.4,Hybrid,Automatic,71917,Sedan,19757,Camry
13536,BMW,2012,3.0,Diesel,Automatic,44114,Jeep,31047,X5
13537,MITSUBISHI,2000,2.0,Petrol,Automatic,105633,Jeep,9095,Pajero IO
13538,HYUNDAI,2016,1.7,Diesel,Automatic,31723,Jeep,37000,Tucson
13539,TOYOTA,2016,2.5,Petrol,Tiptronic,37904,Sedan,19444,Camry
13540,CHEVROLET,2014,1.0,LPG,Automatic,123031,Hatchback,8674,Spark
13541,HYUNDAI,2017,2.5,Diesel,Automatic,62669,Universal,44542,H1
13542,KIA,2016,2.0,Petrol,Automatic,19326,Sedan,20855,Optima
13543,HYUNDAI,2017,2.0,LPG,Automatic,141617,Sedan,16935,Sonata
13544,HYUNDAI,2009,1.6,Petrol,Automatic,35155,Hatchback,9565,I30
13545,TOYOTA,2012,1.8,Hybrid,Variator,60273,Hatchback,18189,Prius ჰიბრიდი
13546,TOYOTA,2015,1.5,Hybrid,Automatic,99942,Hatchback,9396,Aqua
13547,TOYOTA,2010,1.8,Hybrid,Variator,80778,Hatchback,16308,Prius
13548,BMW,2011,3.0,Diesel,Tiptronic,138566,Jeep,37633,X5
13549,OPEL,2005,1.7,Diesel,Manual,180198,Goods wagon,10192,Astra A.H
13550,VAZ,2005,1.7,Petrol,Manual,93206,Jeep,12544,2121 (Niva)
13551,HYUNDAI,2012,2.0,Diesel,Automatic,85757,Jeep,32340,Santa FE
13552,TOYOTA,2010,1.8,Petrol,Variator,84506,Hatchback,17562,Prius
13553,TOYOTA,2007,1.5,Hybrid,Variator,96934,Sedan,12231,Prius
13554,SUZUKI,2014,0.7,Petrol,Automatic,99419,Hatchback,14000,HUSTLER
13555,TOYOTA,2012,1.5,Hybrid,Automatic,65022,Universal,16621,Prius C
13556,CHEVROLET,2016,2.4,Petrol,Automatic,96787,Sedan,24283,Malibu
13557,BMW,2013,2.0,Petrol,Automatic,68916,Sedan,22000,528
13558,HYUNDAI,2017,1.6,LPG,Automatic,23009,Sedan,28909,Elantra
13559,LEXUS,2013,2.5,Hybrid,Tiptronic,5406,Sedan,40769,ES 300
13560,VOLKSWAGEN,2004,1.6,Petrol,Tiptronic,65865,Hatchback,7840,Golf
13561,HYUNDAI,2011,2.4,Hybrid,Automatic,139404,Sedan,3450,Sonata
13562,TOYOTA,2012,3.5,Hybrid,Automatic,97686,Jeep,9879,Highlander
13563,HYUNDAI,2014,2.0,Petrol,Automatic,63380,Jeep,36219,Tucson
13564,HYUNDAI,2013,2.0,Diesel,Automatic,26459,Jeep,26510,Santa FE
13565,LEXUS,2010,4.6,Petrol,Automatic,162036,Jeep,46728,GX 460
13566,HYUNDAI,2011,2.2,Diesel,Automatic,129696,Jeep,16904,Santa FE
13567,FORD,2013,2.0,Hybrid,Tiptronic,93206,Hatchback,15681,C-MAX
13568,HYUNDAI,2016,1.6,Petrol,Automatic,52080,Sedan,20814,Elantra
13569,HYUNDAI,2015,2.0,Petrol,Automatic,40086,Sedan,39722,Sonata
13570,HYUNDAI,2015,3.0,LPG,Automatic,22369,Sedan,36065,Grandeur
13571,CHEVROLET,2009,1.6,Diesel,Automatic,46831,Sedan,8781,Cruze
13572,TOYOTA,2008,1.4,Petrol,Automatic,130488,Sedan,13172,Prius
13573,HONDA,2014,1.5,Hybrid,Automatic,43496,Hatchback,12231,FIT
13574,CHEVROLET,2015,1.4,Petrol,Tiptronic,55302,Sedan,17000,Cruze
13575,HONDA,2009,2.0,LPG,Automatic,99419,Minivan,15367,Step Wagon RG2 SPADA
13576,CHEVROLET,2011,1.8,Petrol,Automatic,106851,Sedan,11563,Cruze
13577,BMW,2012,3.0,Petrol,Automatic,621,Jeep,24500,X5
13578,SUBARU,2003,2.0,Petrol,Tiptronic,9942,Sedan,9408,Legacy b4
13579,TOYOTA,2012,2.5,Hybrid,Automatic,99033,Sedan,3136,Camry
13580,BMW,2001,3.6,Petrol,Automatic,135459,Sedan,6272,745
13581,TOYOTA,2007,1.5,Hybrid,Variator,184920,Hatchback,12231,Prius
13582,HYUNDAI,2016,2.0,LPG,Automatic,146813,Sedan,15681,Sonata
13583,FORD,2008,2.4,Diesel,Manual,85439,Microbus,31361,Transit
13584,NISSAN,2013,1.2,Petrol,Automatic,59801,Hatchback,4968,March
13585,MITSUBISHI,2003,1.8,Petrol,Automatic,104513,Jeep,12000,Pajero IO
13586,BMW,2002,3.0,Diesel,Tiptronic,181440,Jeep,15681,X5
13587,TOYOTA,2003,2.0,Petrol,Automatic,144779,Minivan,8154,Noah
13588,TOYOTA,2017,2.5,Petrol,Automatic,39146,Jeep,43905,RAV 4
13589,FORD,2014,3.7,Petrol,Automatic,180198,Sedan,13300,Taurus
13590,HYUNDAI,2010,2.0,Diesel,Automatic,70836,Jeep,11563,Tucson
13591,MERCEDES-BENZ,2011,3.5,Diesel,Automatic,105900,Coupe,15994,E 350
13592,MITSUBISHI,1996,2.4,Petrol,Automatic,105509,Jeep,10349,Pajero
13593,VOLKSWAGEN,2014,1.4,Hybrid,Automatic,57460,Sedan,17249,Jetta Hybrid
13594,TOYOTA,2017,2.5,Petrol,Automatic,96040,Sedan,1646,Camry
13595,HONDA,2010,1.3,Hybrid,Automatic,116390,Hatchback,1803,Insight
13596,HONDA,2011,1.3,Hybrid,Tiptronic,61516,Hatchback,8148,FIT NAVI PREMIUM
13597,HYUNDAI,2010,2.0,Diesel,Automatic,73641,Jeep,25512,Tucson
13598,VOLKSWAGEN,2011,2.5,Petrol,Tiptronic,66487,Sedan,16621,Passat
13599,TOYOTA,2016,1.8,Hybrid,Variator,18641,Sedan,40456,Prius
13600,LEXUS,2008,3.3,Hybrid,Automatic,82518,Jeep,32929,RX 400
13601,FORD,2013,2.0,Petrol,Automatic,95691,Hatchback,12231,Focus
13602,HYUNDAI,2016,1.6,LPG,Automatic,18835,Sedan,18503,Elantra
13603,HYUNDAI,2017,1.6,Petrol,Automatic,27022,Hatchback,14583,Accent SE
13604,HONDA,2002,2.4,CNG,Automatic,120857,Jeep,10036,Cr-v
13605,CHEVROLET,2010,1.4,Petrol,Tiptronic,73943,Sedan,12231,Cruze
13606,MERCEDES-BENZ,2012,1.8,Petrol,Automatic,29204,Sedan,23521,C 250
13607,TOYOTA,2015,1.8,Hybrid,Automatic,57433,Sedan,22580,Prius
13608,HYUNDAI,2017,2.0,Diesel,Automatic,39443,Jeep,44878,Tucson
13609,TOYOTA,2005,1.0,Petrol,Variator,124274,Hatchback,8154,Vitz
13610,CHEVROLET,2015,1.4,Petrol,Tiptronic,44817,Sedan,17249,Cruze
13611,MERCEDES-BENZ,2016,2.2,Diesel,Tiptronic,75434,Sedan,62023,E 220
13612,TOYOTA,2012,1.8,Hybrid,Automatic,62137,Hatchback,1254,Prius
13613,LEXUS,2016,2.0,Petrol,Automatic,36243,Sedan,3763,IS 200
13614,TOYOTA,2011,1.8,Petrol,Automatic,104014,Sedan,18817,Prius
13615,HYUNDAI,2012,1.6,Petrol,Automatic,66598,Sedan,20005,Elantra
13616,DAIHATSU,2002,1.3,Petrol,Manual,6214,Jeep,7840,Terios
13617,MITSUBISHI,2018,2.0,Petrol,Automatic,22701,Jeep,31204,Outlander sport
13618,HYUNDAI,2016,2.0,Diesel,Automatic,91830,Jeep,38063,Santa FE
13619,MERCEDES-BENZ,2000,2.7,Diesel,Automatic,180198,Sedan,8154,E 270
13620,SSANGYONG,2011,2.0,Diesel,Automatic,159180,Jeep,20266,REXTON
13621,OPEL,2003,1.7,Diesel,Manual,198217,Hatchback,7527,Meriva
13622,FORD,2014,2.0,Plug-in Hybrid,Automatic,40389,Hatchback,23207,C-MAX
13623,CHEVROLET,2016,2.5,Petrol,Automatic,41335,Sedan,50651,Impala
13624,TOYOTA,2014,2.5,Petrol,Automatic,166153,Sedan,10036,Camry
13625,MASERATI,2014,3.0,Petrol,Automatic,24855,Sedan,36065,Ghibli
13626,HYUNDAI,2012,1.6,Petrol,Automatic,107033,Sedan,15323,Elantra
13627,TOYOTA,2019,1.5,Hybrid,Automatic,3728,Jeep,24000,CHR
13628,HYUNDAI,2010,2.0,Petrol,Automatic,66192,Coupe,16452,Genesis
13629,OPEL,1998,1.6,Petrol,Manual,108740,Sedan,9408,Astra
13630,TOYOTA,2008,1.5,Hybrid,Automatic,128624,Hatchback,10663,Prius
13631,RENAULT,2008,1.5,Diesel,Manual,107497,Minivan,10036,Scenic
13632,HYUNDAI,2014,1.6,Petrol,Automatic,32665,Sedan,25004,Elantra
13633,NISSAN,2003,3.3,Petrol,Manual,124274,Jeep,9095,X-Terra
13634,HONDA,2015,1.8,Petrol,Automatic,50046,Sedan,2038,Civic
13635,HONDA,2012,1.5,Hybrid,Variator,87801,Sedan,6272,Civic Hybrid
13636,BMW,2009,3.0,Petrol,Tiptronic,37096,Cabriolet,30734,335
13637,CHEVROLET,2018,2.0,LPG,Automatic,87035,Jeep,26594,Orlando
13638,HYUNDAI,2013,2.0,Petrol,Tiptronic,57464,Sedan,18817,Sonata
13639,TOYOTA,2014,1.8,Hybrid,Variator,66487,Hatchback,21950,Prius
13640,HYUNDAI,2014,1.6,Petrol,Automatic,81400,Sedan,25889,Elantra
13641,HYUNDAI,2010,1.6,Petrol,Automatic,62388,Sedan,14069,Elantra
13642,KIA,2009,2.0,Diesel,Automatic,33545,Jeep,9252,Sportage
13643,FORD,2001,3.0,Petrol,Automatic,123829,Jeep,8781,Escape სასწრაფოდ
13644,NISSAN,2002,1.2,Petrol,Automatic,86992,Sedan,2100,March
13645,LEXUS,2008,3.5,Hybrid,Automatic,152069,Jeep,7997,RX 400
13646,KIA,2007,2.0,Diesel,Automatic,88641,Jeep,6611,Sportage
13647,LEXUS,2010,3.5,Hybrid,Automatic,103907,Jeep,5018,RX 450
13648,MERCEDES-BENZ,2016,3.5,Diesel,Automatic,47973,Sedan,1568,E 350
13649,HYUNDAI,2011,1.6,Petrol,Automatic,54190,Sedan,18826,Elantra
13650,BMW,2000,2.8,Petrol,Tiptronic,206917,Sedan,9095,528
13651,TOYOTA,2012,2.5,Hybrid,Automatic,99033,Sedan,3136,Camry
13652,HONDA,2009,1.3,Hybrid,Tiptronic,68972,Hatchback,14113,Insight
13653,HYUNDAI,2014,2.5,Diesel,Automatic,94740,Minivan,31349,H1
13654,LEXUS,2015,1.8,Hybrid,Automatic,58999,Hatchback,16935,CT 200h
13655,CHEVROLET,2014,1.4,Plug-in Hybrid,Tiptronic,75186,Sedan,27284,Volt
13656,MERCEDES-BENZ,2011,3.5,Diesel,Automatic,74179,Sedan,16621,E 350
13657,BMW,2007,3.0,Petrol,Tiptronic,130488,Coupe,29793,"Z4 3,0 SI"
13658,TOYOTA,2012,1.8,LPG,Automatic,78914,Sedan,18817,Corolla
13659,HONDA,2014,1.5,Hybrid,Automatic,86992,Sedan,21953,Civic Hybrid
13660,FORD,2004,2.0,Diesel,Manual,124274,Microbus,9722,Transit
13661,SSANGYONG,2016,1.6,Diesel,Automatic,29152,Jeep,40926,Actyon
13662,VOLKSWAGEN,2016,1.4,Petrol,Tiptronic,60273,Sedan,16935,Jetta 1.4 TURBO
13663,LEXUS,2014,3.5,Petrol,Automatic,111448,Sedan,1333,ES 350
13664,TOYOTA,2012,1.5,Hybrid,Tiptronic,91609,Sedan,13485,Aqua
13665,TOYOTA,2017,2.0,Petrol,Automatic,22431,Jeep,37476,CHR
13666,FORD,2016,2.0,Hybrid,Automatic,121151,Sedan,8781,Fusion
13667,CHEVROLET,2017,1.4,Petrol,Tiptronic,41010,Hatchback,21012,Cruze
13668,HYUNDAI,2011,1.6,Petrol,Automatic,74926,Sedan,19416,Elantra
13669,TOYOTA,2010,2.4,Hybrid,Tiptronic,49710,Sedan,14113,Camry
13670,HYUNDAI,2012,1.8,Petrol,Automatic,50486,Sedan,18817,Elantra
13671,BUICK,2016,1.4,Petrol,Automatic,14913,Jeep,31361,Encore
13672,LEXUS,2012,4.6,Petrol,Automatic,158702,Jeep,54568,GX 460
13673,HYUNDAI,2015,2.5,Diesel,Automatic,70040,Universal,40983,H1
13674,TOYOTA,2010,1.8,Hybrid,Variator,44117,Hatchback,17562,Prius
13675,HONDA,2004,1.7,CNG,Variator,83885,Sedan,8154,Civic
13676,MERCEDES-BENZ,2012,3.5,Diesel,Automatic,79661,Sedan,4861,E 350
13677,HYUNDAI,2015,2.0,Diesel,Automatic,108818,Jeep,33243,Santa FE
13678,KIA,2014,2.4,Hybrid,Automatic,26719,Sedan,28225,Optima
13679,TOYOTA,2011,2.5,Petrol,Automatic,118494,Sedan,2274,Camry
13680,TOYOTA,2009,1.5,Hybrid,Automatic,168551,Sedan,7213,Prius
13681,TOYOTA,2004,1.3,Petrol,Automatic,93827,Sedan,9095,Ist
13682,MERCEDES-BENZ,2012,3.5,Diesel,Automatic,79661,Sedan,4861,E 350
13683,TOYOTA,2015,2.5,Petrol,Automatic,53660,Sedan,20071,Camry
13684,HYUNDAI,2011,1.6,Petrol,Automatic,84688,Sedan,20149,Elantra
13685,SUBARU,2004,2.5,CNG,Automatic,136702,Jeep,11917,Forester L.L.BEAN
13686,HYUNDAI,2015,1.6,Diesel,Automatic,68351,Sedan,22549,Elantra
13687,HYUNDAI,2015,2.4,Petrol,Tiptronic,52195,Sedan,17249,Sonata SE
13688,TOYOTA,2008,1.5,Hybrid,Automatic,124274,Hatchback,9408,Prius
13689,FORD,2003,2.4,Diesel,Manual,155343,Microbus,15681,Transit
13690,HYUNDAI,2014,1.8,Petrol,Tiptronic,111350,Sedan,20385,Elantra
13691,KIA,2013,2.4,Hybrid,Automatic,68909,Sedan,12544,Optima
13692,MAZDA,2015,2.5,Petrol,Tiptronic,108119,Sedan,31361,Mazda 6
13693,TOYOTA,2012,1.8,Hybrid,Automatic,142139,Hatchback,14113,Prius
13694,BMW,2004,2.5,Petrol,Manual,69041,Coupe,10976,M5
13695,MERCEDES-BENZ,1999,3.2,CNG,Tiptronic,4218,Sedan,7000,S 500 67
13696,AUDI,2013,3.0,Diesel,Automatic,120758,Jeep,20698,Q7
13697,LEXUS,2010,4.6,Petrol,Automatic,162036,Jeep,46728,GX 460
13698,OPEL,1998,1.6,Petrol,Manual,207123,Sedan,4704,Astra
13699,CHEVROLET,2013,1.4,Plug-in Hybrid,Variator,56545,Hatchback,25716,Volt
13700,SSANGYONG,2012,2.0,Diesel,Automatic,108955,Jeep,20438,Korando
13701,KIA,2012,2.4,Petrol,Tiptronic,84506,Jeep,25716,Sportage
13702,HYUNDAI,2014,2.5,Diesel,Automatic,152611,Universal,30326,H1
13703,AUDI,2000,2.8,Petrol,Automatic,621,Hatchback,2000,A4
13704,SUZUKI,2009,1.3,Petrol,Automatic,93206,Sedan,8781,Swift
13705,PORSCHE,2011,3.6,Hybrid,Automatic,70055,Jeep,8938,Cayenne
13706,HONDA,2011,1.3,Hybrid,Tiptronic,121604,Hatchback,5018,Insight
13707,HONDA,2011,1.3,Hybrid,Automatic,75186,Hatchback,9408,Fit Aria
13708,MAZDA,2010,2.5,Petrol,Tiptronic,170007,Jeep,17249,CX-7
13709,TOYOTA,2003,2.0,Petrol,Automatic,78541,Jeep,17249,RAV 4
13710,NISSAN,2013,1.6,Petrol,Automatic,95622,Jeep,3293,Juke
13711,HYUNDAI,2016,2.5,Diesel,Automatic,56005,Minivan,36899,H1
13712,HYUNDAI,2015,1.6,Diesel,Automatic,32290,Sedan,30887,Elantra
13713,TOYOTA,2007,1.5,Hybrid,Automatic,120607,Hatchback,9408,Prius
13714,OPEL,2000,1.8,CNG,Manual,166527,Hatchback,7840,Vectra
13715,HYUNDAI,2008,1.4,Petrol,Automatic,111847,Sedan,3000,Getz
13716,CHEVROLET,2009,2.0,Diesel,Automatic,33714,Jeep,8781,Captiva
13717,HONDA,2006,2.4,Petrol,Automatic,78914,Jeep,17876,Cr-v
13718,LEXUS,2012,4.6,Petrol,Automatic,158702,Jeep,54568,GX 460
13719,HYUNDAI,2017,1.6,Petrol,Automatic,52195,Sedan,29094,Elantra
13720,OPEL,2011,2.0,Petrol,Tiptronic,111847,Sedan,17876,INSIGNIA
13721,VOLKSWAGEN,2013,1.8,Petrol,Tiptronic,42253,Sedan,16621,Jetta
13722,MERCEDES-BENZ,2009,3.5,Diesel,Automatic,67816,Sedan,5018,E 350
13723,MERCEDES-BENZ,2002,3.2,CNG,Tiptronic,126138,Jeep,11604,ML 320 AMG
13724,HYUNDAI,2011,2.0,Diesel,Automatic,34562,Microbus,21805,H1
13725,BMW,2018,2.0,Petrol,Automatic,15735,Sedan,2666,320
13726,FORD,2009,2.5,Hybrid,Automatic,133222,Jeep,21012,Escape escape
13727,FORD,2013,1.6,Petrol,Tiptronic,119303,Jeep,23521,Escape
13728,OPEL,2009,1.7,Diesel,Manual,116196,Minivan,11604,Zafira
13729,TOYOTA,2010,1.8,Hybrid,Automatic,142170,Sedan,14426,Prius
13730,KIA,2012,1.6,Petrol,Automatic,107091,Hatchback,1646,RIO
13731,HYUNDAI,2010,2.0,Petrol,Automatic,98177,Sedan,17305,Sonata
13732,HYUNDAI,2016,2.0,Petrol,Automatic,57166,Sedan,26343,Elantra
13733,HYUNDAI,2016,2.0,Diesel,Automatic,76116,Jeep,50184,Santa FE
13734,TOYOTA,2006,2.4,Petrol,Automatic,83885,Jeep,18503,RAV 4
13735,SUBARU,2016,2.5,Petrol,Tiptronic,84465,Sedan,26030,Legacy
13736,TOYOTA,2011,1.8,Petrol,Tiptronic,106254,Minivan,16308,ISIS
13737,HYUNDAI,2016,1.6,Petrol,Automatic,213872,Sedan,51517,Sonata
13738,HYUNDAI,2011,2.5,Diesel,Automatic,28313,Minivan,20488,H1
13739,OPEL,2003,1.3,Diesel,Manual,139808,Goods wagon,6000,Combo
13740,CHEVROLET,2016,1.4,Petrol,Automatic,163812,Sedan,15524,Cruze LT
13741,HYUNDAI,2010,2.0,Petrol,Automatic,107497,Sedan,16599,Sonata
13742,TOYOTA,2015,2.5,Petrol,Tiptronic,60894,Sedan,17111,Camry
13743,TOYOTA,2008,1.5,Hybrid,Variator,56545,Hatchback,12544,Prius
13744,CHEVROLET,2014,2.0,Diesel,Automatic,64956,Jeep,30950,Captiva
13745,HYUNDAI,2012,1.8,Petrol,Automatic,45981,Sedan,8154,Elantra
13746,FORD,2013,2.0,Petrol,Automatic,84506,Hatchback,14113,Focus
13747,TOYOTA,2014,1.8,Hybrid,Automatic,211086,Jeep,14113,Prius
13748,JEEP,2019,2.4,Petrol,Automatic,18193,Sedan,1333,Compass
13749,HYUNDAI,2014,1.6,Petrol,Automatic,44483,Hatchback,25440,I30
13750,TOYOTA,2013,1.5,Hybrid,Variator,114954,Hatchback,13172,Aqua
13751,LEXUS,2010,3.5,Petrol,Automatic,71074,Jeep,47120,RX 350
13752,LEXUS,2013,1.8,Hybrid,Automatic,116938,Hatchback,1725,CT 200h
13753,KIA,2012,2.4,Petrol,Tiptronic,86992,Sedan,17500,Optima
13754,NISSAN,2016,1.6,Petrol,Automatic,113088,Jeep,2117,Juke
13755,HYUNDAI,2011,1.6,Petrol,Automatic,80165,Sedan,20005,Elantra
13756,FIAT,2013,1.3,Petrol,Manual,56545,Coupe,17249,500 Abarth
13757,KIA,2012,1.0,Petrol,Automatic,31614,Sedan,9722,Picanto
13758,HYUNDAI,2010,2.5,Diesel,Automatic,35272,Jeep,12701,H1
13759,FIAT,2013,1.4,Petrol,Tiptronic,57788,Coupe,11917,500
13760,TOYOTA,2011,1.8,Hybrid,Automatic,106379,Sedan,16621,Prius
13761,NISSAN,2005,1.5,Petrol,Automatic,9956,Sedan,8311,Note
13762,TOYOTA,2012,1.5,Petrol,Automatic,31963,Hatchback,25089,Aqua
13763,CHEVROLET,2011,1.4,Hybrid,Automatic,179438,Hatchback,2666,Volt
13764,HYUNDAI,2016,2.5,Diesel,Automatic,75186,Universal,38609,H1
13765,HYUNDAI,2010,3.0,Diesel,Automatic,27962,Jeep,24462,Veracruz
13766,HYUNDAI,2014,2.4,Petrol,Tiptronic,79535,Sedan,21012,Sonata
13767,FORD,2008,2.2,Diesel,Manual,96391,Microbus,17249,Transit
13768,HYUNDAI,1997,1.3,Petrol,Manual,2761,Sedan,1000,Accent
13769,AUDI,2010,3.2,Petrol,Tiptronic,93206,Jeep,29166,Q5
13770,BMW,2000,2.5,Petrol,Manual,10563,Sedan,7527,525
13771,HYUNDAI,2015,2.0,LPG,Automatic,50409,Sedan,17719,Grandeur
13772,MERCEDES-BENZ,2003,3.2,CNG,Tiptronic,22991,Sedan,14113,320
13773,MERCEDES-BENZ,2002,2.2,Diesel,Manual,31069,Microbus,16308,Sprinter
13774,TOYOTA,2013,1.5,Hybrid,Automatic,40389,Hatchback,10349,Aqua
13775,HYUNDAI,2017,2.0,Diesel,Automatic,30880,Jeep,42337,Tucson
13776,MERCEDES-BENZ,2017,3.5,Petrol,Automatic,24739,Jeep,4077,GLE 350
13777,TOYOTA,2013,1.5,Petrol,Automatic,66176,Hatchback,14586,Aqua
13778,HYUNDAI,2015,2.0,LPG,Automatic,169491,Sedan,15053,Sonata
13779,HONDA,2010,1.3,Hybrid,Automatic,116390,Hatchback,1803,Insight
13780,TOYOTA,2018,2.5,Hybrid,Automatic,21784,Sedan,18817,Camry
13781,HONDA,2013,1.3,Hybrid,Variator,69594,Hatchback,12231,FIT
13782,MERCEDES-BENZ,2012,3.0,Diesel,Tiptronic,59030,Jeep,50178,ML 350
13783,BMW,2010,3.0,Petrol,Tiptronic,97555,Sedan,7840,328
13784,HYUNDAI,2011,1.8,Petrol,Automatic,59030,Sedan,17249,Lantra
13785,HYUNDAI,2013,2.0,Diesel,Automatic,139235,Jeep,29156,Santa FE
13786,MERCEDES-BENZ,2012,3.5,Diesel,Automatic,120091,Jeep,22266,ML 350
13787,MAZDA,2013,2.0,Petrol,Tiptronic,5592,Hatchback,9095,Mazda 3
13788,HONDA,2015,1.5,Petrol,Automatic,8699,Hatchback,39066,FIT
13789,HYUNDAI,2017,2.0,Petrol,Automatic,51023,Sedan,2901,Elantra
13790,FIAT,2012,1.4,Petrol,Automatic,63098,Sedan,11917,500
13791,TOYOTA,2012,1.8,Hybrid,Automatic,54724,Hatchback,20385,Prius
13792,MERCEDES-BENZ,2012,3.5,Petrol,Automatic,86528,Sedan,3607,E 350
13793,TOYOTA,2014,2.5,Petrol,Tiptronic,36661,Sedan,17562,Camry
13794,VOLKSWAGEN,2010,2.5,Petrol,Automatic,12427,Hatchback,15681,Golf
13795,TOYOTA,2008,1.5,Hybrid,Automatic,110604,Sedan,9095,Prius
13796,CHEVROLET,2015,2.0,Petrol,Automatic,21331,Jeep,14113,Orlando
13797,TOYOTA,2012,1.5,Petrol,Automatic,90472,Hatchback,16308,Prius C
13798,GAZ,2005,2.5,Diesel,Manual,124274,Pickup,7840,31105
13799,HYUNDAI,2017,2.0,Petrol,Automatic,72063,Sedan,4547,Elantra
13800,BMW,2015,3.0,Diesel,Automatic,124930,Jeep,3607,X5
13801,TOYOTA,2013,2.5,Hybrid,Automatic,77617,Sedan,3763,Camry
13802,HYUNDAI,2015,1.8,Petrol,Tiptronic,53686,Sedan,16308,Elantra
13803,LEXUS,2010,3.5,Hybrid,Automatic,115578,Jeep,13328,RX 450
13804,TOYOTA,2007,1.5,Hybrid,Variator,183926,Sedan,15053,Prius
13805,LEXUS,2013,3.5,Hybrid,Automatic,85773,Jeep,1019,RX 450
13806,MITSUBISHI,2003,1.3,Petrol,Variator,118060,Hatchback,8154,Colt
13807,HYUNDAI,2013,1.8,Petrol,Tiptronic,43496,Sedan,16778,Elantra
13808,HYUNDAI,1999,2.5,Diesel,Automatic,124274,Jeep,4704,Galloper
13809,FORD,2015,1.0,Petrol,Manual,34135,Sedan,9879,Focus
13810,CHEVROLET,2007,0.8,Petrol,Automatic,96742,Sedan,3763,Matiz
13811,MERCEDES-BENZ,2004,3.7,LPG,Tiptronic,147935,Jeep,15681,ML 350 ML350
13812,KIA,2019,2.4,Petrol,Automatic,6967,Jeep,15994,Optima
13813,MERCEDES-BENZ,2009,2.2,Diesel,Tiptronic,205052,Minivan,21326,Vito
13814,BMW,1998,2.8,CNG,Automatic,151606,Sedan,5959,528
13815,SSANGYONG,2016,1.6,Petrol,Automatic,41957,Jeep,42667,Actyon
13816,TOYOTA,2014,3.5,Petrol,Automatic,129979,Sedan,2430,Camry
13817,TOYOTA,2011,1.3,Petrol,Variator,106254,Hatchback,11447,Vitz
13818,HYUNDAI,2013,2.4,Petrol,Tiptronic,93206,Jeep,28852,Tucson
13819,BMW,2000,2.5,Petrol,Manual,138082,Coupe,8781,M3
13820,SSANGYONG,2016,1.6,Petrol,Automatic,63546,Jeep,35309,Actyon
13821,HYUNDAI,2011,1.6,Petrol,Automatic,77701,Sedan,20266,Elantra
13822,FORD,2014,2.0,Plug-in Hybrid,Automatic,795,Hatchback,19757,C-MAX
13823,BMW,2002,4.4,CNG,Tiptronic,138082,Jeep,11604,X5
13824,TOYOTA,2010,3.3,Hybrid,Automatic,186639,Jeep,14269,Highlander
13825,HYUNDAI,2016,1.8,Petrol,Automatic,94621,Sedan,4861,Elantra
13826,HYUNDAI,2016,2.5,Diesel,Automatic,126184,Universal,27463,H1
13827,HYUNDAI,2016,2.0,LPG,Automatic,205950,Sedan,11290,Sonata
13828,SSANGYONG,2017,1.6,Diesel,Automatic,60714,Jeep,38580,Actyon
13829,HYUNDAI,2017,2.5,Diesel,Automatic,9695,Minivan,34808,H1
13830,BMW,2011,4.4,Petrol,Tiptronic,109361,Sedan,30420,550
13831,FORD,1996,2.5,Diesel,Manual,76429,Microbus,23521,Transit
13832,TOYOTA,2008,1.5,Hybrid,Automatic,90472,Sedan,10976,Prius
13833,HONDA,2013,1.5,Hybrid,Automatic,99419,Sedan,14113,FIT
13834,TOYOTA,2010,1.8,Hybrid,Automatic,90472,Sedan,14426,Prius
13835,HYUNDAI,2015,1.8,Petrol,Tiptronic,22991,Sedan,19444,Elantra
13836,JEEP,2000,4.0,Petrol,Automatic,124274,Jeep,7840,Grand Cherokee
13837,HYUNDAI,2016,2.0,LPG,Automatic,160899,Sedan,15681,Sonata
13838,DAEWOO,2010,1.6,Petrol,Automatic,88521,Sedan,8386,Lacetti
13839,TOYOTA,2012,1.8,Hybrid,Automatic,93206,Hatchback,17562,Prius
13840,VOLKSWAGEN,2015,1.8,Diesel,Automatic,39638,Sedan,6272,Jetta
13841,OPEL,2008,1.4,Petrol,Manual,101283,Hatchback,11917,Astra
13842,BMW,2011,3.0,Petrol,Tiptronic,74565,Sedan,23521,328
13843,CHEVROLET,2012,1.4,Plug-in Hybrid,Automatic,72079,Sedan,21639,Volt premier
13844,HYUNDAI,2015,1.6,LPG,Automatic,22125,Sedan,19601,Elantra
13845,NISSAN,2010,4.0,Petrol,Automatic,126428,Jeep,6272,Pathfinder
13846,MERCEDES-BENZ,2010,2.2,Diesel,Manual,690,Microbus,2500,Sprinter
13847,KIA,2013,2.4,Petrol,Tiptronic,59030,Sedan,17249,Optima
13848,HYUNDAI,2016,2.0,Diesel,Automatic,99998,Jeep,43062,Santa FE
13849,HYUNDAI,2012,2.4,Petrol,Automatic,75372,Jeep,24148,Tucson
13850,HYUNDAI,2013,2.0,LPG,Automatic,56840,Sedan,8624,Sonata
13851,SSANGYONG,2017,1.6,Diesel,Automatic,38218,Jeep,43281,Actyon
13852,HYUNDAI,2011,2.4,Petrol,Automatic,68351,Jeep,29793,IX35
13853,FORD,2006,1.7,Diesel,Manual,61167,Goods wagon,8154,Transit Connect
13854,BMW,1997,2.0,Petrol,Manual,163421,Sedan,5500,520
13855,HYUNDAI,2014,1.6,Diesel,Automatic,19924,Sedan,14113,Accent
13856,FORD,2001,2.4,Diesel,Manual,217480,Microbus,17876,Transit 2.4
13857,NISSAN,2011,1.6,Petrol,Automatic,77547,Jeep,16935,Juke
13858,HONDA,2013,1.5,Hybrid,Automatic,73637,Hatchback,15685,FIT
13859,HYUNDAI,2015,3.3,Petrol,Automatic,64735,Jeep,6429,Santa FE
13860,HYUNDAI,2011,2.4,Petrol,Automatic,115326,Sedan,11604,Sonata
13861,MITSUBISHI,2003,2.0,Petrol,Automatic,80157,Jeep,8467,Airtrek
13862,LEXUS,2010,3.5,Hybrid,Automatic,103907,Jeep,5018,RX 450
13863,LEXUS,2013,2.5,Hybrid,Automatic,115919,Sedan,6743,ES 300
13864,CHEVROLET,2012,2.0,Petrol,Automatic,83126,Sedan,21410,Malibu
13865,VOLKSWAGEN,2017,1.8,Petrol,Automatic,41706,Sedan,10349,Passat
13866,MERCEDES-BENZ,2011,3.5,Diesel,Automatic,154426,Sedan,18189,E 350
13867,SUBARU,2004,2.5,CNG,Automatic,173984,Jeep,8467,Forester
13868,MERCEDES-BENZ,2005,3.7,Petrol,Tiptronic,173984,Jeep,17249,ML 350
13869,MERCEDES-BENZ,2002,2.7,Diesel,Automatic,138082,Sedan,10976,E 270
13870,HYUNDAI,2010,2.0,Diesel,Automatic,33003,Jeep,14050,Santa FE
13871,CHEVROLET,2018,2.0,Diesel,Automatic,23420,Jeep,50560,Captiva
13872,HYUNDAI,2018,1.6,Petrol,Automatic,22244,Sedan,30931,Elantra
13873,HYUNDAI,2010,2.0,Petrol,Automatic,61819,Sedan,13338,Sonata
13874,LEXUS,2010,2.4,Hybrid,Tiptronic,63380,Sedan,10036,HS 250h
13875,MERCEDES-BENZ,2004,3.2,Petrol,Tiptronic,76429,Sedan,12231,E 320
13876,BMW,2015,2.0,Petrol,Tiptronic,55923,Coupe,51746,428
13877,HYUNDAI,2011,2.0,Diesel,Automatic,80237,Jeep,28780,Santa FE
13878,KIA,2008,1.6,Petrol,Manual,13808,Sedan,13172,Ceed
13879,RENAULT,2009,1.5,Diesel,Manual,118682,Minivan,12544,Scenic
13880,CHEVROLET,2013,2.4,Petrol,Automatic,60837,Sedan,22260,Malibu
13881,CHEVROLET,2008,2.0,Diesel,Automatic,48329,Jeep,6899,Captiva
13882,KIA,2016,3.0,Petrol,Automatic,17282,Sedan,34340,Cadenza
13883,HONDA,2011,2.0,Petrol,Tiptronic,60273,Minivan,13172,Step Wagon
13884,FORD,2013,2.0,Petrol,Tiptronic,89477,Hatchback,6899,Focus
13885,TOYOTA,2014,1.5,Hybrid,Automatic,74389,Hatchback,15994,Prius C Hybrid
13886,HYUNDAI,2012,1.6,Petrol,Automatic,81675,Sedan,14834,Elantra
13887,LEXUS,2012,1.8,Hybrid,Variator,55302,Hatchback,22894,CT 200h
13888,TOYOTA,2014,1.5,Hybrid,Automatic,45360,Hatchback,19757,Prius C
13889,BMW,2002,2.5,Petrol,Tiptronic,163048,Sedan,10976,325 XI
13890,NISSAN,2015,1.6,Petrol,Manual,63204,Jeep,23521,Juke
13891,SUBARU,2004,2.0,Petrol,Manual,86992,Sedan,10349,Legacy
13892,BMW,2012,3.0,Diesel,Automatic,44114,Jeep,31047,X5
13893,RENAULT,2010,1.5,Diesel,Manual,109361,Universal,10663,Megane
13894,SUBARU,2003,1.5,Petrol,Automatic,99419,Hatchback,5175,Impreza
13895,LEXUS,2012,1.8,Hybrid,Automatic,86371,Hatchback,21639,CT 200h
13896,HYUNDAI,2012,2.0,Diesel,Automatic,121417,Jeep,20610,Tucson
13897,HYUNDAI,2015,2.0,Diesel,Automatic,75428,Jeep,49259,Santa FE
13898,MERCEDES-BENZ,2008,3.0,Diesel,Tiptronic,205052,Sedan,19444,280
13899,HYUNDAI,2016,1.6,Petrol,Automatic,24712,Sedan,28532,Elantra
13900,TOYOTA,2012,3.5,Petrol,Automatic,87592,Jeep,23521,Highlander
13901,HYUNDAI,2016,1.6,LPG,Automatic,19356,Sedan,18503,Elantra
13902,HYUNDAI,2014,2.0,LPG,Tiptronic,32786,Sedan,24148,Sonata სასწრაფოდ
13903,CHEVROLET,2012,3.6,Petrol,Automatic,111847,Sedan,13172,Impala
13904,MERCEDES-BENZ,2010,3.0,Diesel,Tiptronic,143164,Jeep,37633,ML 350
13905,HYUNDAI,2016,2.0,Diesel,Automatic,89684,Jeep,47512,Santa FE
13906,TOYOTA,2000,1.3,Petrol,Automatic,70836,Jeep,9095,Cami
13907,NISSAN,2006,1.5,Petrol,Variator,74565,Hatchback,6899,Note
13908,FORD,2015,2.0,Plug-in Hybrid,Automatic,91963,Sedan,17249,Fusion
13909,VOLKSWAGEN,1998,1.4,Petrol,Manual,120546,Hatchback,5645,Polo
13910,TOYOTA,2012,3.5,Hybrid,Automatic,127536,Jeep,29479,Highlander
13911,CHEVROLET,2014,1.4,Hybrid,Automatic,86054,Hatchback,3763,Volt
13912,HYUNDAI,2018,2.0,Petrol,Automatic,8522,Sedan,57990,Sonata
13913,TOYOTA,2012,2.5,Hybrid,Automatic,99033,Sedan,3136,Camry
13914,BMW,2005,3.0,Diesel,Tiptronic,154100,Jeep,21953,X5
13915,VOLKSWAGEN,2010,2.0,Petrol,Tiptronic,108119,Sedan,16308,CC
13916,HYUNDAI,2017,2.0,LPG,Automatic,201700,Sedan,11604,Sonata
13917,HYUNDAI,2012,1.6,Diesel,Automatic,61282,Sedan,12240,Accent
13918,TOYOTA,2012,1.5,Petrol,Automatic,70818,Hatchback,14069,Aqua
13919,FORD,2014,3.5,Petrol,Automatic,92245,Jeep,5802,Explorer
13920,MERCEDES-BENZ,2000,2.0,LPG,Tiptronic,119381,Sedan,12544,E 200
13921,NISSAN,2014,1.2,Petrol,Automatic,31069,Hatchback,13764,March
13922,TOYOTA,2015,2.5,Hybrid,Automatic,66611,Jeep,50178,RAV 4
13923,TOYOTA,2005,1.0,Petrol,Automatic,85128,Sedan,9408,Vitz
13924,TOYOTA,2007,2.4,Hybrid,Tiptronic,63380,Sedan,13172,Camry
13925,HYUNDAI,2008,2.5,Diesel,Automatic,44456,Minivan,15681,H1
13926,TOYOTA,2009,3.3,Hybrid,Automatic,197818,Jeep,1019,Highlander
13927,LEXUS,2007,3.3,Hybrid,Tiptronic,170007,Jeep,19444,RX 400
13928,MERCEDES-BENZ,2007,2.2,Diesel,Manual,161556,Minivan,27000,Viano
13929,MERCEDES-BENZ,1998,2.0,CNG,Manual,69041,Universal,6586,C 200
13930,CHEVROLET,2015,1.6,Diesel,Automatic,83909,Jeep,23994,Orlando
13931,CHEVROLET,2011,1.4,Plug-in Hybrid,Automatic,70836,Sedan,17562,Volt
13932,HYUNDAI,2015,2.0,Petrol,Tiptronic,93206,Sedan,21953,Elantra
13933,BMW,2011,3.0,Petrol,Tiptronic,48467,Sedan,18817,328
13934,MERCEDES-BENZ,2005,3.5,Petrol,Tiptronic,159071,Jeep,18817,ML 350
13935,HYUNDAI,2012,1.6,Petrol,Tiptronic,65244,Hatchback,16621,Veloster
13936,MERCEDES-BENZ,2011,3.0,Diesel,Automatic,169750,Sedan,9879,E 350
13937,MERCEDES-BENZ,2009,3.5,Petrol,Automatic,105385,Jeep,32929,ML 350
13938,SCION,2010,2.4,Petrol,Automatic,66487,Coupe,10976,tC
13939,NISSAN,2013,3.5,CNG,Automatic,27962,Minivan,34497,Quest
13940,AUDI,2007,2.4,Petrol,Manual,93206,Sedan,10349,A4
13941,VOLKSWAGEN,1999,1.8,CNG,Manual,155964,Sedan,5959,Passat
13942,MERCEDES-BENZ,2014,3.5,Diesel,Automatic,90966,Sedan,1882,E 350
13943,HYUNDAI,2015,2.0,LPG,Automatic,21480,Sedan,14906,Sonata
13944,HYUNDAI,2011,2.0,Diesel,Automatic,56565,Jeep,27654,Tucson
13945,NISSAN,2013,1.6,Petrol,Automatic,80236,Jeep,3607,Juke
13946,TOYOTA,2008,3.3,Hybrid,Variator,155094,Jeep,28852,Highlander
13947,BMW,2002,3.0,Petrol,Tiptronic,60894,Sedan,14426,530
13948,VOLKSWAGEN,2008,2.5,Diesel,Manual,93206,Minivan,11917,T5
13949,VOLKSWAGEN,2015,2.0,Petrol,Automatic,67224,Jeep,17405,Tiguan SE
13950,SSANGYONG,2011,2.0,Diesel,Automatic,154641,Jeep,16308,Korando
13951,LEXUS,2011,3.5,Petrol,Automatic,77052,Jeep,1411,RX 350
13952,HYUNDAI,2010,2.0,Petrol,Automatic,50570,Coupe,15825,Genesis
13953,HYUNDAI,2015,2.4,Petrol,Tiptronic,88483,Sedan,19130,Sonata
13954,KIA,2014,2.0,Petrol,Automatic,23921,Sedan,16621,Optima
13955,BMW,2004,1.9,Petrol,Tiptronic,79661,Sedan,5331,318
13956,HYUNDAI,2014,1.6,Petrol,Tiptronic,57663,Sedan,14426,Elantra
13957,TOYOTA,2007,1.5,Hybrid,Variator,103769,Hatchback,11604,Prius
13958,LEXUS,2010,4.6,Petrol,Automatic,96823,Jeep,39829,GX 460
13959,HYUNDAI,2015,2.0,Diesel,Automatic,91309,Jeep,34572,Tucson
13960,MERCEDES-BENZ,2003,3.2,LPG,Automatic,211266,Sedan,15053,320
13961,TOYOTA,2008,1.5,Hybrid,Automatic,128627,Sedan,12544,Prius
13962,MERCEDES-BENZ,2004,3.2,Petrol,Automatic,129245,Coupe,10976,CLK 320
13963,HYUNDAI,2012,2.5,Diesel,Automatic,38073,Minivan,18305,H1
13964,CHEVROLET,2010,1.7,Petrol,Manual,44388,Jeep,13570,Niva
13965,VOLKSWAGEN,2015,1.8,Petrol,Automatic,22515,Sedan,2666,Passat
13966,TOYOTA,2015,2.5,Hybrid,Variator,87613,Sedan,24775,Camry se
13967,TOYOTA,2012,1.5,Petrol,Automatic,50580,Hatchback,16960,Aqua
13968,NISSAN,2015,1.6,Petrol,Automatic,69222,Jeep,5018,Juke
13969,HYUNDAI,2012,3.5,Petrol,Automatic,96177,Jeep,3293,Santa FE
13970,LEXUS,2002,3.0,Petrol,Automatic,124896,Jeep,11917,RX 300
13971,VOLKSWAGEN,2016,1.8,Petrol,Tiptronic,32311,Sedan,20698,Jetta
13972,HYUNDAI,2015,2.0,LPG,Automatic,170780,Sedan,10663,Sonata
13973,HYUNDAI,2016,2.0,LPG,Automatic,157439,Sedan,11290,Sonata
13974,MERCEDES-BENZ,2007,1.7,Petrol,Tiptronic,68351,Sedan,11290,B 170
13975,CHEVROLET,2012,1.8,Petrol,Automatic,52022,Sedan,16041,Cruze
13976,DODGE,2008,2.0,Petrol,Automatic,95691,Hatchback,8154,Caliber
13977,HONDA,2003,2.4,LPG,Tiptronic,140430,Minivan,6272,Odyssey
13978,MERCEDES-BENZ,2011,3.5,Diesel,Automatic,40076,Sedan,13642,E 350
13979,TOYOTA,2003,1.5,Petrol,Automatic,80778,Hatchback,2500,Ist
13980,FORD,2001,2.4,Diesel,Manual,130488,Microbus,12858,Transit
13981,TOYOTA,2015,1.8,Hybrid,Automatic,16156,Hatchback,31361,Prius
13982,MERCEDES-BENZ,2010,3.5,Diesel,Automatic,117768,Sedan,12388,E 350
13983,AUDI,2014,3.0,Petrol,Automatic,87307,Hatchback,3058,A7
13984,TOYOTA,2013,1.8,Hybrid,Automatic,6649,Hatchback,18817,Prius
13985,MERCEDES-BENZ,2015,3.5,Diesel,Automatic,49138,Jeep,22894,ML 350
13986,TOYOTA,2018,2.5,Hybrid,Automatic,79234,Sedan,9722,Camry
13987,MERCEDES-BENZ,2003,3.2,LPG,Tiptronic,11806,Sedan,24000,E 320
13988,MERCEDES-BENZ,2012,1.8,Petrol,Tiptronic,84506,Sedan,30200,C 250
13989,HYUNDAI,2016,2.2,Diesel,Automatic,74420,Jeep,52931,Santa FE
13990,CHEVROLET,2015,2.5,Petrol,Automatic,88678,Sedan,2430,Malibu
13991,AUDI,2010,2.0,Petrol,Tiptronic,103769,Sedan,17249,A4
13992,FORD,2015,2.0,Hybrid,Automatic,66590,Sedan,1568,Fusion
13993,BMW,2012,3.0,Diesel,Automatic,44114,Jeep,31047,X5
13994,MERCEDES-BENZ,2014,3.5,Diesel,Automatic,136099,Sedan,29793,E 350
13995,TOYOTA,2007,1.5,Hybrid,Automatic,105633,Hatchback,10036,Prius
13996,SUBARU,2010,2.5,Petrol,Tiptronic,65865,Jeep,14113,Forester
13997,AUDI,2000,2.4,Petrol,Tiptronic,6904,Sedan,5500,A6 evropuli
13998,HYUNDAI,2013,1.8,Petrol,Automatic,86909,Sedan,17249,Elantra
13999,OPEL,1999,1.2,Petrol,Automatic,142915,Hatchback,5645,Corsa
14000,UAZ,1999,2.0,Petrol,Automatic,4971,Jeep,5959,Patriot
14001,MERCEDES-BENZ,2014,1.8,Petrol,Automatic,65809,Sedan,4234,C 250
14002,TOYOTA,2012,1.5,Hybrid,Variator,113090,Hatchback,15367,Prius C
14003,LEXUS,2011,1.8,Hybrid,Automatic,88856,Sedan,18817,CT 200h
14004,FORD,2010,2.5,Hybrid,Automatic,136702,Jeep,25716,Escape
14005,HYUNDAI,2018,1.6,Petrol,Automatic,12403,Jeep,55678,Tucson
14006,HYUNDAI,2015,2.0,LPG,Automatic,211019,Sedan,15367,Sonata
14007,BMW,1997,2.8,Petrol,Manual,111847,Coupe,10976,328
14008,HYUNDAI,2011,2.4,Petrol,Tiptronic,106254,Sedan,14113,Sonata
14009,MERCEDES-BENZ,2014,3.5,Diesel,Automatic,124385,Sedan,30734,E 350
14010,HYUNDAI,2019,2.0,Petrol,Automatic,17006,Sedan,14740,Elantra
14011,KIA,2012,2.4,Petrol,Tiptronic,54681,Sedan,16621,Optima
14012,TOYOTA,2005,1.4,Petrol,Manual,141051,Sedan,13172,Corolla
14013,HONDA,2014,2.4,Petrol,Automatic,30447,Jeep,26030,Cr-v
14014,FIAT,2012,1.4,Petrol,Tiptronic,57663,Hatchback,11917,500 SPORT
14015,MAZDA,2016,2.5,Petrol,Automatic,96227,Sedan,3293,CX-9
14016,TOYOTA,2015,1.5,Petrol,Automatic,26719,Sedan,17562,Prius C YARIS IA
14017,BMW,2000,3.0,LPG,Tiptronic,124274,Jeep,11917,X5
14018,MERCEDES-BENZ,2015,3.5,Petrol,Automatic,52127,Jeep,6586,GLK 350
14019,MERCEDES-BENZ,1997,2.8,Petrol,Automatic,136205,Sedan,7527,C 280
14020,HYUNDAI,2014,1.8,Petrol,Tiptronic,14913,Sedan,18817,Elantra
14021,TOYOTA,2017,2.5,Petrol,Automatic,39666,Sedan,13799,Camry
14022,TOYOTA,2009,1.8,Hybrid,Automatic,112548,Sedan,13799,Prius
14023,KIA,2014,2.0,Petrol,Automatic,22708,Sedan,16778,Optima
14024,SUBARU,2005,2.0,Petrol,Tiptronic,114954,Sedan,4391,Legacy
14025,KIA,2014,2.0,Petrol,Automatic,24398,Sedan,16465,Optima
14026,KIA,2013,2.4,Petrol,Automatic,39146,Sedan,15367,Optima
14027,BMW,2014,3.0,Diesel,Automatic,51947,Sedan,15524,535
14028,SUBARU,2004,3.0,CNG,Tiptronic,82642,Universal,10976,Outback 3.0
14029,MITSUBISHI,2004,3.0,LPG,Tiptronic,131109,Jeep,13172,Pajero
14030,VOLKSWAGEN,2013,2.5,Petrol,Tiptronic,96488,Sedan,10349,Passat
14031,HYUNDAI,2007,1.6,Petrol,Automatic,130636,Sedan,10635,Elantra
14032,SSANGYONG,2012,2.0,Diesel,Automatic,69777,Jeep,21953,Korando
14033,MINI,2011,1.6,Petrol,Tiptronic,99419,Hatchback,18817,Cooper
14034,HYUNDAI,2014,2.2,Diesel,Automatic,50331,Jeep,41064,Santa FE
14035,CHEVROLET,2016,1.4,Petrol,Automatic,40762,Sedan,19757,Cruze
14036,HYUNDAI,2013,2.4,Petrol,Tiptronic,67018,Sedan,14113,Sonata
14037,KIA,2012,2.4,Petrol,Tiptronic,97431,Sedan,20385,Optima
14038,HYUNDAI,2016,2.0,LPG,Automatic,176587,Sedan,15681,Sonata
14039,MERCEDES-BENZ,2006,2.2,Diesel,Manual,186411,Microbus,36065,Sprinter
14040,OPEL,2004,1.7,Diesel,Manual,9321,Goods wagon,7213,Combo
14041,BMW,1998,3.2,Petrol,Tiptronic,6904,Coupe,4737,525
14042,MERCEDES-BENZ,2004,1.7,Diesel,Automatic,102526,Hatchback,8467,A 170 Avangard
14043,TOYOTA,2012,2.5,Hybrid,Automatic,77050,Sedan,17249,Camry
14044,HYUNDAI,2015,2.4,Petrol,Automatic,63628,Sedan,20385,Sonata
14045,AUDI,2011,3.0,Diesel,Automatic,144502,Sedan,2352,Q7
14046,LEXUS,2014,1.8,Hybrid,Automatic,59652,Hatchback,31361,CT 200h F sport
14047,TOYOTA,2012,1.5,Petrol,Automatic,52817,Hatchback,13488,Aqua
14048,HYUNDAI,2016,2.0,Hybrid,Automatic,44253,Sedan,5018,Sonata
14049,TOYOTA,2013,1.5,Petrol,Automatic,103085,Hatchback,10964,Aqua
14050,HYUNDAI,2014,1.6,Petrol,Automatic,64339,Sedan,25591,Elantra
14051,MERCEDES-BENZ,2011,3.0,Diesel,Automatic,65865,Sedan,40769,E 350
14052,OPEL,1999,1.6,Petrol,Manual,1025,Goods wagon,6272,Astra
14053,LEXUS,2010,4.6,Petrol,Automatic,96823,Jeep,39201,GX 460
14054,FIAT,2005,1.2,Petrol,Manual,17398,Jeep,9408,Panda
14055,FORD,2015,3.5,Petrol,Automatic,79488,Jeep,52034,Explorer
14056,HYUNDAI,2018,2.0,Petrol,Automatic,10515,Sedan,41553,Sonata
14057,HONDA,2010,1.3,Petrol,Variator,70432,Hatchback,10976,FIT
14058,MITSUBISHI,2016,2.0,Petrol,Automatic,45697,Jeep,21796,Outlander SPORT
14059,TOYOTA,2012,1.5,Hybrid,Automatic,79038,Sedan,11133,Prius C 1.5I
14060,NISSAN,2005,1.5,Petrol,Variator,69041,Hatchback,8311,Note
14061,MERCEDES-BENZ,2014,3.5,Petrol,Automatic,69436,Jeep,5175,GLK 350
14062,BMW,2009,3.0,Diesel,Automatic,162844,Jeep,6429,X5
14063,LEXUS,2014,1.8,Hybrid,Automatic,43185,Hatchback,32929,CT 200h
14064,HONDA,2005,2.4,LPG,Variator,106254,Minivan,11917,Elysion
14065,HYUNDAI,2015,2.0,LPG,Automatic,216539,Sedan,12231,Sonata
14066,MITSUBISHI,2008,3.0,Petrol,Automatic,172741,Jeep,16500,Pajero
14067,CHEVROLET,2015,2.2,Diesel,Automatic,62964,Jeep,25597,Captiva
14068,TOYOTA,2012,2.5,Petrol,Tiptronic,198839,Sedan,21953,Camry
14069,HYUNDAI,2010,2.4,Petrol,Tiptronic,54059,Sedan,15367,Sonata
14070,SSANGYONG,2013,2.0,Diesel,Automatic,62967,Jeep,31449,REXTON
14071,MITSUBISHI,2002,3.5,CNG,Automatic,118060,Jeep,12544,Pajero
14072,HYUNDAI,2014,1.6,Diesel,Automatic,48986,Sedan,14426,Elantra
14073,MITSUBISHI,2012,2.0,Petrol,Variator,64001,Jeep,20385,Outlander
14074,BMW,2010,3.0,Petrol,Tiptronic,6214,Coupe,8500,328
14075,TOYOTA,2007,1.5,Hybrid,Automatic,113338,Hatchback,14113,Prius
14076,SSANGYONG,2010,2.0,Diesel,Automatic,37220,Jeep,17942,Actyon
14077,MERCEDES-BENZ,2007,3.2,Diesel,Automatic,106876,Jeep,36065,GL 320
14078,MERCEDES-BENZ,1996,2.2,Diesel,Manual,84506,Sedan,5018,C 220
14079,HYUNDAI,2016,2.0,LPG,Automatic,220319,Sedan,10036,Sonata
14080,TOYOTA,2019,1.5,Petrol,Automatic,17185,Sedan,4861,Yaris
14081,TOYOTA,2014,2.5,Hybrid,Automatic,68225,Sedan,5488,Camry
14082,TOYOTA,2013,1.8,Hybrid,Automatic,85749,Hatchback,19444,Prius
14083,TOYOTA,2012,1.8,Hybrid,Automatic,97431,Hatchback,21953,Prius
14084,MERCEDES-BENZ,2011,3.5,Diesel,Automatic,74179,Sedan,16621,E 350
14085,FORD,2015,2.5,Petrol,Automatic,85501,Sedan,16935,Fusion
14086,TOYOTA,2012,1.8,Plug-in Hybrid,Variator,83512,Hatchback,25716,Prius
14087,HYUNDAI,2016,2.0,LPG,Automatic,171925,Sedan,15681,Sonata
14088,AUDI,2012,2.0,Petrol,Automatic,97844,Jeep,8154,Q5
14089,VOLKSWAGEN,2007,2.0,Diesel,Manual,130488,Goods wagon,10036,Caddy
14090,VOLKSWAGEN,2012,2.0,Diesel,Automatic,88235,Sedan,21639,Golf TDI
14091,HYUNDAI,2011,2.0,Diesel,Automatic,57968,Jeep,27946,Tucson
14092,NISSAN,2005,1.5,Petrol,Automatic,690,Sedan,8154,Tiida
14093,MITSUBISHI,2003,1.5,Petrol,Automatic,86992,Sedan,7527,Colt
14094,AUDI,2014,3.0,Petrol,Automatic,87307,Hatchback,2901,A7
14095,TOYOTA,2012,2.5,Hybrid,Automatic,97256,Sedan,3607,Camry
14096,CHEVROLET,2014,2.0,Petrol,Automatic,71539,Sedan,28608,Malibu
14097,FORD,2013,1.6,Petrol,Tiptronic,94448,Sedan,18817,Fusion
14098,MITSUBISHI,2000,2.0,Petrol,Automatic,60273,Jeep,10349,Pajero IO
14099,HYUNDAI,2009,1.6,Diesel,Automatic,46680,Hatchback,10349,I30
14100,HYUNDAI,2016,1.6,LPG,Automatic,20562,Sedan,18503,Elantra
14101,HYUNDAI,2014,2.5,Diesel,Automatic,169945,Minivan,25763,H1
14102,TOYOTA,2008,1.5,Petrol,Automatic,8078,Hatchback,10036,Prius
14103,KIA,2016,2.0,Petrol,Automatic,18696,Sedan,20071,Optima
14104,NISSAN,2010,2.0,Petrol,Automatic,68609,Minivan,14500,Serena
14105,SUBARU,2014,2.0,Hybrid,Automatic,76722,Jeep,3920,XV
14106,BMW,2015,2.8,Petrol,Tiptronic,23870,Sedan,37006,328
14107,KIA,2008,2.0,Diesel,Automatic,117644,Jeep,7837,Sportage
14108,HYUNDAI,2013,2.0,LPG,Automatic,42647,Sedan,6899,Sonata
14109,TOYOTA,2013,1.5,Petrol,Automatic,14216,Hatchback,18422,Aqua
14110,OPEL,2005,1.6,Petrol,Manual,99419,Minivan,14113,Zafira
14111,HYUNDAI,2012,1.8,Petrol,Tiptronic,70588,Sedan,14113,Elantra
14112,HYUNDAI,2015,2.5,LPG,Automatic,82220,Universal,38574,H1
14113,MITSUBISHI,2000,3.0,Petrol,Automatic,126760,Minivan,13172,Delica
14114,TOYOTA,2018,1.8,Hybrid,Automatic,10294,Sedan,16308,Prius
14115,TOYOTA,2012,3.5,Petrol,Automatic,87592,Jeep,23521,Highlander
14116,VOLKSWAGEN,2013,2.5,Petrol,Tiptronic,52195,Sedan,16935,Passat
14117,HYUNDAI,2016,2.0,LPG,Automatic,185999,Sedan,13172,Sonata
14118,HONDA,2011,1.3,Hybrid,Variator,75186,Hatchback,11917,FIT
14119,CHEVROLET,2008,2.0,Diesel,Automatic,33727,Jeep,7840,Captiva
14120,JAGUAR,2014,2.2,Diesel,Automatic,46910,Sedan,41629,XF
14121,HYUNDAI,2016,1.7,Diesel,Automatic,54824,Jeep,39226,Tucson
14122,HYUNDAI,2017,2.0,Diesel,Automatic,48542,Jeep,53420,Santa FE
14123,HYUNDAI,2017,1.7,Diesel,Automatic,62527,Jeep,34836,Tucson
14124,JEEP,2014,2.0,Petrol,Automatic,41342,Jeep,14740,Patriot Latitude
14125,CHEVROLET,2007,1.4,Petrol,Manual,78293,Hatchback,6586,Kalos
14126,KIA,2013,2.0,Petrol,Automatic,31279,Sedan,10349,Optima
14127,TOYOTA,2018,2.5,Petrol,Automatic,19824,Sedan,11447,Camry
14128,TOYOTA,2012,1.8,Hybrid,Variator,123280,Hatchback,21953,Prius
14129,AUDI,2008,2.0,Petrol,Tiptronic,149129,Sedan,11760,A4 Sline
14130,VOLKSWAGEN,2012,2.5,Petrol,Automatic,43496,Sedan,10976,Jetta
14131,CHEVROLET,2009,1.6,Petrol,Automatic,79497,Sedan,12861,Lacetti
14132,CHEVROLET,2012,1.0,Petrol,Automatic,89642,Sedan,7495,Spark
14133,CHEVROLET,2018,1.5,Petrol,Tiptronic,4039,Sedan,33500,Malibu
14134,HYUNDAI,2011,1.6,Petrol,Automatic,72038,Sedan,20005,Elantra
14135,CHEVROLET,2012,1.2,Petrol,Tiptronic,62137,Hatchback,9095,Spark
14136,NISSAN,2005,1.3,LPG,Automatic,131731,Hatchback,7840,March
14137,TOYOTA,2012,2.5,Petrol,Tiptronic,46603,Sedan,22894,Camry
14138,SSANGYONG,2009,2.7,Diesel,Automatic,92369,Jeep,22298,REXTON
14139,HYUNDAI,2010,1.6,Petrol,Automatic,23732,Sedan,20266,Elantra
14140,MERCEDES-BENZ,2014,4.6,Petrol,Automatic,142894,Jeep,42965,ML 550
14141,HYUNDAI,2016,1.7,Diesel,Automatic,62303,Jeep,37229,Tucson
14142,TOYOTA,2014,1.8,Hybrid,Variator,105385,Hatchback,19757,Prius
14143,HONDA,2011,3.5,Petrol,Automatic,100415,Jeep,2038,Pilot
14144,CHEVROLET,2009,1.6,Petrol,Automatic,32651,Sedan,7840,Cruze
14145,CHEVROLET,2016,1.5,Petrol,Tiptronic,69594,Sedan,26657,Malibu LT
14146,HYUNDAI,2016,2.0,Diesel,Automatic,121747,Jeep,46991,Santa FE
14147,MITSUBISHI,2000,3.0,LPG,Automatic,100041,Minivan,12544,Delica
14148,TOYOTA,2014,2.5,Hybrid,Automatic,22804,Sedan,43905,Avalon
14149,CHEVROLET,2017,1.4,Petrol,Automatic,13567,Sedan,19287,Cruze LT
14150,FORD,2004,2.0,Diesel,Manual,77671,Microbus,12231,Transit
14151,CHEVROLET,2009,1.6,Petrol,Automatic,110504,Sedan,5175,Cruze
14152,CHEVROLET,2017,1.5,Hybrid,Automatic,47984,Hatchback,13172,Volt
14153,HYUNDAI,2014,2.5,Diesel,Automatic,129422,Minivan,31414,H1
14154,LEXUS,2010,4.6,Petrol,Automatic,171026,Jeep,15681,GX 460
14155,BMW,2004,3.0,Diesel,Tiptronic,196975,Jeep,17249,X5
14156,KIA,2015,2.4,Petrol,Automatic,36015,Sedan,4391,Optima
14157,HONDA,2009,3.5,Petrol,Automatic,159071,Pickup,30420,Ridgeline
14158,OPEL,2000,1.6,CNG,Manual,83885,Goods wagon,3136,Astra
14159,JEEP,2012,3.6,Petrol,Automatic,147393,Jeep,2117,Grand Cherokee
14160,HYUNDAI,2016,2.0,Petrol,Tiptronic,19263,Jeep,35752,Tucson
14161,TOYOTA,2020,3.5,Petrol,Automatic,1037,Sedan,31675,Tacoma
14162,TOYOTA,2012,1.8,Hybrid,Automatic,42779,Hatchback,18817,Prius V
14163,HYUNDAI,2014,2.5,Diesel,Automatic,71752,Minivan,30750,H1
14164,LEXUS,2016,2.0,Petrol,Automatic,36243,Sedan,3763,IS 200
14165,CHEVROLET,2012,2.0,Diesel,Automatic,142465,Jeep,13996,Orlando
14166,TOYOTA,2015,1.5,Hybrid,Automatic,79432,Hatchback,8163,Aqua
14167,SSANGYONG,2015,2.0,Diesel,Automatic,76617,Jeep,36219,REXTON
14168,HYUNDAI,2017,2.5,Diesel,Automatic,69919,Universal,47217,H1
14169,OPEL,1998,1.8,CNG,Manual,155343,Sedan,3920,Vectra
14170,VOLKSWAGEN,2013,3.6,Petrol,Automatic,62758,Sedan,27598,CC
14171,MERCEDES-BENZ,2011,3.5,Diesel,Automatic,105900,Coupe,15994,E 350
14172,HYUNDAI,2013,2.0,Diesel,Automatic,59030,Jeep,40983,Santa FE
14173,CHEVROLET,2011,1.4,Hybrid,Automatic,179438,Hatchback,2666,Volt
14174,OPEL,2007,1.9,Diesel,Manual,79535,Universal,10976,Vectra
14175,BMW,2014,2.0,Petrol,Automatic,36147,Sedan,23521,328
14176,LEXUS,2015,1.8,Hybrid,Automatic,58999,Hatchback,16935,CT 200h
14177,TOYOTA,2012,1.8,Hybrid,Variator,131731,Hatchback,15994,Prius
14178,HYUNDAI,2014,2.0,Diesel,Automatic,97936,Jeep,42692,Santa FE
14179,MITSUBISHI,2001,2.0,Petrol,Automatic,60894,Jeep,10000,Pajero IO
14180,HONDA,2019,3.5,Petrol,Automatic,8695,Sedan,19757,Odyssey
14181,CHEVROLET,2016,1.4,Petrol,Tiptronic,48467,Sedan,21000,Sonic
14182,KIA,2013,2.0,Petrol,Automatic,38438,Sedan,8467,Optima
14183,TOYOTA,2010,1.8,Hybrid,Automatic,105385,Hatchback,14113,Prius
14184,OPEL,2001,1.8,Petrol,Manual,621,Hatchback,3763,Astra
14185,VOLKSWAGEN,2012,2.5,Petrol,Tiptronic,111350,Sedan,9408,Passat
14186,MERCEDES-BENZ,1998,3.2,LPG,Automatic,129194,Sedan,2500,C 280
14187,NISSAN,2015,1.6,Petrol,Tiptronic,31690,Jeep,28225,Juke
14188,BMW,2015,3.0,Petrol,Automatic,127046,Jeep,15994,X5
14189,HYUNDAI,2011,3.0,LPG,Automatic,26446,Sedan,9722,Grandeur
14190,TOYOTA,2012,1.8,Hybrid,Automatic,73322,Sedan,21326,Prius
14191,HONDA,2010,1.5,Petrol,Automatic,1243,Hatchback,10976,FIT
14192,MITSUBISHI,1997,2.0,CNG,Manual,6904,Sedan,4704,Galant
14193,TOYOTA,2011,3.5,Hybrid,Automatic,212895,Jeep,1568,Highlander
14194,BMW,2013,2.0,Petrol,Tiptronic,109361,Sedan,27284,328
14195,MERCEDES-BENZ,2014,1.8,Petrol,Automatic,63628,Sedan,29793,C 180
14196,MERCEDES-BENZ,2017,3.5,Petrol,Automatic,34426,Jeep,7527,GLE 350
14197,BMW,2004,3.0,Petrol,Automatic,158450,Universal,16935,X5
14198,OPEL,2002,1.8,Petrol,Manual,118060,Hatchback,8154,Astra
14199,HYUNDAI,2011,2.5,Diesel,Automatic,77326,Minivan,22894,H1
14200,TOYOTA,2013,1.8,Hybrid,Automatic,56669,Hatchback,19444,Prius
14201,KIA,2016,2.4,Petrol,Automatic,83635,Sedan,1098,Optima
14202,FORD,2012,2.0,Petrol,Automatic,86495,Hatchback,9095,Focus
14203,FORD,2015,2.0,Petrol,Automatic,69403,Sedan,18660,Fusion TITANIUM
14204,HYUNDAI,2012,1.6,Petrol,Automatic,74772,Sedan,18826,Elantra
14205,HYUNDAI,2013,2.4,Hybrid,Automatic,134345,Sedan,1176,Sonata
14206,TOYOTA,2014,1.8,Hybrid,Automatic,73854,Hatchback,18817,Prius
14207,TOYOTA,2011,1.8,Hybrid,Automatic,98798,Sedan,20385,Prius V HIBRID
14208,DAEWOO,2010,1.8,Petrol,Automatic,44415,Sedan,6743,Lacetti
14209,TOYOTA,2012,1.5,Petrol,Automatic,108864,Hatchback,11967,Aqua
14210,HONDA,2017,1.5,Petrol,Automatic,17043,Hatchback,38762,FIT
14211,TOYOTA,2018,2.5,Petrol,Automatic,19018,Sedan,42337,Camry SE
14212,CHEVROLET,2012,1.0,Diesel,Automatic,102368,Jeep,18616,Orlando
14213,VOLKSWAGEN,2000,2.0,LPG,Manual,20505,Sedan,6115,Jetta
14214,HYUNDAI,2017,2.0,Diesel,Automatic,49710,Jeep,38157,Tucson
14215,MERCEDES-BENZ,2002,2.7,Diesel,Tiptronic,178333,Sedan,14740,E 270
14216,TOYOTA,2008,1.5,Hybrid,Automatic,139187,Sedan,12544,Prius
14217,NISSAN,2010,4.0,Petrol,Automatic,118060,Jeep,18503,X-Terra
14218,VOLKSWAGEN,2009,2.0,Petrol,Tiptronic,118060,Jeep,16935,Tiguan
14219,CHEVROLET,2013,2.0,Petrol,Automatic,23733,Sedan,14740,Malibu
14220,VOLVO,2006,2.5,Petrol,Tiptronic,105633,Jeep,11604,XC90 2.5turbo
14221,TOYOTA,2006,1.5,Hybrid,Variator,233635,Hatchback,11469,Prius
14222,CHEVROLET,2014,1.4,Hybrid,Automatic,86054,Hatchback,3763,Volt
14223,LEXUS,2012,3.5,Hybrid,Tiptronic,116196,Jeep,55823,RX 450
14224,HYUNDAI,2015,2.0,LPG,Automatic,174370,Sedan,10663,Sonata
14225,FORD,2002,2.4,Diesel,Manual,69041,Goods wagon,11604,Transit
14226,HYUNDAI,2014,2.5,Diesel,Automatic,28231,Minivan,20322,H1
14227,MERCEDES-BENZ,2003,3.2,Petrol,Automatic,131731,Sedan,11917,CLK 320
14228,TOYOTA,2012,2.5,Hybrid,Automatic,99033,Sedan,3136,Camry
14229,MERCEDES-BENZ,2004,2.0,CNG,Tiptronic,138966,Universal,2500,C 200 2.0
14230,HYUNDAI,2014,2.0,Diesel,Automatic,64470,Jeep,28589,Tucson
14231,BMW,2002,2.5,Petrol,Tiptronic,142915,Sedan,8154,525
14232,TOYOTA,2013,1.5,Hybrid,Automatic,27679,Universal,15988,Aqua
14233,HYUNDAI,2010,1.8,Petrol,Tiptronic,143164,Sedan,15367,Elantra
14234,TOYOTA,2019,2.5,Hybrid,Automatic,5981,Sedan,3450,Camry
14235,TOYOTA,2014,1.8,Hybrid,Automatic,94401,Hatchback,4391,Prius
14236,JEEP,2015,3.2,Petrol,Automatic,49213,Jeep,5959,Cherokee
14237,HYUNDAI,2011,2.0,Diesel,Automatic,88256,Jeep,27654,Tucson
14238,HYUNDAI,2010,2.0,Petrol,Automatic,181233,Sedan,1254,Elantra
14239,CHEVROLET,2017,1.4,Petrol,Automatic,27837,Sedan,17405,Cruze
14240,TOYOTA,2011,1.8,Hybrid,Automatic,50331,Hatchback,18189,Prius
14241,JEEP,2018,2.4,Petrol,Automatic,49887,Sedan,5175,Renegade
14242,HYUNDAI,2016,2.0,Diesel,Automatic,57469,Jeep,38445,Tucson
14243,HYUNDAI,2010,1.6,Petrol,Automatic,62999,Sedan,14834,Elantra
14244,BMW,2006,3.0,Petrol,Tiptronic,164042,Sedan,12544,530
14245,FORD,2011,2.0,Petrol,Automatic,86495,Sedan,13328,Focus SEL
14246,HYUNDAI,2017,2.5,Diesel,Automatic,59724,Universal,43655,H1
14247,HYUNDAI,2014,2.0,Diesel,Automatic,56556,Jeep,48998,Santa FE
14248,BMW,2013,3.0,Diesel,Automatic,85626,Jeep,1019,X5
14249,HYUNDAI,2011,2.0,Petrol,Automatic,73006,Coupe,15245,Genesis
14250,HYUNDAI,2013,2.0,Diesel,Automatic,116818,Jeep,29420,Santa FE
14251,BMW,2012,3.0,Petrol,Automatic,45733,Coupe,50178,640
14252,BMW,2011,3.0,Diesel,Tiptronic,90099,Jeep,32929,X5 35d
14253,HYUNDAI,2012,2.0,LPG,Automatic,93206,Sedan,18211,Sonata
14254,HONDA,2014,2.4,Petrol,Automatic,52185,Coupe,42880,Civic
14255,TOYOTA,2019,3.5,Petrol,Automatic,10900,Sedan,31047,Tacoma
14256,TOYOTA,2005,2.0,Petrol,Automatic,77671,Jeep,14113,RAV 4
14257,TOYOTA,2012,3.5,Petrol,Automatic,98935,Sedan,2038,Camry
14258,CHEVROLET,2014,2.0,Diesel,Automatic,104198,Sedan,13589,Cruze
14259,SSANGYONG,2014,2.0,Diesel,Automatic,65754,Jeep,27654,Korando
14260,LEXUS,2010,4.6,Petrol,Automatic,171026,Jeep,15681,GX 460
14261,FORD,2012,1.6,Petrol,Automatic,66611,Hatchback,10036,Fiesta
14262,LEXUS,2016,1.8,Hybrid,Automatic,9321,Hatchback,39201,CT 200h
14263,TOYOTA,2010,1.8,Hybrid,Automatic,113897,Sedan,18817,Prius
14264,JEEP,2013,3.0,Diesel,Automatic,127996,Sedan,39750,Grand Cherokee
14265,FORD,2013,3.6,Petrol,Manual,97053,Coupe,23521,Mustang
14266,HONDA,2018,1.5,Petrol,Automatic,16929,Hatchback,60499,Civic
14267,VOLKSWAGEN,2012,2.5,Petrol,Tiptronic,50403,Sedan,20450,Passat
14268,HYUNDAI,2014,1.6,Diesel,Automatic,24000,Hatchback,11287,Accent
14269,SSANGYONG,2016,1.6,Petrol,Automatic,75201,Jeep,31744,Actyon
14270,SSANGYONG,2016,1.6,Petrol,Automatic,16156,Jeep,43868,Actyon
14271,CHEVROLET,2014,1.4,Plug-in Hybrid,Automatic,43745,Hatchback,26030,Volt
14272,TOYOTA,2007,1.5,Hybrid,Automatic,83885,Sedan,12544,Prius
14273,TOYOTA,2014,1.5,Hybrid,Automatic,35076,Hatchback,26795,Aqua
14274,HYUNDAI,2012,2.2,Diesel,Tiptronic,60894,Jeep,36065,Santa FE
14275,CHEVROLET,2016,1.0,Petrol,Automatic,20405,Hatchback,11917,Spark
14276,BMW,2016,3.0,Petrol,Automatic,38646,Coupe,44533,M4
14277,LEXUS,2011,3.5,Hybrid,Automatic,55923,Jeep,44846,RX 450
14278,MERCEDES-BENZ,2006,3.5,Petrol,Automatic,78728,Jeep,25500,ML 350
14279,HONDA,2009,1.3,Hybrid,Automatic,82301,Sedan,11290,Insight
14280,TOYOTA,2013,1.5,Hybrid,Automatic,25476,Hatchback,12231,Aqua
14281,MERCEDES-BENZ,2009,2.2,Diesel,Manual,111847,Minivan,28852,Viano
14282,CHEVROLET,2002,1.3,Petrol,Automatic,85749,Hatchback,7683,Cruze S
14283,TOYOTA,2015,1.5,Petrol,Automatic,50952,Hatchback,16960,Aqua
14284,HYUNDAI,2016,2.5,Diesel,Automatic,63590,Universal,42171,H1
14285,HYUNDAI,2016,1.6,Petrol,Automatic,52080,Sedan,20814,Elantra
14286,HYUNDAI,2014,2.0,Diesel,Automatic,105129,Jeep,38311,Santa FE
14287,TOYOTA,2019,3.5,Petrol,Automatic,11530,Sedan,26971,Tacoma
14288,MERCEDES-BENZ,2007,3.5,Petrol,Tiptronic,8637,Jeep,22580,ML 350
14289,NISSAN,2015,1.6,Petrol,Automatic,54976,Jeep,3763,Juke
14290,OPEL,1998,1.6,Petrol,Manual,18641,Hatchback,7840,Astra
14291,TOYOTA,2013,3.5,Hybrid,Tiptronic,230653,Jeep,24462,Highlander
14292,TOYOTA,2013,1.8,Hybrid,Automatic,55923,Hatchback,12541,Prius
14293,MERCEDES-BENZ,2008,3.0,Petrol,Tiptronic,15845,Cabriolet,39201,SLK 350 300
14294,HYUNDAI,2013,1.6,Petrol,Automatic,35260,Sedan,26149,Elantra
14295,TOYOTA,2010,1.8,Hybrid,Variator,118060,Sedan,8467,Prius
14296,HYUNDAI,2017,2.0,Diesel,Automatic,92962,Jeep,36401,Tucson
14297,VOLKSWAGEN,2012,2.5,Petrol,Tiptronic,6835,Sedan,12544,Jetta
14298,HYUNDAI,2014,2.5,Diesel,Automatic,89477,Minivan,28391,H1
14299,TOYOTA,2012,2.5,Hybrid,Automatic,97256,Sedan,3607,Camry
14300,JEEP,2013,2.4,Petrol,Automatic,62220,Jeep,30241,Compass
14301,MITSUBISHI,2000,2.2,Diesel,Manual,114954,Jeep,13172,Pajero
14302,TOYOTA,2018,2.0,Petrol,Automatic,11653,Jeep,27598,CHR
14303,FORD,1996,2.5,Diesel,Manual,116818,Microbus,15053,Transit
14304,VOLKSWAGEN,2007,1.6,Petrol,Manual,6904,Sedan,11917,Jetta
14305,DAEWOO,2010,2.0,Diesel,Automatic,102136,Sedan,8386,Lacetti
14306,TOYOTA,2014,2.5,Hybrid,Automatic,68225,Sedan,5488,Camry
14307,HYUNDAI,2014,2.4,Petrol,Tiptronic,74565,Jeep,35124,Santa FE
14308,HYUNDAI,2016,2.0,Diesel,Automatic,63574,Jeep,53154,Santa FE
14309,HONDA,2003,2.4,LPG,Automatic,140430,Minivan,7840,Odyssey
14310,VOLKSWAGEN,1999,1.8,Petrol,Manual,224749,Sedan,2509,Passat
14311,BMW,2000,2.0,Petrol,Manual,483,Sedan,6272,320
14312,BMW,2008,3.0,Petrol,Automatic,152236,Jeep,24148,X5
14313,MERCEDES-BENZ,2012,1.8,Petrol,Automatic,97431,Sedan,28225,C 250
14314,TOYOTA,2010,2.4,Hybrid,Automatic,80262,Sedan,1882,Camry
14315,HYUNDAI,2018,1.6,Petrol,Automatic,36360,Sedan,34074,Elantra
14316,PEUGEOT,1998,1.1,Petrol,Manual,204183,Hatchback,3136,206
14317,HYUNDAI,2016,2.0,LPG,Automatic,202032,Sedan,11290,Sonata
14318,FORD,2014,2.0,Petrol,Automatic,74565,Sedan,15367,Fusion
14319,HONDA,2016,2.0,Petrol,Automatic,33516,Coupe,45204,Civic
14320,LEXUS,2012,1.8,Hybrid,Automatic,47490,Hatchback,3450,CT 200h
14321,OPEL,2007,1.7,Diesel,Manual,124274,Sedan,10036,Astra H
14322,MERCEDES-BENZ,2012,1.8,Petrol,Tiptronic,22369,Coupe,40769,C 250
14323,HONDA,2017,1.3,Petrol,Automatic,41632,Hatchback,30906,FIT
14324,MERCEDES-BENZ,2014,3.5,Diesel,Automatic,124385,Sedan,30734,E 350
14325,DAEWOO,2010,1.6,Petrol,Automatic,95638,Sedan,8963,Lacetti
14326,LEXUS,2008,3.3,Hybrid,Variator,188897,Jeep,29793,RX 400 H
14327,SSANGYONG,2011,2.0,Diesel,Automatic,100325,Jeep,21326,Korando
14328,VOLKSWAGEN,2002,1.4,LPG,Automatic,78293,Hatchback,7840,Polo
14329,MERCEDES-BENZ,2007,2.2,Diesel,Manual,178618,Sedan,19757,E 220
14330,HONDA,2015,1.5,Hybrid,Automatic,30616,Sedan,4861,Civic
14331,HYUNDAI,2017,2.5,Diesel,Automatic,59724,Universal,43655,H1
14332,HYUNDAI,2012,1.6,Petrol,Automatic,69994,Sedan,18826,Elantra
14333,MERCEDES-BENZ,2001,3.2,Petrol,Automatic,144779,Sedan,12544,E 320
14334,MERCEDES-BENZ,2009,3.0,Diesel,Tiptronic,161556,Jeep,39201,ML 320
14335,BMW,2000,4.4,Petrol,Tiptronic,121561,Jeep,6272,X5
14336,SUBARU,2011,2.5,Petrol,Tiptronic,63380,Jeep,6272,Forester
14337,KIA,2012,2.0,LPG,Tiptronic,27962,Sedan,18817,Optima k5
14338,HONDA,2008,1.3,Petrol,Tiptronic,108119,Hatchback,9252,FIT
14339,TOYOTA,2014,2.5,Petrol,Tiptronic,67108,Sedan,22580,Camry se
14340,TOYOTA,2012,1.5,Hybrid,Tiptronic,62137,Sedan,11290,Prius C
14341,HYUNDAI,2011,1.6,Petrol,Automatic,32482,Sedan,13808,Elantra
14342,TOYOTA,2011,2.5,Petrol,Tiptronic,134216,Sedan,18189,Camry
14343,BMW,2012,4.4,Petrol,Tiptronic,119303,Jeep,31361,X5 Sport
14344,MAZDA,2019,2.5,Petrol,Automatic,35163,Jeep,63349,CX-5
14345,CHEVROLET,2014,1.4,Hybrid,Automatic,119379,Hatchback,2117,Volt
14346,MITSUBISHI,2013,2.0,Petrol,Variator,37779,Jeep,23521,Outlander Sport
14347,MERCEDES-BENZ,2012,3.0,Diesel,Automatic,10552,Jeep,33870,ML 350
14348,NISSAN,2005,1.5,Petrol,Automatic,98177,Hatchback,4704,Note
14349,CHEVROLET,2016,3.6,Petrol,Automatic,63263,Sedan,46891,Impala
14350,TOYOTA,2013,2.5,Hybrid,Variator,46603,Sedan,25089,Camry
14351,CHEVROLET,2016,1.5,Petrol,Automatic,59083,Sedan,16465,Malibu LT
14352,HYUNDAI,2013,2.4,Hybrid,Automatic,100662,Sedan,17876,Sonata
14353,TOYOTA,2007,2.2,Diesel,Manual,96934,Jeep,21326,RAV 4
14354,SUBARU,2007,2.5,LPG,Tiptronic,89144,Universal,14113,Outback
14355,HYUNDAI,2016,1.8,Petrol,Automatic,45374,Sedan,1019,Elantra
14356,HYUNDAI,2014,1.8,Petrol,Tiptronic,41010,Sedan,17249,Elantra
14357,HYUNDAI,2014,2.4,Petrol,Automatic,26272,Jeep,12701,Santa FE
14358,MAZDA,2015,2.5,Petrol,Automatic,88732,Sedan,1176,1000
14359,HYUNDAI,2015,2.0,LPG,Automatic,231128,Sedan,12544,Sonata
14360,LEXUS,2013,1.8,Hybrid,Automatic,116938,Hatchback,1725,CT 200h
14361,BMW,2012,3.0,Diesel,Automatic,44114,Jeep,34811,X5
14362,TOYOTA,2012,1.8,Hybrid,Variator,114332,Hatchback,19130,Prius
14363,TOYOTA,2017,1.5,Petrol,Automatic,6959,Hatchback,36235,Aqua
14364,AUDI,2016,2.0,Petrol,Automatic,46096,Jeep,20385,Q3
14365,HYUNDAI,2010,2.0,LPG,Automatic,69894,Sedan,7222,Sonata
14366,BMW,2012,2.0,Petrol,Tiptronic,55923,Sedan,32929,528
14367,CHEVROLET,2015,2.2,Diesel,Automatic,35600,Jeep,28589,Captiva
14368,HYUNDAI,2014,2.5,Diesel,Automatic,77578,Minivan,36636,H1
14369,VOLKSWAGEN,2003,2.0,Petrol,Manual,34175,Sedan,6200,Jetta
14370,CHEVROLET,2014,2.0,Diesel,Automatic,61245,Jeep,22279,Orlando
14371,MERCEDES-BENZ,2011,3.5,Diesel,Automatic,74179,Sedan,16621,E 350
14372,BMW,2009,3.0,Petrol,Tiptronic,105633,Sedan,22894,528 3.0
14373,VOLKSWAGEN,2012,2.0,Diesel,Tiptronic,60316,Sedan,11290,Passat
14374,FORD,2000,2.0,Petrol,Automatic,136702,Sedan,2666,Focus
14375,SSANGYONG,2016,1.6,Diesel,Automatic,34685,Jeep,43868,Actyon
14376,DODGE,2011,2.0,Petrol,Automatic,104493,Hatchback,1646,Caliber
14377,CHEVROLET,2014,1.8,Petrol,Automatic,94448,Sedan,7527,Cruze
14378,TOYOTA,2019,2.5,Hybrid,Automatic,5981,Sedan,3450,Camry
14379,FORD,2018,2.3,Petrol,Automatic,16555,Sedan,12858,Mustang
14380,HYUNDAI,2012,2.4,Petrol,Tiptronic,104390,Jeep,24148,Tucson
14381,TOYOTA,2018,2.5,Hybrid,Automatic,79234,Sedan,9722,Camry
14382,HYUNDAI,2012,1.8,Petrol,Automatic,53314,Sedan,15681,Elantra
14383,CHEVROLET,2013,2.0,Diesel,Automatic,110520,Jeep,17158,Orlando
14384,BMW,2001,3.0,CNG,Manual,2071,Jeep,12231,X5
14385,MITSUBISHI,2008,3.0,Petrol,Tiptronic,95443,Jeep,21012,Outlander
14386,HYUNDAI,2015,2.0,Diesel,Automatic,115088,Jeep,37232,Santa FE
14387,HYUNDAI,2015,2.4,Petrol,Automatic,80778,Sedan,18817,Sonata
14388,MERCEDES-BENZ,2011,3.5,Diesel,Automatic,40076,Sedan,13642,E 350
14389,TOYOTA,2012,2.7,Petrol,Tiptronic,65741,Minivan,25716,Sienna
14390,BMW,1999,1.6,Petrol,Automatic,14292,Sedan,9408,318
14391,HYUNDAI,2015,2.5,Diesel,Automatic,78931,Universal,35269,H1
14392,GREATWALL,2014,1.5,Petrol,Manual,48259,Sedan,10036,C30
14393,HONDA,2014,1.3,Petrol,Automatic,186411,Hatchback,12544,Insight
14394,TOYOTA,2009,1.5,Hybrid,Automatic,107630,Hatchback,6586,Prius
14395,TOYOTA,2005,4.0,LPG,Automatic,169013,Pickup,32929,Tacoma
14396,TOYOTA,2014,1.5,Hybrid,Automatic,59030,Hatchback,14113,Aqua
14397,SUBARU,2007,2.0,Petrol,Automatic,117370,Universal,7213,Outback 2007
14398,HYUNDAI,2018,1.7,Diesel,Automatic,13732,Jeep,51523,Tucson
14399,TOYOTA,2014,1.8,Hybrid,Automatic,131952,Hatchback,3136,Prius
14400,MITSUBISHI,2004,1.3,Petrol,Automatic,186411,Sedan,7527,Colt
14401,MERCEDES-BENZ,1997,2.4,Diesel,Manual,80778,Microbus,10973,Sprinter
14402,LEXUS,2013,3.5,Hybrid,Automatic,85773,Jeep,1019,RX 450
14403,HYUNDAI,2019,2.0,Petrol,Automatic,6150,Sedan,19757,Elantra
14404,TOYOTA,2007,2.0,Petrol,Automatic,621,Minivan,10976,ISIS
14405,TOYOTA,2006,1.3,Petrol,Variator,93827,Hatchback,10036,Vitz
14406,OPEL,2005,1.6,Petrol,Manual,46603,Hatchback,10976,Astra
14407,MERCEDES-BENZ,2006,2.2,Diesel,Manual,130488,Microbus,29166,Sprinter 313
14408,BMW,2009,3.0,Petrol,Tiptronic,80778,Coupe,17249,330
14409,HYUNDAI,2014,1.8,Petrol,Tiptronic,37531,Sedan,16621,Elantra se
14410,MERCEDES-BENZ,2009,3.5,Diesel,Automatic,165323,Sedan,1411,E 350
14411,HYUNDAI,2013,2.0,Petrol,Automatic,120676,Sedan,16308,Sonata
14412,FORD,2008,1.8,Diesel,Manual,137323,Goods wagon,10976,Transit Connect
14413,FORD,2007,2.3,Hybrid,Automatic,122410,Jeep,11917,Escape
14414,HYUNDAI,2017,2.0,Petrol,Automatic,72063,Sedan,4547,Elantra
14415,OPEL,1997,1.6,CNG,Manual,158450,Goods wagon,3800,Astra
14416,FORD,2014,2.0,Hybrid,Automatic,60850,Sedan,13799,Fusion HYBRID SE
14417,MITSUBISHI,2015,1.2,Petrol,Tiptronic,49710,Hatchback,10036,Mirage
14418,VOLKSWAGEN,2011,2.5,Petrol,Automatic,51574,Sedan,12544,Jetta
14419,SSANGYONG,2017,1.6,Petrol,Automatic,32107,Jeep,43952,Actyon
14420,NISSAN,2018,1.6,Petrol,Automatic,4031,Sedan,15681,Versa SE
14421,TOYOTA,2013,2.5,Petrol,Tiptronic,44739,Sedan,21326,Camry
14422,HYUNDAI,2017,2.4,Petrol,Automatic,150124,Sedan,1882,Sonata
14423,HYUNDAI,2014,2.0,Diesel,Automatic,94488,Jeep,26306,Tucson
14424,MERCEDES-BENZ,2014,3.5,Petrol,Automatic,77670,Jeep,12858,GLK 350
14425,MERCEDES-BENZ,2010,3.5,Petrol,Automatic,127983,Sedan,1646,E 350
14426,HYUNDAI,2015,2.4,Hybrid,Automatic,48361,Sedan,4861,Sonata
14427,HONDA,2011,1.3,Petrol,Automatic,100662,Hatchback,7213,FIT
14428,HONDA,2015,2.4,Petrol,Automatic,41383,Sedan,52520,Civic
14429,HYUNDAI,2011,1.6,Petrol,Automatic,78251,Sedan,15323,Elantra
14430,TOYOTA,2012,1.5,Hybrid,Automatic,94378,Hatchback,7310,Aqua
14431,MERCEDES-BENZ,2015,2.0,Petrol,Automatic,99375,Jeep,12858,GLA 250
14432,HYUNDAI,2012,2.0,Petrol,Automatic,81789,Sedan,15035,Sonata
14433,HYUNDAI,2015,2.0,LPG,Automatic,31860,Sedan,15367,Sonata
14434,SSANGYONG,2017,1.6,Petrol,Automatic,72125,Jeep,40926,Actyon
14435,MERCEDES-BENZ,2011,1.7,Petrol,Automatic,72700,Universal,9500,B 180
14436,DAIHATSU,2012,0.7,Petrol,Variator,64001,Hatchback,6400,Mira
14437,DAEWOO,2010,1.8,Petrol,Automatic,32674,Sedan,7260,Lacetti
14438,MERCEDES-BENZ,2014,3.5,Diesel,Automatic,136099,Sedan,29793,E 350
14439,MERCEDES-BENZ,1996,2.3,CNG,Manual,213752,Sedan,5645,E 230
14440,HYUNDAI,2016,1.8,Petrol,Automatic,54748,Sedan,32274,Elantra
14441,CHEVROLET,2016,1.4,Petrol,Tiptronic,22059,Sedan,20385,Cruze
14442,HYUNDAI,2014,2.5,Diesel,Automatic,79535,Minivan,24433,H1
14443,SUBARU,2006,1.5,Petrol,Automatic,118060,Sedan,7056,Impreza
14444,KIA,2013,2.4,Hybrid,Automatic,54991,Sedan,20385,Optima
14445,MERCEDES-BENZ,2011,3.5,Diesel,Automatic,105900,Coupe,15994,E 350
14446,MERCEDES-BENZ,2004,2.2,Diesel,Manual,345,Minivan,20385,Vito Exstralong
14447,TOYOTA,2016,2.5,Petrol,Automatic,36661,Sedan,34497,Camry
14448,HYUNDAI,2015,1.6,Petrol,Automatic,39457,Sedan,21326,Veloster
14449,SSANGYONG,2017,1.6,Petrol,Automatic,17672,Jeep,45633,Actyon
14450,VOLKSWAGEN,2015,1.8,Petrol,Manual,14292,Sedan,19757,Jetta
14451,HYUNDAI,2016,2.4,Petrol,Automatic,15870,Sedan,24462,Sonata sport
14452,TOYOTA,2018,2.5,Petrol,Tiptronic,11806,Sedan,57077,Camry
14453,FORD,2013,3.7,Petrol,Tiptronic,93206,Coupe,31988,Mustang
14454,AUDI,2012,2.0,Petrol,Tiptronic,54059,Universal,42024,Allroad
14455,CHEVROLET,2011,1.8,Petrol,Automatic,102394,Sedan,9829,Cruze
14456,MERCEDES-BENZ,2002,2.6,LPG,Tiptronic,192625,Sedan,8467,C 240 W 203
14457,HYUNDAI,2014,2.5,Diesel,Automatic,89477,Minivan,28391,H1
14458,HYUNDAI,2016,2.0,Diesel,Automatic,105716,Jeep,38838,Santa FE
14459,BMW,2007,3.0,Petrol,Tiptronic,14292,Jeep,21953,X5
14460,VAZ,1998,1.7,CNG,Manual,6214,Sedan,6272,2106
14461,HYUNDAI,2010,2.5,Diesel,Automatic,28446,Minivan,26196,H1
14462,DAEWOO,2009,1.6,Petrol,Automatic,51574,Sedan,8643,Lacetti
14463,VOLKSWAGEN,2013,2.5,Petrol,Automatic,114842,Sedan,1882,Jetta
14464,HYUNDAI,2013,2.4,Petrol,Automatic,51582,Sedan,2509,Sonata
14465,HYUNDAI,2016,2.0,Diesel,Automatic,74092,Jeep,53154,Santa FE
14466,MERCEDES-BENZ,2002,2.7,Diesel,Tiptronic,186411,Sedan,9408,E 270
14467,VOLKSWAGEN,2015,1.4,Petrol,Tiptronic,43496,Sedan,17249,Jetta sport
14468,MERCEDES-BENZ,2011,3.0,Diesel,Automatic,169750,Sedan,9879,E 350
14469,LEXUS,2012,3.5,Petrol,Tiptronic,32933,Jeep,51746,RX 350
14470,CHEVROLET,2011,3.0,Petrol,Tiptronic,119303,Jeep,16621,Equinox
14471,MERCEDES-BENZ,2009,2.2,Diesel,Manual,108740,Microbus,20385,Sprinter
14472,OPEL,1999,1.8,Petrol,Manual,123653,Hatchback,7840,Astra
14473,TOYOTA,2008,1.5,Hybrid,Variator,152857,Hatchback,12544,Prius
14474,LEXUS,2012,4.6,Petrol,Automatic,158702,Jeep,54568,GX 460
14475,HYUNDAI,2015,1.8,Petrol,Tiptronic,59652,Sedan,17405,Elantra
14476,HYUNDAI,2014,1.8,Petrol,Tiptronic,80530,Sedan,18817,Elantra
14477,LEXUS,2012,1.8,Hybrid,Automatic,108184,Hatchback,1490,CT 200h
14478,BMW,2005,4.4,Petrol,Automatic,72700,Jeep,17249,X5
14479,HONDA,2016,1.5,Petrol,Automatic,33946,Sedan,37959,Civic
14480,TOYOTA,2019,3.5,Petrol,Automatic,10900,Sedan,31047,Tacoma
14481,HYUNDAI,2014,2.0,LPG,Automatic,202461,Sedan,10036,Sonata
14482,TOYOTA,2010,3.3,Hybrid,Automatic,140553,Sedan,1725,Highlander
14483,VOLKSWAGEN,2012,1.0,Petrol,Automatic,29204,Hatchback,6899,UP
14484,HYUNDAI,2015,1.6,Diesel,Automatic,32246,Sedan,18776,Elantra
14485,TOYOTA,2012,1.5,Petrol,Automatic,43434,Hatchback,27679,Aqua
14486,TOYOTA,2012,3.5,Hybrid,Automatic,225594,Jeep,1490,Highlander
14487,TOYOTA,2008,3.3,Hybrid,Automatic,207795,Sedan,12544,Highlander
14488,HONDA,2011,2.0,Petrol,Automatic,68351,Minivan,10036,Step Wagon
14489,TOYOTA,2010,1.3,Petrol,Automatic,90938,Hatchback,10349,Vitz
14490,TOYOTA,2012,2.5,Hybrid,Automatic,133034,Sedan,4077,Camry
14491,JAGUAR,1999,3.0,Petrol,Tiptronic,690,Sedan,7840,S-type
14492,BMW,2013,2.0,Petrol,Automatic,117600,Sedan,1725,328
14493,PORSCHE,2004,4.5,Petrol,Tiptronic,165036,Jeep,23521,Cayenne
14494,BMW,2009,3.0,Petrol,Tiptronic,103148,Coupe,8154,328
14495,MERCEDES-BENZ,2014,3.5,Diesel,Automatic,124385,Sedan,30734,E 350
14496,MERCEDES-BENZ,2014,2.2,Diesel,Manual,107497,Minivan,45473,Vito Extralong
14497,HONDA,2010,1.3,Hybrid,Tiptronic,67108,Hatchback,12858,Insight
14498,NISSAN,2005,1.5,CNG,Automatic,95824,Sedan,8467,Tiida
14499,HYUNDAI,2012,2.4,Hybrid,Automatic,129635,Sedan,4234,Sonata
14500,HYUNDAI,2016,2.0,Petrol,Tiptronic,33138,Sedan,18189,Elantra
14501,VOLKSWAGEN,2015,1.8,Petrol,Tiptronic,39471,Sedan,20385,Passat
14502,MERCEDES-BENZ,2001,1.9,Petrol,Automatic,91342,Sedan,5488,A 190
14503,LEXUS,2010,3.5,Hybrid,Automatic,115578,Jeep,14269,RX 450
14504,HYUNDAI,2010,2.5,Diesel,Automatic,52611,Minivan,24932,H1
14505,MERCEDES-BENZ,2001,2.6,Petrol,Tiptronic,90099,Sedan,8781,C 240
14506,HYUNDAI,2009,1.6,Petrol,Automatic,66959,Hatchback,6272,I30
14507,AUDI,2014,2.0,Petrol,Automatic,76826,Sedan,3293,A4
14508,AUDI,2016,2.0,Diesel,Tiptronic,60894,Sedan,46258,A4
14509,HYUNDAI,2016,2.0,Diesel,Automatic,75261,Jeep,43049,Santa FE
14510,TOYOTA,2012,1.5,Hybrid,Automatic,54059,Sedan,8781,Aqua
14511,VOLKSWAGEN,2014,1.8,Petrol,Variator,68102,Sedan,17562,Jetta
14512,SUBARU,2005,2.5,Petrol,Tiptronic,105633,Universal,10976,Outback
14513,FIAT,2012,1.4,Petrol,Automatic,107072,Hatchback,1176,500
14514,MERCEDES-BENZ,2009,3.5,Petrol,Tiptronic,129245,Sedan,18817,E 350
14515,MERCEDES-BENZ,2012,3.5,Petrol,Tiptronic,11185,Sedan,34497,E 350
14516,HONDA,2017,1.5,Petrol,Automatic,5592,Hatchback,42538,FIT
14517,BMW,1999,1.9,Petrol,Manual,159692,Sedan,7300,318
14518,HYUNDAI,2012,2.0,Diesel,Automatic,123632,Jeep,20764,Santa FE
14519,HYUNDAI,2011,2.0,Diesel,Automatic,87288,Jeep,21181,Tucson
14520,HYUNDAI,2012,2.0,Diesel,Automatic,32123,Jeep,17092,Tucson
14521,SSANGYONG,2014,2.0,Diesel,Automatic,117672,Jeep,25889,REXTON
14522,TOYOTA,2016,1.5,Hybrid,Automatic,56428,Hatchback,11481,Aqua
14523,BMW,2011,3.5,Petrol,Tiptronic,83015,Jeep,39201,X6
14524,VOLKSWAGEN,2015,1.8,Petrol,Tiptronic,48467,Sedan,14113,Jetta
14525,OPEL,1998,1.6,Petrol,Manual,186411,Sedan,5018,Vectra
14526,AUDI,2005,3.2,Petrol,Tiptronic,159071,Sedan,12231,A6
14527,MAZDA,2014,2.5,Petrol,Automatic,80157,Sedan,18189,Mazda 6
14528,MINI,2012,1.6,Petrol,Tiptronic,93426,Jeep,16900,Countryman
14529,TOYOTA,2017,2.5,Petrol,Tiptronic,44739,Sedan,32929,Camry
14530,MITSUBISHI,2002,3.0,Petrol,Automatic,109361,Coupe,12231,Montero Sport
14531,CHEVROLET,2007,2.0,Diesel,Automatic,49090,Jeep,6272,Captiva
14532,BMW,2000,3.0,Petrol,Tiptronic,169634,Sedan,9722,530 i
14533,HONDA,2010,1.5,Petrol,Automatic,103148,Hatchback,14113,FIT
14534,NISSAN,2005,3.5,LPG,Tiptronic,67729,Sedan,12544,Fuga
14535,CHEVROLET,2012,1.8,Petrol,Automatic,37904,Sedan,18948,Cruze
14536,LEXUS,2010,3.5,Hybrid,Automatic,115578,Jeep,13328,RX 450
14537,CHEVROLET,2010,2.0,Diesel,Automatic,41936,Sedan,6241,Cruze
14538,TOYOTA,2013,1.5,Hybrid,Variator,62137,Hatchback,14113,Aqua
14539,SUBARU,2003,2.0,Petrol,Manual,100041,Sedan,8154,Legacy
14540,TOYOTA,2014,1.5,Hybrid,Automatic,100662,Hatchback,13799,Aqua
14541,TOYOTA,2013,1.5,Petrol,Variator,40389,Sedan,18817,Prius C
14542,HYUNDAI,2014,2.5,Diesel,Automatic,84948,Minivan,30784,H1
14543,LEXUS,2015,3.5,Petrol,Automatic,50242,Sedan,2352,IS 350
14544,HYUNDAI,2014,2.0,Diesel,Automatic,43499,Jeep,44878,Santa FE
14545,HYUNDAI,2014,2.5,Diesel,Automatic,93206,Minivan,33575,H1
14546,LEXUS,2013,1.8,Hybrid,Automatic,116938,Hatchback,1725,CT 200h
14547,VOLKSWAGEN,2015,1.4,Petrol,Tiptronic,43188,Sedan,11666,Jetta SE
14548,TOYOTA,2016,2.5,Petrol,Tiptronic,39768,Jeep,45473,RAV 4
14549,HYUNDAI,2010,1.6,Petrol,Automatic,51868,Sedan,12777,Elantra
14550,HYUNDAI,2016,1.6,Petrol,Automatic,20254,Sedan,18817,Elantra
14551,HYUNDAI,2017,1.6,Petrol,Automatic,15929,Sedan,1019,Elantra
14552,TOYOTA,2013,2.5,Hybrid,Automatic,81648,Sedan,14583,Camry
14553,FORD,2013,3.5,Petrol,Automatic,68624,Sedan,26701,Taurus
14554,HYUNDAI,2011,2.0,LPG,Automatic,28335,Sedan,7527,Sonata
14555,TOYOTA,2017,1.8,Hybrid,Tiptronic,20505,Sedan,37633,Prius
14556,HYUNDAI,2012,2.0,Diesel,Automatic,94445,Jeep,24543,Tucson
14557,TOYOTA,2014,2.5,Petrol,Automatic,92165,Jeep,28225,RAV 4
14558,TOYOTA,2013,1.5,Hybrid,Automatic,34175,Hatchback,18503,Aqua
14559,SSANGYONG,2011,2.0,Diesel,Automatic,79642,Jeep,20266,Korando
14560,KIA,2012,2.4,Petrol,Automatic,83018,Sedan,1176,Optima
14561,LEXUS,2011,4.6,Petrol,Automatic,99505,Jeep,43278,GX 460
14562,MERCEDES-BENZ,2000,1.7,Diesel,Manual,116196,Sedan,7500,A 170
14563,TOYOTA,2013,2.5,Petrol,Tiptronic,49710,Sedan,11200,Camry
14564,TOYOTA,2010,1.8,Hybrid,Automatic,100041,Hatchback,14269,Prius
14565,HYUNDAI,2010,2.0,Diesel,Automatic,27261,Jeep,13485,Santa FE
14566,DAEWOO,2009,1.6,Petrol,Automatic,31410,Sedan,6899,Lacetti
14567,FORD,2013,2.0,Hybrid,Variator,62973,Sedan,19444,C-MAX
14568,NISSAN,2005,1.3,Petrol,Automatic,83264,Hatchback,7213,Note
14569,TOYOTA,2010,1.8,Hybrid,Variator,100662,Hatchback,16308,Prius
14570,FORD,2016,2.0,Hybrid,Automatic,98611,Sedan,8781,Fusion
14571,CHEVROLET,2007,2.0,Diesel,Automatic,50616,Jeep,6115,Captiva
14572,TOYOTA,2014,1.5,Petrol,Automatic,22991,Hatchback,10976,Aqua
14573,SUZUKI,2002,2.0,Petrol,Automatic,208781,Jeep,7213,Grand Vitara
14574,LEXUS,2013,4.6,Petrol,Automatic,95763,Jeep,1490,GX 470
14575,HYUNDAI,2018,2.0,LPG,Automatic,196478,Sedan,12231,Sonata
14576,HYUNDAI,2017,2.0,Diesel,Automatic,53152,Jeep,51075,Tucson
14577,LEXUS,2016,2.0,Petrol,Automatic,39980,Sedan,7683,IS 200
14578,HYUNDAI,2009,2.0,Petrol,Automatic,94935,Coupe,14294,Genesis
14579,HYUNDAI,2013,1.6,Petrol,Automatic,48860,Sedan,19121,Elantra
14580,BMW,2011,3.0,Petrol,Tiptronic,113711,Sedan,26657,535
14581,HONDA,2010,1.3,Hybrid,Automatic,87231,Hatchback,13015,Insight EX
14582,HYUNDAI,2017,2.4,Petrol,Tiptronic,38774,Jeep,39515,Santa FE
14583,HONDA,2019,1.5,Petrol,Automatic,952,Hatchback,18817,FIT LX
14584,KIA,2007,2.0,Diesel,Automatic,42949,Jeep,7370,Sportage
14585,TOYOTA,2019,2.0,Petrol,Automatic,48730,Jeep,5488,CHR
14586,HYUNDAI,2011,2.0,Petrol,Automatic,105487,Sedan,3607,Sonata
14587,BMW,2000,4.4,Petrol,Tiptronic,621,Jeep,8781,X5
14588,SUZUKI,2013,2.0,Petrol,Variator,100662,Minivan,14800,Every Landy NISSAN SEREN
14589,CHEVROLET,2014,2.0,Diesel,Automatic,89113,Jeep,23339,Captiva
14590,HYUNDAI,2014,1.8,Petrol,Tiptronic,69594,Sedan,16308,Elantra
14591,CHEVROLET,2015,2.0,Petrol,Automatic,20526,Sedan,14113,Malibu
14592,MERCEDES-BENZ,2012,4.6,Diesel,Automatic,112256,Jeep,1725,ML 350
14593,HONDA,2015,1.3,Petrol,Automatic,64544,Hatchback,13702,FIT
14594,OPEL,2002,1.8,Petrol,Manual,186411,Coupe,5018,Astra
14595,HYUNDAI,2013,2.4,Petrol,Tiptronic,77050,Jeep,18503,Tucson
14596,FORD,1996,1.8,Petrol,Manual,6904,Hatchback,2200,Mondeo
14597,TOYOTA,2017,4.6,Petrol,Automatic,118604,Sedan,6429,Tundra
14598,TOYOTA,2013,2.5,Hybrid,Automatic,118402,Sedan,5018,Camry
14599,HYUNDAI,2018,1.6,Diesel,Automatic,12895,Sedan,22894,Elantra
14600,SUBARU,2012,2.5,Petrol,Automatic,85749,Jeep,12544,Forester
14601,CHEVROLET,2015,2.0,Diesel,Automatic,37904,Jeep,34127,Orlando
14602,MINI,2011,1.6,Petrol,Tiptronic,103769,Jeep,24148,Countryman
14603,HONDA,2015,1.8,Petrol,Automatic,37687,Sedan,1176,Civic
14604,HYUNDAI,2013,2.4,Hybrid,Tiptronic,37904,Sedan,15053,Sonata
14605,HYUNDAI,2016,2.5,Diesel,Automatic,83069,Universal,44843,H1
14606,HYUNDAI,2014,2.0,LPG,Automatic,39519,Sedan,10192,Sonata
14607,FORD,1997,2.5,Diesel,Manual,6904,Goods wagon,10500,Transit
14608,HYUNDAI,2017,2.4,Petrol,Automatic,57031,Jeep,8311,Santa FE
14609,BMW,2002,2.5,CNG,Tiptronic,136702,Sedan,12544,325
14610,TOYOTA,2018,2.5,Petrol,Tiptronic,38774,Sedan,51432,Camry
14611,TOYOTA,2012,1.8,Hybrid,Automatic,117439,Sedan,18817,Prius
14612,TOYOTA,2019,2.0,Petrol,Automatic,12408,Jeep,6586,CHR
14613,MERCEDES-BENZ,2011,3.0,Diesel,Automatic,108181,Jeep,7370,R 350
14614,OPEL,2003,1.7,Diesel,Manual,157227,Goods wagon,7213,Combo
14615,HYUNDAI,2009,2.5,Diesel,Automatic,47217,Minivan,17415,H1
14616,HYUNDAI,2013,1.8,Petrol,Automatic,104602,Sedan,23834,Elantra
14617,DAEWOO,2010,1.6,Petrol,Automatic,80778,Sedan,8963,Lacetti
14618,AUDI,2011,3.0,Diesel,Automatic,144502,Sedan,2352,Q7
14619,FORD,2016,3.5,Petrol,Automatic,60273,Minivan,40424,Explorer
14620,SSANGYONG,2011,2.0,Diesel,Automatic,159617,Jeep,12585,Actyon
14621,HYUNDAI,2010,2.5,Diesel,Automatic,218168,Minivan,9888,H1
14622,HYUNDAI,2017,2.0,Petrol,Automatic,52687,Sedan,2587,Elantra
14623,MERCEDES-BENZ,2003,3.2,Petrol,Tiptronic,186411,Coupe,7997,CLK 320
14624,HYUNDAI,2015,1.6,LPG,Automatic,19816,Sedan,18346,Elantra
14625,MERCEDES-BENZ,2000,2.0,CNG,Manual,149129,Universal,6429,C 200
14626,CHEVROLET,2013,2.0,Petrol,Automatic,74036,Sedan,27190,Malibu
14627,BMW,2004,3.0,Diesel,Automatic,121789,Sedan,14113,530
14628,HYUNDAI,2011,2.0,Diesel,Automatic,47219,Jeep,13642,Santa FE
14629,HONDA,2016,2.0,Petrol,Automatic,27908,Sedan,44611,Civic
14630,TOYOTA,1999,2.7,Petrol,Automatic,152236,Jeep,10349,4Runner
14631,MERCEDES-BENZ,2016,1.0,Petrol,Tiptronic,22991,Coupe,29793,Smart
14632,TOYOTA,2013,1.8,Hybrid,Automatic,224591,Sedan,6586,Prius
14633,FORD,2000,2.5,Diesel,Manual,167770,Goods wagon,11290,Transit
14634,TOYOTA,2008,1.5,Hybrid,Tiptronic,95691,Hatchback,13799,Prius
14635,BMW,2003,3.0,CNG,Tiptronic,214373,Jeep,14113,X5
14636,LAND ROVER,1997,2.5,Diesel,Manual,69041,Jeep,7213,Range Rover
14637,HYUNDAI,2010,1.6,Petrol,Automatic,44739,Sedan,10117,Elantra
14638,OPEL,1999,2.0,CNG,Manual,9734,Minivan,5488,Sintra
14639,HYUNDAI,2009,1.6,Petrol,Automatic,36995,Sedan,11102,Elantra
14640,KIA,2017,1.6,Hybrid,Automatic,41898,Jeep,4077,Niro
14641,HYUNDAI,2011,1.8,Petrol,Automatic,50952,Sedan,28523,Elantra
14642,SUBARU,2013,2.0,Petrol,Automatic,65569,Sedan,5645,XV
14643,MERCEDES-BENZ,2012,3.0,Diesel,Automatic,168827,Jeep,26657,ML 350
14644,HYUNDAI,2016,2.0,Diesel,Automatic,90183,Jeep,37291,Tucson
14645,LEXUS,2013,3.5,Petrol,Automatic,102887,Jeep,58332,RX 350
14646,CHEVROLET,2012,1.4,Hybrid,Automatic,100780,Hatchback,4547,Volt
14647,MINI,2018,2.0,Petrol,Tiptronic,2543,Hatchback,51118,Countryman S
14648,HYUNDAI,2014,2.0,Petrol,Tiptronic,69594,Sedan,18503,Sonata
14649,TOYOTA,2016,2.5,Petrol,Automatic,94102,Sedan,13172,Camry
14650,TOYOTA,2011,2.4,Petrol,Tiptronic,68351,Sedan,13485,Camry
14651,BMW,2008,3.0,Petrol,Automatic,93206,Coupe,13485,328
14652,NISSAN,2015,1.6,Petrol,Automatic,54129,Jeep,1411,Juke
14653,TOYOTA,2006,3.0,LPG,Automatic,92584,Minivan,23834,Alphard
14654,MERCEDES-BENZ,2009,3.5,Diesel,Automatic,165323,Sedan,1411,E 350
14655,SUBARU,2019,2.0,Petrol,Automatic,3967,Sedan,7213,Crosstrek
14656,NISSAN,2004,2.0,Petrol,Automatic,136080,Jeep,12231,X-Trail
14657,HYUNDAI,2010,1.6,Petrol,Automatic,123296,Sedan,11274,Elantra
14658,SSANGYONG,2011,2.0,Diesel,Automatic,92270,Jeep,17042,Actyon
14659,HYUNDAI,2011,2.0,Diesel,Automatic,98552,Jeep,18779,Tucson
14660,SUBARU,2000,2.0,Petrol,Manual,103148,Hatchback,6743,Forester
14661,HONDA,2016,2.0,Petrol,Automatic,51040,Sedan,31659,Civic
14662,HYUNDAI,2016,2.0,Diesel,Automatic,29529,Jeep,29144,Tucson
14663,OPEL,1999,1.2,Petrol,Manual,69041,Sedan,5488,Corsa
14664,TOYOTA,2012,2.5,Hybrid,Automatic,99033,Sedan,3136,Camry
14665,HYUNDAI,2011,2.0,LPG,Automatic,53077,Sedan,7056,Sonata
14666,LEXUS,2010,2.5,Petrol,Tiptronic,125268,Sedan,22580,IS 250
14667,HYUNDAI,2017,2.5,Diesel,Automatic,91120,Universal,41811,H1
14668,CHEVROLET,2012,2.0,Diesel,Automatic,97452,Jeep,15125,Orlando
14669,CHEVROLET,2017,1.4,Petrol,Automatic,66883,Sedan,15681,Cruze
14670,HYUNDAI,2014,2.5,Diesel,Automatic,90854,Minivan,30750,H1
14671,DAEWOO,2009,1.6,Petrol,Automatic,52703,Sedan,5645,Lacetti
14672,NISSAN,1997,3.0,CNG,Manual,1336,Sedan,2600,Maxima
14673,TOYOTA,2014,2.5,Hybrid,Tiptronic,108367,Sedan,29793,Camry
14674,HYUNDAI,2017,2.0,Petrol,Automatic,41859,Sedan,56814,Sonata
14675,LEXUS,2008,3.3,Hybrid,Tiptronic,62137,Jeep,18503,RX 400
14676,CHEVROLET,2012,1.6,Petrol,Automatic,81034,Sedan,15423,Cruze
14677,VOLKSWAGEN,2016,1.8,Petrol,Automatic,46603,Sedan,26030,Passat
14678,NISSAN,2003,2.3,Petrol,Automatic,124896,Sedan,5645,Teana
14679,HYUNDAI,2011,2.4,Hybrid,Automatic,139404,Sedan,3450,Sonata
14680,HYUNDAI,2017,1.7,Diesel,Automatic,44733,Jeep,38229,Tucson
14681,FORD,2005,3.0,Petrol,Automatic,105633,Jeep,9722,Escape
14682,SUBARU,2014,2.0,Petrol,Automatic,88366,Sedan,10506,XV
14683,HONDA,2018,1.5,Hybrid,Automatic,11806,Minivan,24000,Fred
14684,KIA,2019,2.0,Petrol,Automatic,14586,Sedan,3607,Avella
14685,BMW,2011,3.0,Petrol,Tiptronic,48467,Jeep,36065,X5
14686,MERCEDES-BENZ,2009,2.2,Diesel,Tiptronic,106876,Universal,17249,E 220
14687,TOYOTA,2013,1.8,Petrol,Automatic,79535,Sedan,21012,Prius
14688,LEXUS,2012,3.5,Hybrid,Variator,60273,Jeep,64290,RX 450 F SPORT
14689,HONDA,2005,2.4,Petrol,Tiptronic,124274,Minivan,7840,Odyssey
14690,HYUNDAI,2012,1.6,Diesel,Automatic,113947,Hatchback,17634,I30
14691,FORD,2016,2.0,Petrol,Tiptronic,18641,Hatchback,19757,Focus Titanium
14692,TOYOTA,2012,2.5,Petrol,Automatic,62137,Sedan,21326,Camry
14693,FIAT,2012,1.4,Petrol,Tiptronic,54681,Sedan,14113,500
14694,MERCEDES-BENZ,2001,2.2,Diesel,Automatic,198839,Sedan,10976,C 220
14695,HYUNDAI,2016,2.4,Petrol,Automatic,99419,Sedan,31797,Grandeur
14696,TOYOTA,2014,2.5,Hybrid,Automatic,111462,Sedan,11133,Camry
14697,BMW,1998,2.5,Petrol,Manual,110604,Sedan,8781,525
14698,MERCEDES-BENZ,2011,3.0,Diesel,Automatic,171413,Jeep,9879,ML 350
14699,JEEP,2015,2.4,Petrol,Automatic,38649,Jeep,42883,Compass
14700,HYUNDAI,2012,1.6,Petrol,Manual,80778,Hatchback,14113,Veloster
14701,VOLKSWAGEN,1999,1.8,Petrol,Manual,114332,Sedan,7213,Passat
14702,HYUNDAI,2015,2.0,Diesel,Automatic,93753,Jeep,28755,Tucson
14703,HYUNDAI,2020,2.0,LPG,Automatic,3296,Sedan,63886,Sonata
14704,BMW,2015,3.0,Diesel,Automatic,124930,Jeep,3607,X5
14705,TOYOTA,2018,2.5,Hybrid,Automatic,79234,Sedan,9722,Camry
14706,TOYOTA,2012,1.5,Hybrid,Automatic,97555,Hatchback,11917,Prius C aqua
14707,TOYOTA,2012,2.5,Petrol,Tiptronic,62324,Sedan,21326,Camry
14708,BMW,2013,2.0,Petrol,Tiptronic,93206,Sedan,25402,328
14709,BMW,1998,2.5,CNG,Manual,131731,Sedan,7213,525
14710,TOYOTA,2017,2.5,Hybrid,Tiptronic,44263,Jeep,61154,RAV 4
14711,TOYOTA,2012,1.5,Hybrid,Variator,165223,Hatchback,13172,Aqua
14712,BMW,2012,2.0,Petrol,Tiptronic,60252,Sedan,24462,528
14713,LEXUS,2016,3.5,Hybrid,Automatic,37194,Jeep,11290,RX 450
14714,SCION,2010,1.8,Petrol,Automatic,126138,Hatchback,14113,xD
14715,MITSUBISHI,1999,1.8,Petrol,Automatic,152236,Jeep,7527,Pajero IO
14716,HONDA,2004,1.3,Petrol,Variator,98798,Hatchback,8300,FIT
14717,HYUNDAI,2018,2.0,Petrol,Automatic,13105,Sedan,7997,Elantra
14718,TOYOTA,2012,1.8,Hybrid,Automatic,161556,Hatchback,13799,Prius
14719,TOYOTA,2015,2.5,Petrol,Automatic,92596,Jeep,28225,RAV 4
14720,MERCEDES-BENZ,2013,2.0,Petrol,Tiptronic,42253,Sedan,36065,CLA 250 AMG
14721,KIA,2015,2.4,Petrol,Automatic,84140,Sedan,2587,Optima
14722,TOYOTA,2011,1.8,Hybrid,Automatic,174978,Sedan,13485,Prius
14723,HYUNDAI,2013,1.8,Petrol,Tiptronic,71458,Sedan,18817,Elantra
14724,TOYOTA,2005,2.0,Petrol,Variator,11495,Minivan,7500,VOXY
14725,TOYOTA,2012,1.5,Hybrid,Automatic,32595,Universal,22075,Aqua
14726,TOYOTA,2012,1.5,Petrol,Automatic,31069,Hatchback,22197,Aqua
14727,TOYOTA,2013,2.5,Petrol,Tiptronic,75434,Jeep,34811,RAV 4
14728,HYUNDAI,2010,2.5,Diesel,Automatic,40818,Jeep,13808,H1
14729,HYUNDAI,2012,2.0,LPG,Automatic,22708,Sedan,8311,Sonata
14730,HYUNDAI,2016,2.0,Diesel,Automatic,75746,Jeep,50037,Santa FE
14731,DAEWOO,2010,1.8,Petrol,Automatic,44415,Sedan,6743,Lacetti
14732,TOYOTA,2007,1.5,Hybrid,Automatic,98257,Sedan,6586,Prius
14733,TOYOTA,2010,2.4,Hybrid,Automatic,80262,Sedan,1176,Camry
14734,TOYOTA,2017,2.5,Petrol,Tiptronic,14559,Jeep,37633,RAV 4
14735,LEXUS,2009,3.5,Petrol,Automatic,82456,Sedan,26017,ES 300
14736,TOYOTA,2013,1.8,Hybrid,Automatic,87369,Sedan,19444,Prius
14737,MITSUBISHI,2004,2.4,CNG,Automatic,86992,Universal,8467,Outlander
14738,VOLKSWAGEN,2013,2.5,Petrol,Manual,50455,Sedan,15681,Jetta
14739,KIA,2014,2.4,Petrol,Automatic,22245,Sedan,19130,Optima ex
14740,OPEL,2007,1.7,Diesel,Manual,146644,Goods wagon,8781,Combo
14741,NISSAN,2003,3.0,Petrol,Tiptronic,136702,Sedan,7840,Skyline
14742,MERCEDES-BENZ,2014,3.5,Diesel,Automatic,136099,Sedan,29793,E 350
14743,MERCEDES-BENZ,2013,3.5,Diesel,Automatic,66984,Sedan,5802,E 350
14744,MERCEDES-BENZ,1999,2.0,CNG,Manual,186411,Coupe,8467,CLK 200
14745,HYUNDAI,2011,2.4,Petrol,Tiptronic,100414,Sedan,15681,Sonata
14746,HYUNDAI,2010,2.0,Diesel,Automatic,72306,Jeep,26108,Tucson
14747,CHEVROLET,2007,2.0,Diesel,Automatic,31850,Jeep,5331,Captiva
